2026-04-03 11:06:26,119 - root - INFO - Registering Custom Widgets
2026-04-03 11:06:26,136 - root - INFO - Registering QCustomQMainWindow
2026-04-03 11:06:26,137 - root - INFO - Registering QAvatarWidget
2026-04-03 11:06:26,139 - root - INFO - Registering QBadgeWidget
2026-04-03 11:06:26,140 - root - INFO - Registering AnalogGaugeWidget
2026-04-03 11:06:26,141 - root - INFO - Registering QCustomThemeList
2026-04-03 11:06:26,142 - root - INFO - Registering QCustomThemeDarkLightToggle
2026-04-03 11:06:26,143 - root - INFO - Registering QCustomCheckBox
2026-04-03 11:06:26,143 - root - INFO - Registering QCustomSidebar
2026-04-03 11:06:26,144 - root - INFO - Registering QCustomHamburgerMenu
2026-04-03 11:06:26,147 - root - INFO - Registering QCustomHorizontalSeparator
2026-04-03 11:06:26,150 - root - INFO - Registering QCustomVerticalSeparator
2026-04-03 11:06:26,151 - root - INFO - Registering QCustomSidebarLabel
2026-04-03 11:06:26,152 - root - INFO - Registering QCustomSidebarButton
2026-04-03 11:06:26,154 - root - INFO - Registering QCustomRoundProgressBar
2026-04-03 11:06:26,155 - root - INFO - Registering QCustomComponent
2026-04-03 11:06:26,156 - root - INFO - Registering QCustomComponentContainer
2026-04-03 11:06:26,157 - root - INFO - Registering QCustomQStackedWidget
2026-04-03 11:06:26,163 - root - INFO - Registering QCustomQProgressBar
2026-04-03 11:06:26,188 - root - INFO - Registering QCustomQRGenerator
2026-04-03 11:06:26,223 - root - INFO - Registering QCustomLineChart
2026-04-03 11:06:26,228 - root - INFO - QCustomLineChart registered successfully
2026-04-03 11:06:26,229 - root - INFO - Registering QCustomBarChart
2026-04-03 11:06:26,230 - root - INFO - QCustomBarChart registered successfully
2026-04-03 11:06:26,230 - root - INFO - Registering QCustomAreaChart
2026-04-03 11:06:26,231 - root - INFO - QCustomAreaChart registered successfully
2026-04-03 11:06:26,231 - root - INFO - Registering QCustomPieChart
2026-04-03 11:06:26,232 - root - INFO - QCustomPieChart registered successfully
2026-04-03 11:06:26,232 - root - INFO - ✓ All chart widgets registered successfully!
2026-04-03 11:06:26,252 - root - DEBUG - Failed to load Product Sans font
2026-04-03 11:06:26,253 - root - DEBUG - Added SASS file to watcher: D:\Vishwa\Qt\25ThemeEngine\Qss\scss\defaultStyle.scss
2026-04-03 11:06:26,253 - root - INFO - SUCCESS: ✅ Live monitoring QSS/SCSS files
2026-04-03 11:06:26,254 - root - INFO -    • defaultStyle.scss
2026-04-03 11:06:26,255 - root - INFO - Should live compile stylesheet?: False
2026-04-03 11:06:26,255 - root - INFO - Should paint Qt Designer UI?: False
2026-04-03 11:06:26,261 - root - INFO - SUCCESS: ✅ Live monitoring QSS/SCSS files
2026-04-03 11:06:26,262 - root - INFO -    • defaultStyle.scss
2026-04-03 11:06:26,262 - root - INFO - QSS file monitor started
2026-04-03 11:06:26,264 - root - INFO - Theme changed detected in QCustomQRGenerator
2026-04-03 11:06:26,265 - root - INFO - Updated fill color from palette: #ffffff
2026-04-03 11:06:26,265 - root - INFO - Updated background color from palette: #1e1e1e
2026-04-03 11:06:26,265 - root - INFO - Updated gradient start color from palette: #0078d4
2026-04-03 11:06:26,266 - root - INFO - Updated gradient end color from palette: #d45c00
2026-04-03 11:06:26,266 - root - INFO - Generating new QR code with fill: #ffffff, background: #1e1e1e
2026-04-03 11:06:26,270 - root - INFO - Using basic styling with fill: #ffffff, background: #1e1e1e
2026-04-03 11:06:26,279 - root - INFO - QR code generated successfully
2026-04-03 11:06:26,281 - root - INFO - Using cached QR code
2026-04-03 11:06:26,285 - root - INFO - Applied App Theme (Dark: True) to chart
2026-04-03 11:06:26,286 - root - INFO - Applied App Theme (Dark: True) to chart
2026-04-03 11:06:26,290 - root - INFO - Applied App Theme (Dark: True) to chart
2026-04-03 11:06:26,291 - root - INFO - Applied App Theme (Dark: True) to chart
2026-04-03 11:06:26,295 - root - INFO - Applied App Theme (Dark: True) to chart
2026-04-03 11:06:26,296 - root - INFO - Applied App Theme (Dark: True) to chart
2026-04-03 11:06:26,301 - root - INFO - Applied App Theme (Dark: True) to chart
2026-04-03 11:06:26,302 - root - INFO - Applied App Theme (Dark: True) to chart
2026-04-03 11:08:13,274 - root - INFO - Registering Custom Widgets
2026-04-03 11:08:13,277 - root - INFO - Registering QCustomQMainWindow
2026-04-03 11:08:13,278 - root - INFO - Registering QAvatarWidget
2026-04-03 11:08:13,279 - root - INFO - Registering QBadgeWidget
2026-04-03 11:08:13,281 - root - INFO - Registering AnalogGaugeWidget
2026-04-03 11:08:13,282 - root - INFO - Registering QCustomThemeList
2026-04-03 11:08:13,283 - root - INFO - Registering QCustomThemeDarkLightToggle
2026-04-03 11:08:13,283 - root - INFO - Registering QCustomCheckBox
2026-04-03 11:08:13,284 - root - INFO - Registering QCustomSidebar
2026-04-03 11:08:13,284 - root - INFO - Registering QCustomHamburgerMenu
2026-04-03 11:08:13,286 - root - INFO - Registering QCustomHorizontalSeparator
2026-04-03 11:08:13,287 - root - INFO - Registering QCustomVerticalSeparator
2026-04-03 11:08:13,287 - root - INFO - Registering QCustomSidebarLabel
2026-04-03 11:08:13,288 - root - INFO - Registering QCustomSidebarButton
2026-04-03 11:08:13,290 - root - INFO - Registering QCustomRoundProgressBar
2026-04-03 11:08:13,291 - root - INFO - Registering QCustomComponent
2026-04-03 11:08:13,292 - root - INFO - Registering QCustomComponentContainer
2026-04-03 11:08:13,294 - root - INFO - Registering QCustomQStackedWidget
2026-04-03 11:08:13,300 - root - INFO - Registering QCustomQProgressBar
2026-04-03 11:08:13,317 - root - INFO - Registering QCustomQRGenerator
2026-04-03 11:08:13,344 - root - INFO - Registering QCustomLineChart
2026-04-03 11:08:13,349 - root - INFO - QCustomLineChart registered successfully
2026-04-03 11:08:13,350 - root - INFO - Registering QCustomBarChart
2026-04-03 11:08:13,351 - root - INFO - QCustomBarChart registered successfully
2026-04-03 11:08:13,351 - root - INFO - Registering QCustomAreaChart
2026-04-03 11:08:13,352 - root - INFO - QCustomAreaChart registered successfully
2026-04-03 11:08:13,352 - root - INFO - Registering QCustomPieChart
2026-04-03 11:08:13,353 - root - INFO - QCustomPieChart registered successfully
2026-04-03 11:08:13,354 - root - INFO - ✓ All chart widgets registered successfully!
2026-04-03 11:08:13,376 - root - DEBUG - Failed to load Product Sans font
2026-04-03 11:08:13,377 - root - DEBUG - Added SASS file to watcher: D:\Vishwa\Qt\25ThemeEngine\Qss\scss\defaultStyle.scss
2026-04-03 11:08:13,378 - root - INFO - SUCCESS: ✅ Live monitoring QSS/SCSS files
2026-04-03 11:08:13,378 - root - INFO -    • defaultStyle.scss
2026-04-03 11:08:13,379 - root - INFO - Should live compile stylesheet?: False
2026-04-03 11:08:13,380 - root - INFO - Should paint Qt Designer UI?: False
2026-04-03 11:08:13,386 - root - INFO - SUCCESS: ✅ Live monitoring QSS/SCSS files
2026-04-03 11:08:13,387 - root - INFO -    • defaultStyle.scss
2026-04-03 11:08:13,387 - root - INFO - QSS file monitor started
2026-04-03 11:08:13,389 - root - INFO - Theme changed detected in QCustomQRGenerator
2026-04-03 11:08:13,389 - root - INFO - Updated fill color from palette: #ffffff
2026-04-03 11:08:13,390 - root - INFO - Updated background color from palette: #1e1e1e
2026-04-03 11:08:13,390 - root - INFO - Updated gradient start color from palette: #0078d4
2026-04-03 11:08:13,390 - root - INFO - Updated gradient end color from palette: #d45c00
2026-04-03 11:08:13,391 - root - INFO - Generating new QR code with fill: #ffffff, background: #1e1e1e
2026-04-03 11:08:13,394 - root - INFO - Using basic styling with fill: #ffffff, background: #1e1e1e
2026-04-03 11:08:13,401 - root - INFO - QR code generated successfully
2026-04-03 11:08:13,402 - root - INFO - Using cached QR code
2026-04-03 11:08:13,406 - root - INFO - Applied App Theme (Dark: True) to chart
2026-04-03 11:08:13,407 - root - INFO - Applied App Theme (Dark: True) to chart
2026-04-03 11:08:13,413 - root - INFO - Applied App Theme (Dark: True) to chart
2026-04-03 11:08:13,414 - root - INFO - Applied App Theme (Dark: True) to chart
2026-04-03 11:08:13,417 - root - INFO - Applied App Theme (Dark: True) to chart
2026-04-03 11:08:13,418 - root - INFO - Applied App Theme (Dark: True) to chart
2026-04-03 11:08:13,423 - root - INFO - Applied App Theme (Dark: True) to chart
2026-04-03 11:08:13,424 - root - INFO - Applied App Theme (Dark: True) to chart
2026-04-03 11:09:30,074 - root - INFO - Theme changed detected in QCustomQRGenerator
2026-04-03 11:09:30,077 - root - INFO - Updated fill color from palette: #ffffff
2026-04-03 11:09:30,078 - root - INFO - Updated background color from palette: #1e1e1e
2026-04-03 11:09:30,079 - root - INFO - Updated gradient start color from palette: #0078d4
2026-04-03 11:09:30,080 - root - INFO - Updated gradient end color from palette: #d45c00
2026-04-03 11:09:30,082 - root - INFO - Generating new QR code with fill: #ffffff, background: #1e1e1e
2026-04-03 11:09:30,088 - root - INFO - Using basic styling with fill: #ffffff, background: #1e1e1e
2026-04-03 11:09:30,091 - root - INFO - QR code generated successfully
2026-04-03 11:09:30,093 - root - INFO - Using cached QR code
2026-04-03 11:09:31,162 - root - INFO - Theme changed detected in QCustomQRGenerator
2026-04-03 11:09:31,163 - root - INFO - Updated fill color from palette: #ffffff
2026-04-03 11:09:31,164 - root - INFO - Updated background color from palette: #1e1e1e
2026-04-03 11:09:31,165 - root - INFO - Updated gradient start color from palette: #0078d4
2026-04-03 11:09:31,167 - root - INFO - Updated gradient end color from palette: #d45c00
2026-04-03 11:09:31,168 - root - INFO - Generating new QR code with fill: #ffffff, background: #1e1e1e
2026-04-03 11:09:31,175 - root - INFO - Using basic styling with fill: #ffffff, background: #1e1e1e
2026-04-03 11:09:31,180 - root - INFO - QR code generated successfully
2026-04-03 11:09:31,181 - root - INFO - Using cached QR code
2026-04-03 11:11:27,248 - root - INFO - SUCCESS: ✅ Live monitoring QSS/SCSS files
2026-04-03 11:11:27,249 - root - INFO -    • defaultStyle.scss
2026-04-03 11:11:27,250 - root - INFO - Should live compile stylesheet?: False
2026-04-03 11:11:27,250 - root - INFO - Should paint Qt Designer UI?: False
2026-04-03 11:17:08,114 - root - INFO - SUCCESS: ✅ Live monitoring QSS/SCSS files
2026-04-03 11:17:08,114 - root - INFO -    • defaultStyle.scss
2026-04-03 11:17:08,115 - root - INFO - QSS file monitor started
2026-04-03 11:17:09,954 - root - INFO - SUCCESS: ✅ Live monitoring QSS/SCSS files
2026-04-03 11:17:09,956 - root - INFO -    • defaultStyle.scss
2026-04-03 11:17:09,957 - root - INFO - QSS file monitor started
2026-04-03 11:21:36,570 - root - INFO - Theme changed detected in QCustomQRGenerator
2026-04-03 11:21:36,573 - root - INFO - Updated fill color from palette: #ffffff
2026-04-03 11:21:36,573 - root - INFO - Updated background color from palette: #1e1e1e
2026-04-03 11:21:36,576 - root - INFO - Updated gradient start color from palette: #0078d4
2026-04-03 11:21:36,576 - root - INFO - Updated gradient end color from palette: #d45c00
2026-04-03 11:21:36,578 - root - INFO - Generating new QR code with fill: #ffffff, background: #1e1e1e
2026-04-03 11:21:36,584 - root - INFO - Using basic styling with fill: #ffffff, background: #1e1e1e
2026-04-03 11:21:36,586 - root - INFO - QR code generated successfully
2026-04-03 11:21:36,587 - root - INFO - Using cached QR code
2026-04-03 11:24:38,622 - root - ERROR - Error updating designer label: libshiboken: Internal C++ object (PySide6.QtWidgets.QLabel) already deleted.
2026-04-03 11:24:38,639 - root - INFO - Created JSON files folder: D:\Vishwa\Qt\generated-files\json
2026-04-03 11:24:41,576 - root - ERROR - Error updating designer label: libshiboken: Internal C++ object (PySide6.QtWidgets.QLabel) already deleted.
2026-04-03 11:25:26,783 - root - ERROR - Error updating designer label: libshiboken: Internal C++ object (PySide6.QtWidgets.QLabel) already deleted.
2026-04-03 11:25:30,604 - root - ERROR - Error updating designer label: libshiboken: Internal C++ object (PySide6.QtWidgets.QLabel) already deleted.
2026-04-03 11:25:31,945 - root - ERROR - Error updating designer label: libshiboken: Internal C++ object (PySide6.QtWidgets.QLabel) already deleted.
2026-04-03 11:25:32,021 - root - ERROR - Error updating designer label: libshiboken: Internal C++ object (PySide6.QtWidgets.QLabel) already deleted.
2026-04-03 11:25:32,999 - root - ERROR - Error updating designer label: libshiboken: Internal C++ object (PySide6.QtWidgets.QLabel) already deleted.
2026-04-03 11:25:42,540 - root - ERROR - Error updating designer label: libshiboken: Internal C++ object (PySide6.QtWidgets.QLabel) already deleted.
2026-04-03 11:25:44,304 - root - ERROR - Error updating designer label: libshiboken: Internal C++ object (PySide6.QtWidgets.QLabel) already deleted.
2026-04-03 11:25:44,397 - root - ERROR - Error updating designer label: libshiboken: Internal C++ object (PySide6.QtWidgets.QLabel) already deleted.
2026-04-03 11:25:46,037 - root - ERROR - Error updating designer label: libshiboken: Internal C++ object (PySide6.QtWidgets.QLabel) already deleted.
2026-04-03 11:25:46,403 - root - ERROR - Error updating designer label: libshiboken: Internal C++ object (PySide6.QtWidgets.QLabel) already deleted.
2026-04-03 11:25:46,634 - root - ERROR - Error updating designer label: libshiboken: Internal C++ object (PySide6.QtWidgets.QLabel) already deleted.
2026-04-03 11:25:47,125 - root - ERROR - Error updating designer label: libshiboken: Internal C++ object (PySide6.QtWidgets.QLabel) already deleted.
2026-04-03 11:25:47,499 - root - ERROR - Error updating designer label: libshiboken: Internal C++ object (PySide6.QtWidgets.QLabel) already deleted.
2026-04-03 11:25:47,680 - root - ERROR - Error updating designer label: libshiboken: Internal C++ object (PySide6.QtWidgets.QLabel) already deleted.
2026-04-03 11:25:48,473 - root - ERROR - Error updating designer label: libshiboken: Internal C++ object (PySide6.QtWidgets.QLabel) already deleted.
2026-04-03 11:25:48,934 - root - ERROR - Error updating designer label: libshiboken: Internal C++ object (PySide6.QtWidgets.QLabel) already deleted.
2026-04-03 11:25:49,037 - root - ERROR - Error updating designer label: libshiboken: Internal C++ object (PySide6.QtWidgets.QLabel) already deleted.
2026-04-03 11:25:49,039 - root - ERROR - Error importing from file D:\Vishwa\Qt\25ThemeEngine\ui\Header.ui: 'NoneType' object has no attribute 'loader'
2026-04-03 11:25:49,041 - root - ERROR - Failed to load the UI class from the specified file.
2026-04-03 11:25:59,452 - root - ERROR - Error updating designer label: libshiboken: Internal C++ object (PySide6.QtWidgets.QLabel) already deleted.
2026-04-03 11:25:59,807 - root - ERROR - Error updating designer label: libshiboken: Internal C++ object (PySide6.QtWidgets.QLabel) already deleted.
2026-04-03 11:26:00,277 - root - ERROR - Error updating designer label: libshiboken: Internal C++ object (PySide6.QtWidgets.QLabel) already deleted.
2026-04-03 11:26:00,926 - root - ERROR - Error updating designer label: libshiboken: Internal C++ object (PySide6.QtWidgets.QLabel) already deleted.
2026-04-03 11:26:01,086 - root - ERROR - Error updating designer label: libshiboken: Internal C++ object (PySide6.QtWidgets.QLabel) already deleted.
2026-04-03 11:26:01,252 - root - ERROR - Error updating designer label: libshiboken: Internal C++ object (PySide6.QtWidgets.QLabel) already deleted.
2026-04-03 11:26:01,671 - root - ERROR - Error updating designer label: libshiboken: Internal C++ object (PySide6.QtWidgets.QLabel) already deleted.
2026-04-03 11:26:01,871 - root - ERROR - Error updating designer label: libshiboken: Internal C++ object (PySide6.QtWidgets.QLabel) already deleted.
2026-04-03 11:26:02,047 - root - ERROR - Error updating designer label: libshiboken: Internal C++ object (PySide6.QtWidgets.QLabel) already deleted.
2026-04-03 11:26:02,839 - root - ERROR - Error updating designer label: libshiboken: Internal C++ object (PySide6.QtWidgets.QLabel) already deleted.
2026-04-03 11:26:04,199 - root - ERROR - Error updating designer label: libshiboken: Internal C++ object (PySide6.QtWidgets.QLabel) already deleted.
2026-04-03 11:26:04,268 - root - ERROR - Error updating designer label: libshiboken: Internal C++ object (PySide6.QtWidgets.QLabel) already deleted.
2026-04-03 11:26:05,477 - root - ERROR - Error updating designer label: libshiboken: Internal C++ object (PySide6.QtWidgets.QLabel) already deleted.
2026-04-03 11:26:08,507 - root - ERROR - Error updating designer label: libshiboken: Internal C++ object (PySide6.QtWidgets.QLabel) already deleted.
2026-04-03 11:26:08,903 - root - ERROR - Error updating designer label: libshiboken: Internal C++ object (PySide6.QtWidgets.QLabel) already deleted.
2026-04-03 11:26:26,936 - root - ERROR - Error updating designer label: libshiboken: Internal C++ object (PySide6.QtWidgets.QLabel) already deleted.
2026-04-03 11:26:27,673 - root - ERROR - Error updating designer label: libshiboken: Internal C++ object (PySide6.QtWidgets.QLabel) already deleted.
2026-04-03 11:26:28,401 - root - ERROR - Error updating designer label: libshiboken: Internal C++ object (PySide6.QtWidgets.QLabel) already deleted.
2026-04-03 11:26:39,935 - root - ERROR - Error updating designer label: libshiboken: Internal C++ object (PySide6.QtWidgets.QLabel) already deleted.
2026-04-03 11:26:41,048 - root - ERROR - Error updating designer label: libshiboken: Internal C++ object (PySide6.QtWidgets.QLabel) already deleted.
2026-04-03 11:26:52,303 - root - ERROR - Error updating designer label: libshiboken: Internal C++ object (PySide6.QtWidgets.QLabel) already deleted.
2026-04-03 11:26:53,824 - root - ERROR - Error updating designer label: libshiboken: Internal C++ object (PySide6.QtWidgets.QLabel) already deleted.
2026-04-03 11:27:01,344 - root - ERROR - Error updating designer label: libshiboken: Internal C++ object (PySide6.QtWidgets.QLabel) already deleted.
2026-04-03 11:39:03,120 - root - ERROR - Error updating designer label: libshiboken: Internal C++ object (PySide6.QtWidgets.QLabel) already deleted.
2026-04-03 11:40:22,647 - root - ERROR - Error updating designer label: libshiboken: Internal C++ object (PySide6.QtWidgets.QLabel) already deleted.
2026-04-03 11:43:35,676 - root - INFO - SUCCESS: ✅ Live monitoring QSS/SCSS files
2026-04-03 11:43:35,677 - root - INFO -    • defaultStyle.scss
2026-04-03 11:43:35,678 - root - INFO - QSS file monitor started
2026-04-03 11:43:37,885 - root - INFO - SUCCESS: ✅ Live monitoring QSS/SCSS files
2026-04-03 11:43:37,887 - root - INFO -    • defaultStyle.scss
2026-04-03 11:43:37,888 - root - INFO - QSS file monitor started
2026-04-03 11:56:01,509 - root - ERROR - Error updating designer label: libshiboken: Internal C++ object (PySide6.QtWidgets.QLabel) already deleted.
2026-04-03 11:56:03,285 - root - ERROR - Error updating designer label: libshiboken: Internal C++ object (PySide6.QtWidgets.QLabel) already deleted.
2026-04-03 11:57:30,604 - root - ERROR - Error updating designer label: libshiboken: Internal C++ object (PySide6.QtWidgets.QLabel) already deleted.
2026-04-03 11:58:06,029 - root - INFO - SUCCESS: ✅ Live monitoring QSS/SCSS files
2026-04-03 11:58:06,030 - root - INFO -    • defaultStyle.scss
2026-04-03 11:58:06,030 - root - INFO - QSS file monitor started
2026-04-03 11:58:07,478 - root - INFO - SUCCESS: ✅ Live monitoring QSS/SCSS files
2026-04-03 11:58:07,479 - root - INFO -    • defaultStyle.scss
2026-04-03 11:58:07,480 - root - INFO - QSS file monitor started
2026-04-03 12:01:12,124 - root - ERROR - Error updating designer label: libshiboken: Internal C++ object (PySide6.QtWidgets.QLabel) already deleted.
2026-04-03 12:01:13,244 - root - ERROR - Error updating designer label: libshiboken: Internal C++ object (PySide6.QtWidgets.QLabel) already deleted.
2026-04-03 12:04:03,654 - root - ERROR - Error updating designer label: libshiboken: Internal C++ object (PySide6.QtWidgets.QLabel) already deleted.
2026-04-03 12:04:05,551 - root - ERROR - Error updating designer label: libshiboken: Internal C++ object (PySide6.QtWidgets.QLabel) already deleted.
2026-04-03 12:09:19,976 - root - ERROR - Error updating designer label: libshiboken: Internal C++ object (PySide6.QtWidgets.QLabel) already deleted.
2026-04-03 12:19:57,186 - root - ERROR - Error updating designer label: libshiboken: Internal C++ object (PySide6.QtWidgets.QLabel) already deleted.
2026-04-03 14:51:37,765 - root - ERROR - Error updating designer label: libshiboken: Internal C++ object (PySide6.QtWidgets.QLabel) already deleted.
2026-04-03 14:51:39,290 - root - ERROR - Error updating designer label: libshiboken: Internal C++ object (PySide6.QtWidgets.QLabel) already deleted.
2026-04-03 15:09:06,846 - root - INFO - Theme changed detected in QCustomQRGenerator
2026-04-03 15:09:06,847 - root - INFO - Updated fill color from palette: #ffffff
2026-04-03 15:09:06,848 - root - INFO - Updated background color from palette: #1e1e1e
2026-04-03 15:09:06,849 - root - INFO - Updated gradient start color from palette: #0078d4
2026-04-03 15:09:06,849 - root - INFO - Updated gradient end color from palette: #d45c00
2026-04-03 15:09:06,849 - root - INFO - Generating new QR code with fill: #ffffff, background: #1e1e1e
2026-04-03 15:09:06,853 - root - INFO - Using basic styling with fill: #ffffff, background: #1e1e1e
2026-04-03 15:09:06,858 - root - INFO - QR code generated successfully
2026-04-03 15:09:06,859 - root - INFO - Using cached QR code
2026-04-03 15:09:13,222 - root - INFO - Theme changed detected in QCustomQRGenerator
2026-04-03 15:09:13,223 - root - INFO - Updated fill color from palette: #ffffff
2026-04-03 15:09:13,223 - root - INFO - Updated background color from palette: #1e1e1e
2026-04-03 15:09:13,224 - root - INFO - Updated gradient start color from palette: #0078d4
2026-04-03 15:09:13,225 - root - INFO - Updated gradient end color from palette: #d45c00
2026-04-03 15:09:13,226 - root - INFO - Generating new QR code with fill: #ffffff, background: #1e1e1e
2026-04-03 15:09:13,232 - root - INFO - Using basic styling with fill: #ffffff, background: #1e1e1e
2026-04-03 15:09:13,235 - root - INFO - QR code generated successfully
2026-04-03 15:09:13,236 - root - INFO - Using cached QR code
2026-04-03 15:32:37,171 - root - ERROR - Error updating designer label: libshiboken: Internal C++ object (PySide6.QtWidgets.QLabel) already deleted.
2026-04-03 15:32:37,194 - root - INFO - Theme changed detected in QCustomQRGenerator
2026-04-03 15:32:37,196 - root - INFO - Updated fill color from palette: #ffffff
2026-04-03 15:32:37,197 - root - INFO - Updated background color from palette: #1e1e1e
2026-04-03 15:32:37,197 - root - INFO - Updated gradient start color from palette: #0078d4
2026-04-03 15:32:37,198 - root - INFO - Updated gradient end color from palette: #d45c00
2026-04-03 15:32:37,199 - root - INFO - Generating new QR code with fill: #ffffff, background: #1e1e1e
2026-04-03 15:32:37,203 - root - INFO - Using basic styling with fill: #ffffff, background: #1e1e1e
2026-04-03 15:32:37,207 - root - INFO - QR code generated successfully
2026-04-03 15:32:37,208 - root - INFO - Using cached QR code
2026-04-03 15:32:40,035 - root - ERROR - Error updating designer label: libshiboken: Internal C++ object (PySide6.QtWidgets.QLabel) already deleted.
2026-04-03 15:32:40,045 - root - INFO - Theme changed detected in QCustomQRGenerator
2026-04-03 15:32:40,046 - root - INFO - Updated fill color from palette: #ffffff
2026-04-03 15:32:40,047 - root - INFO - Updated background color from palette: #1e1e1e
2026-04-03 15:32:40,047 - root - INFO - Updated gradient start color from palette: #0078d4
2026-04-03 15:32:40,048 - root - INFO - Updated gradient end color from palette: #d45c00
2026-04-03 15:32:40,048 - root - INFO - Generating new QR code with fill: #ffffff, background: #1e1e1e
2026-04-03 15:32:40,051 - root - INFO - Using basic styling with fill: #ffffff, background: #1e1e1e
2026-04-03 15:32:40,054 - root - INFO - QR code generated successfully
2026-04-03 15:32:40,054 - root - INFO - Using cached QR code
2026-04-03 15:36:07,263 - root - ERROR - Error updating designer label: libshiboken: Internal C++ object (PySide6.QtWidgets.QLabel) already deleted.
2026-04-03 15:36:07,279 - root - INFO - Theme changed detected in QCustomQRGenerator
2026-04-03 15:36:07,281 - root - INFO - Updated fill color from palette: #ffffff
2026-04-03 15:36:07,282 - root - INFO - Updated background color from palette: #1e1e1e
2026-04-03 15:36:07,283 - root - INFO - Updated gradient start color from palette: #0078d4
2026-04-03 15:36:07,284 - root - INFO - Updated gradient end color from palette: #d45c00
2026-04-03 15:36:07,285 - root - INFO - Generating new QR code with fill: #ffffff, background: #1e1e1e
2026-04-03 15:36:07,288 - root - INFO - Using basic styling with fill: #ffffff, background: #1e1e1e
2026-04-03 15:36:07,290 - root - INFO - QR code generated successfully
2026-04-03 15:36:07,291 - root - INFO - Using cached QR code
2026-04-03 15:39:56,423 - root - INFO - Should live compile stylesheet?: False
2026-04-03 15:39:56,424 - root - INFO - Should paint Qt Designer UI?: False
2026-04-03 15:39:56,540 - root - INFO - Theme changed detected in QCustomQRGenerator
2026-04-03 15:39:56,541 - root - INFO - Updated fill color from palette: #ffffff
2026-04-03 15:39:56,542 - root - INFO - Updated background color from palette: #0d1117
2026-04-03 15:39:56,543 - root - INFO - Updated gradient start color from palette: #030405
2026-04-03 15:39:56,544 - root - INFO - Updated gradient end color from palette: #050403
2026-04-03 15:39:56,545 - root - INFO - Generating new QR code with fill: #ffffff, background: #0d1117
2026-04-03 15:39:56,552 - root - INFO - Using basic styling with fill: #ffffff, background: #0d1117
2026-04-03 15:39:56,557 - root - INFO - QR code generated successfully
2026-04-03 15:39:56,559 - root - INFO - Theme changed detected in QCustomQRGenerator
2026-04-03 15:39:56,559 - root - INFO - Updated fill color from palette: #ffffff
2026-04-03 15:39:56,560 - root - INFO - Updated background color from palette: #0d1117
2026-04-03 15:39:56,561 - root - INFO - Updated gradient start color from palette: #030405
2026-04-03 15:39:56,562 - root - INFO - Updated gradient end color from palette: #050403
2026-04-03 15:39:56,563 - root - INFO - Generating new QR code with fill: #ffffff, background: #0d1117
2026-04-03 15:39:56,570 - root - INFO - Using basic styling with fill: #ffffff, background: #0d1117
2026-04-03 15:39:56,576 - root - INFO - QR code generated successfully
2026-04-03 15:39:56,576 - root - INFO - all icons have been checked and missing icons generated!
2026-04-03 15:47:42,949 - root - INFO - Should live compile stylesheet?: False
2026-04-03 15:47:42,950 - root - INFO - Should paint Qt Designer UI?: False
2026-04-03 15:47:42,977 - root - INFO - Theme changed detected in QCustomQRGenerator
2026-04-03 15:47:42,978 - root - INFO - Updated fill color from palette: #000000
2026-04-03 15:47:42,979 - root - INFO - Updated background color from palette: #ffffff
2026-04-03 15:47:42,979 - root - INFO - Updated gradient start color from palette: #bfbfbf
2026-04-03 15:47:42,979 - root - INFO - Updated gradient end color from palette: #bfbfbf
2026-04-03 15:47:42,980 - root - INFO - Generating new QR code with fill: #000000, background: #ffffff
2026-04-03 15:47:42,983 - root - INFO - Using basic styling with fill: #000000, background: #ffffff
2026-04-03 15:47:42,987 - root - INFO - QR code generated successfully
2026-04-03 15:47:42,987 - root - INFO - Theme changed detected in QCustomQRGenerator
2026-04-03 15:47:42,988 - root - INFO - Updated fill color from palette: #000000
2026-04-03 15:47:42,989 - root - INFO - Updated background color from palette: #ffffff
2026-04-03 15:47:42,989 - root - INFO - Updated gradient start color from palette: #bfbfbf
2026-04-03 15:47:42,989 - root - INFO - Updated gradient end color from palette: #bfbfbf
2026-04-03 15:47:42,990 - root - INFO - Generating new QR code with fill: #000000, background: #ffffff
2026-04-03 15:47:42,993 - root - INFO - Using basic styling with fill: #000000, background: #ffffff
2026-04-03 15:47:42,996 - root - INFO - QR code generated successfully
2026-04-03 15:47:42,997 - root - INFO - all icons have been checked and missing icons generated!
2026-04-03 15:48:12,751 - root - INFO - Should live compile stylesheet?: False
2026-04-03 15:48:12,752 - root - INFO - Should paint Qt Designer UI?: False
2026-04-03 15:48:13,020 - root - INFO - Theme changed detected in QCustomQRGenerator
2026-04-03 15:48:13,020 - root - INFO - Updated fill color from palette: #ffffff
2026-04-03 15:48:13,022 - root - INFO - Updated background color from palette: #0d1117
2026-04-03 15:48:13,022 - root - INFO - Updated gradient start color from palette: #030405
2026-04-03 15:48:13,023 - root - INFO - Updated gradient end color from palette: #050403
2026-04-03 15:48:13,024 - root - INFO - Generating new QR code with fill: #ffffff, background: #0d1117
2026-04-03 15:48:13,031 - root - INFO - Using basic styling with fill: #ffffff, background: #0d1117
2026-04-03 15:48:13,035 - root - INFO - QR code generated successfully
2026-04-03 15:48:13,036 - root - INFO - Theme changed detected in QCustomQRGenerator
2026-04-03 15:48:13,037 - root - INFO - Updated fill color from palette: #ffffff
2026-04-03 15:48:13,037 - root - INFO - Updated background color from palette: #0d1117
2026-04-03 15:48:13,038 - root - INFO - Updated gradient start color from palette: #030405
2026-04-03 15:48:13,039 - root - INFO - Updated gradient end color from palette: #050403
2026-04-03 15:48:13,040 - root - INFO - Generating new QR code with fill: #ffffff, background: #0d1117
2026-04-03 15:48:13,048 - root - INFO - Using basic styling with fill: #ffffff, background: #0d1117
2026-04-03 15:48:13,051 - root - INFO - QR code generated successfully
2026-04-03 15:48:13,053 - root - INFO - all icons have been checked and missing icons generated!
2026-04-03 15:49:23,997 - root - INFO - No change for LiveCompileQss. Value is already True.
2026-04-03 15:49:23,998 - root - INFO - Should live compile stylesheet?: True
2026-04-03 15:49:23,998 - root - INFO - Should paint Qt Designer UI?: False
2026-04-03 15:49:24,000 - root - INFO - JSon stylesheet path: json-styles/style.json
2026-04-03 15:49:55,330 - root - INFO - Should live compile stylesheet?: True
2026-04-03 15:49:55,331 - root - INFO - Should paint Qt Designer UI?: False
2026-04-03 15:49:55,332 - root - INFO - JSon stylesheet path: json-styles/style.json
2026-04-03 15:49:55,334 - root - INFO - Checking icons for Default-theme theme. Icons color: #41cd52
2026-04-03 15:50:29,401 - root - INFO - SUCCESS: ✅ Live monitoring QSS/SCSS files
2026-04-03 15:50:29,402 - root - INFO -    • defaultStyle.scss
2026-04-03 15:50:29,402 - root - INFO - SUCCESS: ✅ Live monitoring QSS/SCSS files
2026-04-03 15:50:29,403 - root - INFO -    • defaultStyle.scss
2026-04-03 15:51:27,715 - root - INFO - Should live compile stylesheet?: True
2026-04-03 15:51:27,718 - root - INFO - Should paint Qt Designer UI?: True
2026-04-03 15:51:27,719 - root - INFO - JSon stylesheet path: json-styles/style.json
2026-04-03 15:51:33,431 - root - INFO - Checking icons for Light theme. Icons color: black
2026-04-03 15:51:38,128 - root - INFO - SUCCESS: ✅ Live monitoring QSS/SCSS files
2026-04-03 15:51:38,129 - root - INFO -    • defaultStyle.scss
2026-04-03 15:51:38,243 - root - INFO - Should live compile stylesheet?: True
2026-04-03 15:51:38,244 - root - INFO - Should paint Qt Designer UI?: False
2026-04-03 15:51:38,245 - root - INFO - JSon stylesheet path: json-styles/style.json
2026-04-03 15:51:58,224 - root - INFO - SUCCESS: ✅ Live monitoring QSS/SCSS files
2026-04-03 15:51:58,225 - root - INFO -    • defaultStyle.scss
2026-04-03 15:52:29,813 - root - INFO - Checking icons for Dark theme. Icons color: white
2026-04-03 15:53:12,285 - root - INFO - Should live compile stylesheet?: True
2026-04-03 15:53:12,288 - root - INFO - Should paint Qt Designer UI?: True
2026-04-03 15:53:12,290 - root - INFO - JSon stylesheet path: json-styles/style.json
2026-04-03 15:53:28,958 - root - INFO - SUCCESS: ✅ Live monitoring QSS/SCSS files
2026-04-03 15:53:28,959 - root - INFO -    • defaultStyle.scss
2026-04-03 15:53:29,327 - root - INFO - Should live compile stylesheet?: True
2026-04-03 15:53:29,328 - root - INFO - Should paint Qt Designer UI?: False
2026-04-03 15:53:29,329 - root - INFO - JSon stylesheet path: json-styles/style.json
2026-04-03 15:53:33,582 - root - INFO - Checking icons for qt designer app.
2026-04-03 15:54:00,471 - root - INFO - SUCCESS: ✅ Live monitoring QSS/SCSS files
2026-04-03 15:54:00,473 - root - INFO -    • defaultStyle.scss
2026-04-03 15:54:21,332 - root - INFO - Should live compile stylesheet?: True
2026-04-03 15:54:21,333 - root - INFO - Should paint Qt Designer UI?: True
2026-04-03 15:54:21,335 - root - INFO - JSon stylesheet path: json-styles/style.json
2026-04-03 15:54:40,464 - root - INFO - SUCCESS: ✅ Live monitoring QSS/SCSS files
2026-04-03 15:54:40,465 - root - INFO -    • defaultStyle.scss
2026-04-03 15:55:06,101 - root - INFO - Theme changed detected in QCustomQRGenerator
2026-04-03 15:55:06,104 - root - INFO - Updated fill color from palette: #1e1e1e
2026-04-03 15:55:06,105 - root - INFO - Updated background color from palette: #ffffff
2026-04-03 15:55:06,105 - root - INFO - Updated gradient start color from palette: #bfbfbf
2026-04-03 15:55:06,106 - root - INFO - Updated gradient end color from palette: #bfbfbf
2026-04-03 15:55:06,106 - root - INFO - Generating new QR code with fill: #1e1e1e, background: #ffffff
2026-04-03 15:55:06,111 - root - INFO - Using basic styling with fill: #1e1e1e, background: #ffffff
2026-04-03 15:55:06,114 - root - INFO - QR code generated successfully
2026-04-03 15:55:06,114 - root - INFO - Theme changed detected in QCustomQRGenerator
2026-04-03 15:55:06,115 - root - INFO - Updated fill color from palette: #1e1e1e
2026-04-03 15:55:06,115 - root - INFO - Updated background color from palette: #ffffff
2026-04-03 15:55:06,116 - root - INFO - Updated gradient start color from palette: #bfbfbf
2026-04-03 15:55:06,116 - root - INFO - Updated gradient end color from palette: #bfbfbf
2026-04-03 15:55:06,116 - root - INFO - Generating new QR code with fill: #1e1e1e, background: #ffffff
2026-04-03 15:55:06,119 - root - INFO - Using basic styling with fill: #1e1e1e, background: #ffffff
2026-04-03 15:55:06,122 - root - INFO - QR code generated successfully
2026-04-03 15:55:06,123 - root - INFO - all icons have been checked and missing icons generated!
2026-04-03 16:01:46,185 - root - INFO - SUCCESS: ✅ Live monitoring QSS/SCSS files
2026-04-03 16:01:46,186 - root - INFO -    • defaultStyle.scss
2026-04-03 16:01:46,186 - root - INFO - QSS file monitor started
2026-04-03 16:01:47,967 - root - INFO - SUCCESS: ✅ Live monitoring QSS/SCSS files
2026-04-03 16:01:47,968 - root - INFO -    • defaultStyle.scss
2026-04-03 16:01:47,969 - root - INFO - QSS file monitor started
2026-04-03 16:49:01,236 - root - ERROR - Component Loader - File not found: D:\Vishwa\Qt\25ThemeEngine\s
2026-04-03 16:49:01,575 - root - ERROR - Component Loader - File not found: D:\Vishwa\Qt\25ThemeEngine\sr
2026-04-03 16:49:01,833 - root - ERROR - Component Loader - File not found: D:\Vishwa\Qt\25ThemeEngine\src
2026-04-03 16:49:02,259 - root - ERROR - Component Loader - File not found: D:\Vishwa\Qt\25ThemeEngine\src
2026-04-03 16:49:06,557 - root - ERROR - Component Loader - File not found: D:\Vishwa\Qt\25ThemeEngine\src\l
2026-04-03 16:49:07,921 - root - ERROR - Component Loader - File not found: D:\Vishwa\Qt\25ThemeEngine\src
2026-04-03 16:49:08,702 - root - ERROR - Component Loader - File not found: D:\Vishwa\Qt\25ThemeEngine\src\l
2026-04-03 16:49:08,872 - root - ERROR - Component Loader - File not found: D:\Vishwa\Qt\25ThemeEngine\src\le
2026-04-03 16:49:09,108 - root - ERROR - Component Loader - File not found: D:\Vishwa\Qt\25ThemeEngine\src\led
2026-04-03 16:49:09,876 - root - ERROR - Component Loader - File not found: D:\Vishwa\Qt\25ThemeEngine\src\le
2026-04-03 16:49:10,052 - root - ERROR - Component Loader - File not found: D:\Vishwa\Qt\25ThemeEngine\src\lef
2026-04-03 16:49:10,231 - root - ERROR - Component Loader - File not found: D:\Vishwa\Qt\25ThemeEngine\src\left
2026-04-03 16:49:10,817 - root - ERROR - Component Loader - File not found: D:\Vishwa\Qt\25ThemeEngine\src\leftS
2026-04-03 16:49:10,988 - root - ERROR - Component Loader - File not found: D:\Vishwa\Qt\25ThemeEngine\src\leftSi
2026-04-03 16:49:11,261 - root - ERROR - Component Loader - File not found: D:\Vishwa\Qt\25ThemeEngine\src\leftSid
2026-04-03 16:49:11,535 - root - ERROR - Component Loader - File not found: D:\Vishwa\Qt\25ThemeEngine\src\leftSide
2026-04-03 16:49:12,203 - root - ERROR - Component Loader - File not found: D:\Vishwa\Qt\25ThemeEngine\src\leftSideb
2026-04-03 16:49:12,384 - root - ERROR - Component Loader - File not found: D:\Vishwa\Qt\25ThemeEngine\src\leftSideba
2026-04-03 16:49:12,600 - root - ERROR - Component Loader - File not found: D:\Vishwa\Qt\25ThemeEngine\src\leftSidebar
2026-04-03 16:49:15,605 - root - ERROR - Component Loader - File not found: D:\Vishwa\Qt\25ThemeEngine\src\leftSidebar.
2026-04-03 16:49:15,856 - root - ERROR - Component Loader - File not found: D:\Vishwa\Qt\25ThemeEngine\src\leftSidebar.p
2026-04-03 16:49:16,254 - root - ERROR - Component Loader - File not found: D:\Vishwa\Qt\25ThemeEngine\src\leftSidebar.py
2026-04-03 16:49:21,856 - root - ERROR - Component Loader - File not found: D:\Vishwa\Qt\25ThemeEngine\src\leftSidebar.py
2026-04-03 16:49:23,507 - root - ERROR - Component Loader - File not found: D:\Vishwa\Qt\25ThemeEngine\src\leftSidebar.py
2026-04-03 16:49:24,109 - root - ERROR - Component Loader - File not found: D:\Vishwa\Qt\25ThemeEngine\src\leftSidebar.py
2026-04-03 16:49:25,379 - root - ERROR - Component Loader - File not found: D:\Vishwa\Qt\25ThemeEngine\src\leftSidebar.py
2026-04-03 16:49:46,060 - root - ERROR - Component Loader - File not found: D:\Vishwa\Qt\25ThemeEngine\src\uleftSidebar.py
2026-04-03 16:49:46,162 - root - ERROR - Component Loader - File not found: D:\Vishwa\Qt\25ThemeEngine\src\uileftSidebar.py
2026-04-03 16:49:50,785 - root - ERROR - Component Loader - File not found: D:\Vishwa\Qt\25ThemeEngine\src\uileftSidebar.py
2026-04-03 16:51:28,323 - root - INFO - SUCCESS: ✅ Live monitoring QSS/SCSS files
2026-04-03 16:51:28,323 - root - INFO -    • defaultStyle.scss
2026-04-03 16:51:28,324 - root - INFO - QSS file monitor started
2026-04-03 16:51:32,092 - root - INFO - SUCCESS: ✅ Live monitoring QSS/SCSS files
2026-04-03 16:51:32,093 - root - INFO -    • defaultStyle.scss
2026-04-03 16:51:32,093 - root - INFO - QSS file monitor started
2026-04-03 16:52:10,425 - root - INFO - SUCCESS: ✅ Live monitoring QSS/SCSS files
2026-04-03 16:52:10,425 - root - INFO -    • defaultStyle.scss
2026-04-03 16:52:10,426 - root - INFO - QSS file monitor started
2026-04-03 16:52:12,673 - root - INFO - SUCCESS: ✅ Live monitoring QSS/SCSS files
2026-04-03 16:52:12,674 - root - INFO -    • defaultStyle.scss
2026-04-03 16:52:12,674 - root - INFO - QSS file monitor started
2026-04-03 16:57:48,257 - root - INFO - SUCCESS: ✅ Live monitoring QSS/SCSS files
2026-04-03 16:57:48,258 - root - INFO -    • defaultStyle.scss
2026-04-03 16:57:48,259 - root - INFO - QSS file monitor started
2026-04-03 16:57:48,269 - root - WARNING - Toggle button 'rightSideDrawerBtn' not found in parent hierarchy.
2026-04-03 17:11:51,504 - root - INFO - SUCCESS: ✅ Live monitoring QSS/SCSS files
2026-04-03 17:11:51,506 - root - INFO -    • defaultStyle.scss
2026-04-03 17:11:51,506 - root - INFO - QSS file monitor started
2026-04-03 17:27:37,148 - root - ERROR - Component Loader - File not found: D:\Vishwa\Qt\25ThemeEngine\s
2026-04-03 17:27:37,487 - root - ERROR - Component Loader - File not found: D:\Vishwa\Qt\25ThemeEngine\sr
2026-04-03 17:27:37,744 - root - ERROR - Component Loader - File not found: D:\Vishwa\Qt\25ThemeEngine\src
2026-04-03 17:27:38,676 - root - ERROR - Component Loader - File not found: D:\Vishwa\Qt\25ThemeEngine\src
2026-04-03 17:27:39,246 - root - ERROR - Component Loader - File not found: D:\Vishwa\Qt\25ThemeEngine\src\u
2026-04-03 17:27:39,295 - root - ERROR - Component Loader - File not found: D:\Vishwa\Qt\25ThemeEngine\src\ui
2026-04-03 17:27:40,700 - root - ERROR - Component Loader - File not found: D:\Vishwa\Qt\25ThemeEngine\src\ui_
2026-04-03 17:27:41,601 - root - ERROR - Component Loader - File not found: D:\Vishwa\Qt\25ThemeEngine\src\ui_r
2026-04-03 17:27:41,860 - root - ERROR - Component Loader - File not found: D:\Vishwa\Qt\25ThemeEngine\src\ui_ri
2026-04-03 17:27:42,142 - root - ERROR - Component Loader - File not found: D:\Vishwa\Qt\25ThemeEngine\src\ui_rig
2026-04-03 17:27:42,296 - root - ERROR - Component Loader - File not found: D:\Vishwa\Qt\25ThemeEngine\src\ui_righ
2026-04-03 17:27:42,432 - root - ERROR - Component Loader - File not found: D:\Vishwa\Qt\25ThemeEngine\src\ui_right
2026-04-03 17:27:43,041 - root - ERROR - Component Loader - File not found: D:\Vishwa\Qt\25ThemeEngine\src\ui_rightS
2026-04-03 17:27:43,300 - root - ERROR - Component Loader - File not found: D:\Vishwa\Qt\25ThemeEngine\src\ui_rightSi
2026-04-03 17:27:43,384 - root - ERROR - Component Loader - File not found: D:\Vishwa\Qt\25ThemeEngine\src\ui_rightSid
2026-04-03 17:27:43,578 - root - ERROR - Component Loader - File not found: D:\Vishwa\Qt\25ThemeEngine\src\ui_rightSide
2026-04-03 17:27:44,034 - root - ERROR - Component Loader - File not found: D:\Vishwa\Qt\25ThemeEngine\src\ui_rightSideb
2026-04-03 17:27:44,144 - root - ERROR - Component Loader - File not found: D:\Vishwa\Qt\25ThemeEngine\src\ui_rightSideba
2026-04-03 17:27:44,327 - root - ERROR - Component Loader - File not found: D:\Vishwa\Qt\25ThemeEngine\src\ui_rightSidebar
2026-04-03 17:27:44,921 - root - ERROR - Component Loader - File not found: D:\Vishwa\Qt\25ThemeEngine\src\ui_rightSidebar.
2026-04-03 17:27:45,178 - root - ERROR - Component Loader - File not found: D:\Vishwa\Qt\25ThemeEngine\src\ui_rightSidebar.p
2026-04-03 17:33:39,685 - root - INFO - SUCCESS: ✅ Live monitoring QSS/SCSS files
2026-04-03 17:33:39,686 - root - INFO -    • defaultStyle.scss
2026-04-03 17:33:39,686 - root - INFO - QSS file monitor started
2026-04-03 17:33:39,697 - root - WARNING - Show button 'leftSideDrawerBtn' not found in parent hierarchy.
2026-04-03 17:33:39,698 - root - WARNING - Hide button 'hideHamburgerBtn' not found in parent hierarchy.
2026-04-03 17:33:39,931 - root - INFO - SUCCESS: ✅ Live monitoring QSS/SCSS files
2026-04-03 17:33:39,932 - root - INFO -    • defaultStyle.scss
2026-04-03 17:33:39,932 - root - INFO - QSS file monitor started
2026-04-03 17:33:39,941 - root - WARNING - Toggle button 'rightSideDrawerBtn' not found in parent hierarchy.
2026-04-03 17:34:50,291 - root - INFO - Updated QMainWindow.customSideDrawers with value: S
2026-04-03 17:34:51,299 - root - INFO - Updated QMainWindow.customSideDrawers with value: 
2026-04-03 17:34:51,535 - root - INFO - Updated QMainWindow.customSideDrawers with value: s
2026-04-03 17:34:51,813 - root - INFO - Updated QMainWindow.customSideDrawers with value: sr
2026-04-03 17:34:52,553 - root - INFO - Updated QMainWindow.customSideDrawers with value: src
2026-04-03 17:34:53,087 - root - INFO - Updated QMainWindow.customSideDrawers with value: src/
2026-04-03 17:34:54,268 - root - INFO - Updated QMainWindow.customSideDrawers with value: src/u
2026-04-03 17:34:54,322 - root - INFO - Updated QMainWindow.customSideDrawers with value: src/ui
2026-04-03 17:34:55,910 - root - INFO - Updated QMainWindow.customSideDrawers with value: src/ui_
2026-04-03 17:34:56,754 - root - INFO - Updated QMainWindow.customSideDrawers with value: src/ui_R
2026-04-03 17:34:57,084 - root - INFO - Updated QMainWindow.customSideDrawers with value: src/ui_Ri
2026-04-03 17:34:57,347 - root - INFO - Updated QMainWindow.customSideDrawers with value: src/ui_Rig
2026-04-03 17:34:57,529 - root - INFO - Updated QMainWindow.customSideDrawers with value: src/ui_Righ
2026-04-03 17:34:57,894 - root - INFO - Updated QMainWindow.customSideDrawers with value: src/ui_Right
2026-04-03 17:34:59,970 - root - INFO - Updated QMainWindow.customSideDrawers with value: src/ui_RightS
2026-04-03 17:35:00,257 - root - INFO - Updated QMainWindow.customSideDrawers with value: src/ui_RightSi
2026-04-03 17:35:00,432 - root - INFO - Updated QMainWindow.customSideDrawers with value: src/ui_RightSid
2026-04-03 17:35:00,664 - root - INFO - Updated QMainWindow.customSideDrawers with value: src/ui_RightSide
2026-04-03 17:35:03,959 - root - INFO - Updated QMainWindow.customSideDrawers with value: src/ui_RightSideD
2026-04-03 17:35:05,020 - root - INFO - Updated QMainWindow.customSideDrawers with value: src/ui_RightSideDr
2026-04-03 17:35:05,198 - root - INFO - Updated QMainWindow.customSideDrawers with value: src/ui_RightSideDra
2026-04-03 17:35:05,763 - root - INFO - Updated QMainWindow.customSideDrawers with value: src/ui_RightSideDraw
2026-04-03 17:35:06,073 - root - INFO - Updated QMainWindow.customSideDrawers with value: src/ui_RightSideDrawe
2026-04-03 17:35:06,253 - root - INFO - Updated QMainWindow.customSideDrawers with value: src/ui_RightSideDrawer
2026-04-03 17:35:06,879 - root - INFO - Updated QMainWindow.customSideDrawers with value: src/ui_RightSideDrawer.
2026-04-03 17:35:07,157 - root - INFO - Updated QMainWindow.customSideDrawers with value: src/ui_RightSideDrawer.p
2026-04-03 17:35:07,489 - root - INFO - Updated QMainWindow.customSideDrawers with value: src/ui_RightSideDrawer.py
2026-04-03 17:35:29,956 - root - INFO - Updated QMainWindow.customSideDrawers with value: src\ui_LeftSideDrawer.py
2026-04-03 17:48:17,068 - root - WARNING - Show button 'leftSideDrawer' not found in parent hierarchy.
2026-04-03 17:48:20,733 - root - WARNING - Show button 'BtnleftSideDrawer' not found in parent hierarchy.
2026-04-03 18:00:23,584 - root - CRITICAL - Unhandled exception occurred:
Traceback (most recent call last):
  File "D:\Vishwa\Qt\25ThemeEngine\1Env\Lib\site-packages\Custom_Widgets\QCustomHamburgerMenu.py", line 429, in showButtonName
    self._showButtonConnected.disconnect()
TypeError: PySide6.QtCore.QObject.disconnect(): not enough arguments. Note: keyword arguments are only supported for optional parameters.

2026-04-03 18:00:24,894 - root - CRITICAL - Unhandled exception occurred:
Traceback (most recent call last):
  File "D:\Vishwa\Qt\25ThemeEngine\1Env\Lib\site-packages\Custom_Widgets\QCustomHamburgerMenu.py", line 429, in showButtonName
    self._showButtonConnected.disconnect()
TypeError: PySide6.QtCore.QObject.disconnect(): not enough arguments. Note: keyword arguments are only supported for optional parameters.

2026-04-03 18:00:36,009 - root - CRITICAL - Unhandled exception occurred:
Traceback (most recent call last):
  File "D:\Vishwa\Qt\25ThemeEngine\1Env\Lib\site-packages\Custom_Widgets\QCustomHamburgerMenu.py", line 429, in showButtonName
    self._showButtonConnected.disconnect()
TypeError: PySide6.QtCore.QObject.disconnect(): not enough arguments. Note: keyword arguments are only supported for optional parameters.

2026-04-03 18:07:48,780 - root - INFO - SUCCESS: ✅ Live monitoring QSS/SCSS files
2026-04-03 18:07:48,781 - root - INFO -    • defaultStyle.scss
2026-04-03 18:07:48,781 - root - INFO - QSS file monitor started
2026-04-03 18:07:50,504 - root - INFO - SUCCESS: ✅ Live monitoring QSS/SCSS files
2026-04-03 18:07:50,505 - root - INFO -    • defaultStyle.scss
2026-04-03 18:07:50,505 - root - INFO - QSS file monitor started
2026-04-03 18:08:47,797 - root - INFO - SUCCESS: ✅ Live monitoring QSS/SCSS files
2026-04-03 18:08:47,798 - root - INFO -    • defaultStyle.scss
2026-04-03 18:08:47,798 - root - INFO - QSS file monitor started
2026-04-03 18:08:49,909 - root - INFO - SUCCESS: ✅ Live monitoring QSS/SCSS files
2026-04-03 18:08:49,910 - root - INFO -    • defaultStyle.scss
2026-04-03 18:08:49,910 - root - INFO - QSS file monitor started
2026-04-03 18:09:59,185 - root - INFO - SUCCESS: ✅ Live monitoring QSS/SCSS files
2026-04-03 18:09:59,186 - root - INFO -    • defaultStyle.scss
2026-04-03 18:09:59,186 - root - INFO - QSS file monitor started
2026-04-03 18:09:59,197 - root - WARNING - Toggle button 'bottomSideDrawerBtn' not found in parent hierarchy.
2026-04-03 18:10:05,398 - root - INFO - SUCCESS: ✅ Live monitoring QSS/SCSS files
2026-04-03 18:10:05,398 - root - INFO -    • defaultStyle.scss
2026-04-03 18:10:05,399 - root - INFO - QSS file monitor started
2026-04-03 18:10:05,409 - root - WARNING - Toggle button 'topSideDrawerBtn' not found in parent hierarchy.
2026-04-03 18:13:36,139 - root - WARNING - Toggle button 'rightSideDrawerBt' not found in parent hierarchy.
2026-04-03 18:13:36,311 - root - WARNING - Toggle button 'rightSideDrawerB' not found in parent hierarchy.
2026-04-03 18:13:36,472 - root - WARNING - Toggle button 'rightSideDrawer' not found in parent hierarchy.
2026-04-03 18:13:38,688 - root - WARNING - Toggle button 'BrightSideDrawer' not found in parent hierarchy.
2026-04-03 18:13:39,126 - root - WARNING - Toggle button 'BtrightSideDrawer' not found in parent hierarchy.
2026-04-03 18:13:39,439 - root - WARNING - Toggle button 'BtnrightSideDrawer' not found in parent hierarchy.
2026-04-03 18:14:22,616 - root - WARNING - Toggle button 'topSideDrawer' not found in parent hierarchy.
2026-04-03 18:14:24,750 - root - WARNING - Toggle button 'BtopSideDrawer' not found in parent hierarchy.
2026-04-03 18:14:25,271 - root - WARNING - Toggle button 'BttopSideDrawer' not found in parent hierarchy.
2026-04-03 18:14:25,418 - root - WARNING - Toggle button 'BtntopSideDrawer' not found in parent hierarchy.
2026-04-03 18:14:26,766 - root - WARNING - Toggle button 'BtnopSideDrawer' not found in parent hierarchy.
2026-04-03 18:14:27,572 - root - WARNING - Toggle button 'BtnTopSideDrawer' not found in parent hierarchy.
2026-04-03 18:14:39,468 - root - WARNING - Toggle button 'bottomSideDrawerBt' not found in parent hierarchy.
2026-04-03 18:14:39,611 - root - WARNING - Toggle button 'bottomSideDrawerB' not found in parent hierarchy.
2026-04-03 18:14:39,757 - root - WARNING - Toggle button 'bottomSideDrawer' not found in parent hierarchy.
2026-04-03 18:14:40,196 - root - WARNING - Toggle button 'bottomSideDrawe' not found in parent hierarchy.
2026-04-03 18:14:41,396 - root - WARNING - Toggle button 'bottomSideDrawer' not found in parent hierarchy.
2026-04-03 18:14:43,452 - root - WARNING - Toggle button 'BbottomSideDrawer' not found in parent hierarchy.
2026-04-03 18:14:44,310 - root - WARNING - Toggle button 'BtbottomSideDrawer' not found in parent hierarchy.
2026-04-03 18:14:44,431 - root - WARNING - Toggle button 'BtnbottomSideDrawer' not found in parent hierarchy.
2026-04-03 18:14:45,788 - root - WARNING - Toggle button 'BtnBottomSideDrawer' not found in parent hierarchy.
2026-04-03 18:18:44,081 - root - INFO - Updated QMainWindow.customSideDrawers with value: src\ui_LeftSideDrawer.py,
2026-04-03 18:18:45,681 - root - INFO - Updated QMainWindow.customSideDrawers with value: src\ui_LeftSideDrawer.py,src\ui_TopSideDrawer.py
2026-04-03 18:27:59,022 - root - INFO - Updated QMainWindow.customSideDrawers with value: src\ui_LeftSideDrawer.py,src\ui_TopSideDrawer.py,
2026-04-03 18:27:59,992 - root - INFO - Updated QMainWindow.customSideDrawers with value: src\ui_LeftSideDrawer.py,src\ui_TopSideDrawer.py,src\ui_BottomSideDrawer.py
2026-04-03 18:28:06,328 - root - INFO - Updated QMainWindow.customSideDrawers with value: src\ui_LeftSideDrawer.py,src\ui_TopSideDrawer.py,src\ui_BottomSideDrawer.py,
2026-04-03 18:28:22,113 - root - INFO - Updated QMainWindow.customSideDrawers with value: src\ui_LeftSideDrawer.py,src\ui_TopSideDrawer.py,src\ui_BottomSideDrawer.py,src\ui_TopSideDrawer.py
2026-04-03 18:31:49,452 - root - CRITICAL - Unhandled exception occurred:
Traceback (most recent call last):
  File "D:\Vishwa\Qt\25ThemeEngine\1Env\Lib\site-packages\Custom_Widgets\QCustomHamburgerMenu.py", line 410, in toggleButtonName
    self._toggleButtonConnected.disconnect()
TypeError: PySide6.QtCore.QObject.disconnect(): not enough arguments. Note: keyword arguments are only supported for optional parameters.

2026-04-03 18:31:52,043 - root - CRITICAL - Unhandled exception occurred:
Traceback (most recent call last):
  File "D:\Vishwa\Qt\25ThemeEngine\1Env\Lib\site-packages\Custom_Widgets\QCustomHamburgerMenu.py", line 410, in toggleButtonName
    self._toggleButtonConnected.disconnect()
TypeError: PySide6.QtCore.QObject.disconnect(): not enough arguments. Note: keyword arguments are only supported for optional parameters.

2026-04-03 18:32:24,699 - root - CRITICAL - Unhandled exception occurred:
Traceback (most recent call last):
  File "D:\Vishwa\Qt\25ThemeEngine\1Env\Lib\site-packages\Custom_Widgets\QCustomHamburgerMenu.py", line 410, in toggleButtonName
    self._toggleButtonConnected.disconnect()
TypeError: PySide6.QtCore.QObject.disconnect(): not enough arguments. Note: keyword arguments are only supported for optional parameters.

2026-04-03 18:32:27,289 - root - CRITICAL - Unhandled exception occurred:
Traceback (most recent call last):
  File "D:\Vishwa\Qt\25ThemeEngine\1Env\Lib\site-packages\Custom_Widgets\QCustomHamburgerMenu.py", line 410, in toggleButtonName
    self._toggleButtonConnected.disconnect()
TypeError: PySide6.QtCore.QObject.disconnect(): not enough arguments. Note: keyword arguments are only supported for optional parameters.

2026-04-03 18:32:27,557 - root - CRITICAL - Unhandled exception occurred:
Traceback (most recent call last):
  File "D:\Vishwa\Qt\25ThemeEngine\1Env\Lib\site-packages\Custom_Widgets\QCustomHamburgerMenu.py", line 410, in toggleButtonName
    self._toggleButtonConnected.disconnect()
TypeError: PySide6.QtCore.QObject.disconnect(): not enough arguments. Note: keyword arguments are only supported for optional parameters.

2026-04-03 18:32:27,768 - root - CRITICAL - Unhandled exception occurred:
Traceback (most recent call last):
  File "D:\Vishwa\Qt\25ThemeEngine\1Env\Lib\site-packages\Custom_Widgets\QCustomHamburgerMenu.py", line 410, in toggleButtonName
    self._toggleButtonConnected.disconnect()
TypeError: PySide6.QtCore.QObject.disconnect(): not enough arguments. Note: keyword arguments are only supported for optional parameters.

2026-04-03 18:32:28,503 - root - CRITICAL - Unhandled exception occurred:
Traceback (most recent call last):
  File "D:\Vishwa\Qt\25ThemeEngine\1Env\Lib\site-packages\Custom_Widgets\QCustomHamburgerMenu.py", line 410, in toggleButtonName
    self._toggleButtonConnected.disconnect()
TypeError: PySide6.QtCore.QObject.disconnect(): not enough arguments. Note: keyword arguments are only supported for optional parameters.

2026-04-03 18:32:29,056 - root - CRITICAL - Unhandled exception occurred:
Traceback (most recent call last):
  File "D:\Vishwa\Qt\25ThemeEngine\1Env\Lib\site-packages\Custom_Widgets\QCustomHamburgerMenu.py", line 410, in toggleButtonName
    self._toggleButtonConnected.disconnect()
TypeError: PySide6.QtCore.QObject.disconnect(): not enough arguments. Note: keyword arguments are only supported for optional parameters.

2026-04-03 18:32:29,380 - root - CRITICAL - Unhandled exception occurred:
Traceback (most recent call last):
  File "D:\Vishwa\Qt\25ThemeEngine\1Env\Lib\site-packages\Custom_Widgets\QCustomHamburgerMenu.py", line 410, in toggleButtonName
    self._toggleButtonConnected.disconnect()
TypeError: PySide6.QtCore.QObject.disconnect(): not enough arguments. Note: keyword arguments are only supported for optional parameters.

2026-04-03 18:32:29,524 - root - CRITICAL - Unhandled exception occurred:
Traceback (most recent call last):
  File "D:\Vishwa\Qt\25ThemeEngine\1Env\Lib\site-packages\Custom_Widgets\QCustomHamburgerMenu.py", line 410, in toggleButtonName
    self._toggleButtonConnected.disconnect()
TypeError: PySide6.QtCore.QObject.disconnect(): not enough arguments. Note: keyword arguments are only supported for optional parameters.

2026-04-03 18:32:29,731 - root - CRITICAL - Unhandled exception occurred:
Traceback (most recent call last):
  File "D:\Vishwa\Qt\25ThemeEngine\1Env\Lib\site-packages\Custom_Widgets\QCustomHamburgerMenu.py", line 410, in toggleButtonName
    self._toggleButtonConnected.disconnect()
TypeError: PySide6.QtCore.QObject.disconnect(): not enough arguments. Note: keyword arguments are only supported for optional parameters.

2026-04-03 18:32:30,100 - root - CRITICAL - Unhandled exception occurred:
Traceback (most recent call last):
  File "D:\Vishwa\Qt\25ThemeEngine\1Env\Lib\site-packages\Custom_Widgets\QCustomHamburgerMenu.py", line 410, in toggleButtonName
    self._toggleButtonConnected.disconnect()
TypeError: PySide6.QtCore.QObject.disconnect(): not enough arguments. Note: keyword arguments are only supported for optional parameters.

2026-04-03 18:32:30,509 - root - CRITICAL - Unhandled exception occurred:
Traceback (most recent call last):
  File "D:\Vishwa\Qt\25ThemeEngine\1Env\Lib\site-packages\Custom_Widgets\QCustomHamburgerMenu.py", line 410, in toggleButtonName
    self._toggleButtonConnected.disconnect()
TypeError: PySide6.QtCore.QObject.disconnect(): not enough arguments. Note: keyword arguments are only supported for optional parameters.

2026-04-03 18:32:30,567 - root - CRITICAL - Unhandled exception occurred:
Traceback (most recent call last):
  File "D:\Vishwa\Qt\25ThemeEngine\1Env\Lib\site-packages\Custom_Widgets\QCustomHamburgerMenu.py", line 410, in toggleButtonName
    self._toggleButtonConnected.disconnect()
TypeError: PySide6.QtCore.QObject.disconnect(): not enough arguments. Note: keyword arguments are only supported for optional parameters.

2026-04-03 18:32:30,691 - root - CRITICAL - Unhandled exception occurred:
Traceback (most recent call last):
  File "D:\Vishwa\Qt\25ThemeEngine\1Env\Lib\site-packages\Custom_Widgets\QCustomHamburgerMenu.py", line 410, in toggleButtonName
    self._toggleButtonConnected.disconnect()
TypeError: PySide6.QtCore.QObject.disconnect(): not enough arguments. Note: keyword arguments are only supported for optional parameters.

2026-04-03 18:32:31,186 - root - CRITICAL - Unhandled exception occurred:
Traceback (most recent call last):
  File "D:\Vishwa\Qt\25ThemeEngine\1Env\Lib\site-packages\Custom_Widgets\QCustomHamburgerMenu.py", line 410, in toggleButtonName
    self._toggleButtonConnected.disconnect()
TypeError: PySide6.QtCore.QObject.disconnect(): not enough arguments. Note: keyword arguments are only supported for optional parameters.

2026-04-03 18:32:31,462 - root - CRITICAL - Unhandled exception occurred:
Traceback (most recent call last):
  File "D:\Vishwa\Qt\25ThemeEngine\1Env\Lib\site-packages\Custom_Widgets\QCustomHamburgerMenu.py", line 410, in toggleButtonName
    self._toggleButtonConnected.disconnect()
TypeError: PySide6.QtCore.QObject.disconnect(): not enough arguments. Note: keyword arguments are only supported for optional parameters.

2026-04-03 18:32:31,638 - root - CRITICAL - Unhandled exception occurred:
Traceback (most recent call last):
  File "D:\Vishwa\Qt\25ThemeEngine\1Env\Lib\site-packages\Custom_Widgets\QCustomHamburgerMenu.py", line 410, in toggleButtonName
    self._toggleButtonConnected.disconnect()
TypeError: PySide6.QtCore.QObject.disconnect(): not enough arguments. Note: keyword arguments are only supported for optional parameters.

2026-04-03 18:32:32,031 - root - CRITICAL - Unhandled exception occurred:
Traceback (most recent call last):
  File "D:\Vishwa\Qt\25ThemeEngine\1Env\Lib\site-packages\Custom_Widgets\QCustomHamburgerMenu.py", line 410, in toggleButtonName
    self._toggleButtonConnected.disconnect()
TypeError: PySide6.QtCore.QObject.disconnect(): not enough arguments. Note: keyword arguments are only supported for optional parameters.

2026-04-03 18:32:32,373 - root - CRITICAL - Unhandled exception occurred:
Traceback (most recent call last):
  File "D:\Vishwa\Qt\25ThemeEngine\1Env\Lib\site-packages\Custom_Widgets\QCustomHamburgerMenu.py", line 410, in toggleButtonName
    self._toggleButtonConnected.disconnect()
TypeError: PySide6.QtCore.QObject.disconnect(): not enough arguments. Note: keyword arguments are only supported for optional parameters.

2026-04-03 18:32:32,448 - root - CRITICAL - Unhandled exception occurred:
Traceback (most recent call last):
  File "D:\Vishwa\Qt\25ThemeEngine\1Env\Lib\site-packages\Custom_Widgets\QCustomHamburgerMenu.py", line 410, in toggleButtonName
    self._toggleButtonConnected.disconnect()
TypeError: PySide6.QtCore.QObject.disconnect(): not enough arguments. Note: keyword arguments are only supported for optional parameters.

2026-04-03 18:36:25,349 - root - CRITICAL - Unhandled exception occurred:
Traceback (most recent call last):
  File "D:\Vishwa\Qt\25ThemeEngine\1Env\Lib\site-packages\Custom_Widgets\QCustomHamburgerMenu.py", line 410, in toggleButtonName
    self._toggleButtonConnected.disconnect()
TypeError: PySide6.QtCore.QObject.disconnect(): not enough arguments. Note: keyword arguments are only supported for optional parameters.

2026-04-03 18:36:32,373 - root - CRITICAL - Unhandled exception occurred:
Traceback (most recent call last):
  File "D:\Vishwa\Qt\25ThemeEngine\1Env\Lib\site-packages\Custom_Widgets\QCustomHamburgerMenu.py", line 410, in toggleButtonName
    self._toggleButtonConnected.disconnect()
TypeError: PySide6.QtCore.QObject.disconnect(): not enough arguments. Note: keyword arguments are only supported for optional parameters.

2026-04-03 18:37:18,976 - root - INFO - Updated QMainWindow.customSideDrawers with value: src\ui_LeftSideDrawer.py,src\ui_TopSideDrawer.py,src\ui_BottomSideDrawer.py,src\ui_RSideDrawer.py
2026-04-03 18:37:19,418 - root - INFO - Updated QMainWindow.customSideDrawers with value: src\ui_LeftSideDrawer.py,src\ui_TopSideDrawer.py,src\ui_BottomSideDrawer.py,src\ui_RiSideDrawer.py
2026-04-03 18:37:19,615 - root - INFO - Updated QMainWindow.customSideDrawers with value: src\ui_LeftSideDrawer.py,src\ui_TopSideDrawer.py,src\ui_BottomSideDrawer.py,src\ui_RigSideDrawer.py
2026-04-03 18:37:19,798 - root - INFO - Updated QMainWindow.customSideDrawers with value: src\ui_LeftSideDrawer.py,src\ui_TopSideDrawer.py,src\ui_BottomSideDrawer.py,src\ui_RighSideDrawer.py
2026-04-03 18:37:19,915 - root - INFO - Updated QMainWindow.customSideDrawers with value: src\ui_LeftSideDrawer.py,src\ui_TopSideDrawer.py,src\ui_BottomSideDrawer.py,src\ui_RightSideDrawer.py
2026-04-06 10:11:13,624 - root - INFO - Registering Custom Widgets
2026-04-06 10:11:13,629 - root - INFO - Registering QCustomQMainWindow
2026-04-06 10:11:13,635 - root - INFO - Registering QAvatarWidget
2026-04-06 10:11:13,640 - root - INFO - Registering QBadgeWidget
2026-04-06 10:11:13,643 - root - INFO - Registering AnalogGaugeWidget
2026-04-06 10:11:13,648 - root - INFO - Registering QCustomThemeList
2026-04-06 10:11:13,652 - root - INFO - Registering QCustomThemeDarkLightToggle
2026-04-06 10:11:13,653 - root - INFO - Registering QCustomCheckBox
2026-04-06 10:11:13,655 - root - INFO - Registering QCustomSidebar
2026-04-06 10:11:13,657 - root - INFO - Registering QCustomHamburgerMenu
2026-04-06 10:11:13,663 - root - INFO - Registering QCustomHorizontalSeparator
2026-04-06 10:11:13,665 - root - INFO - Registering QCustomVerticalSeparator
2026-04-06 10:11:13,667 - root - INFO - Registering QCustomSidebarLabel
2026-04-06 10:11:13,670 - root - INFO - Registering QCustomSidebarButton
2026-04-06 10:11:13,674 - root - INFO - Registering QCustomRoundProgressBar
2026-04-06 10:11:13,680 - root - INFO - Registering QCustomComponent
2026-04-06 10:11:13,683 - root - INFO - Registering QCustomComponentContainer
2026-04-06 10:11:13,688 - root - INFO - Registering QCustomQStackedWidget
2026-04-06 10:11:13,701 - root - INFO - Registering QCustomQProgressBar
2026-04-06 10:11:13,746 - root - INFO - Registering QCustomQRGenerator
2026-04-06 10:11:13,857 - root - INFO - Registering QCustomLineChart
2026-04-06 10:11:13,870 - root - INFO - QCustomLineChart registered successfully
2026-04-06 10:11:13,871 - root - INFO - Registering QCustomBarChart
2026-04-06 10:11:13,873 - root - INFO - QCustomBarChart registered successfully
2026-04-06 10:11:13,873 - root - INFO - Registering QCustomAreaChart
2026-04-06 10:11:13,874 - root - INFO - QCustomAreaChart registered successfully
2026-04-06 10:11:13,875 - root - INFO - Registering QCustomPieChart
2026-04-06 10:11:13,875 - root - INFO - QCustomPieChart registered successfully
2026-04-06 10:11:13,876 - root - INFO - ✓ All chart widgets registered successfully!
2026-04-06 10:11:13,911 - root - DEBUG - Failed to load Product Sans font
2026-04-06 10:11:13,912 - root - DEBUG - Added SASS file to watcher: D:\Vishwa\Qt\25ThemeEngine\Qss\scss\defaultStyle.scss
2026-04-06 10:11:13,913 - root - INFO - SUCCESS: ✅ Live monitoring QSS/SCSS files
2026-04-06 10:11:13,913 - root - INFO -    • defaultStyle.scss
2026-04-06 10:11:13,915 - root - INFO - Should live compile stylesheet?: False
2026-04-06 10:11:13,915 - root - INFO - Should paint Qt Designer UI?: False
2026-04-06 10:11:13,944 - root - INFO - SUCCESS: ✅ Live monitoring QSS/SCSS files
2026-04-06 10:11:13,944 - root - INFO -    • defaultStyle.scss
2026-04-06 10:11:13,945 - root - INFO - QSS file monitor started
2026-04-06 10:11:13,949 - root - INFO - Theme changed detected in QCustomQRGenerator
2026-04-06 10:11:13,950 - root - INFO - Updated fill color from palette: #ffffff
2026-04-06 10:11:13,950 - root - INFO - Updated background color from palette: #1e1e1e
2026-04-06 10:11:13,951 - root - INFO - Updated gradient start color from palette: #0078d4
2026-04-06 10:11:13,951 - root - INFO - Updated gradient end color from palette: #d45c00
2026-04-06 10:11:13,952 - root - INFO - Generating new QR code with fill: #ffffff, background: #1e1e1e
2026-04-06 10:11:13,956 - root - INFO - Using basic styling with fill: #ffffff, background: #1e1e1e
2026-04-06 10:11:13,973 - root - INFO - QR code generated successfully
2026-04-06 10:11:13,975 - root - INFO - Using cached QR code
2026-04-06 10:11:13,985 - root - INFO - Applied App Theme (Dark: True) to chart
2026-04-06 10:11:13,988 - root - INFO - Applied App Theme (Dark: True) to chart
2026-04-06 10:11:13,995 - root - INFO - Applied App Theme (Dark: True) to chart
2026-04-06 10:11:13,996 - root - INFO - Applied App Theme (Dark: True) to chart
2026-04-06 10:11:14,001 - root - INFO - Applied App Theme (Dark: True) to chart
2026-04-06 10:11:14,002 - root - INFO - Applied App Theme (Dark: True) to chart
2026-04-06 10:11:14,009 - root - INFO - Applied App Theme (Dark: True) to chart
2026-04-06 10:11:14,010 - root - INFO - Applied App Theme (Dark: True) to chart
2026-04-06 10:11:14,299 - root - INFO - SUCCESS: ✅ Live monitoring QSS/SCSS files
2026-04-06 10:11:14,301 - root - INFO -    • defaultStyle.scss
2026-04-06 10:11:14,302 - root - INFO - QSS file monitor started
2026-04-06 10:11:22,455 - root - INFO - SUCCESS: ✅ Live monitoring QSS/SCSS files
2026-04-06 10:11:22,456 - root - INFO -    • defaultStyle.scss
2026-04-06 10:11:22,456 - root - INFO - QSS file monitor started
2026-04-06 10:11:22,460 - root - WARNING - Toggle button 'BtnBottomSideDrawer' not found in parent hierarchy.
2026-04-06 10:11:26,149 - root - INFO - SUCCESS: ✅ Live monitoring QSS/SCSS files
2026-04-06 10:11:26,149 - root - INFO -    • defaultStyle.scss
2026-04-06 10:11:26,149 - root - INFO - QSS file monitor started
2026-04-06 10:11:26,177 - root - INFO - SUCCESS: ✅ Live monitoring QSS/SCSS files
2026-04-06 10:11:26,177 - root - INFO -    • defaultStyle.scss
2026-04-06 10:11:26,179 - root - INFO - QSS file monitor started
2026-04-06 10:11:26,198 - root - INFO - SUCCESS: ✅ Live monitoring QSS/SCSS files
2026-04-06 10:11:26,199 - root - INFO -    • defaultStyle.scss
2026-04-06 10:11:26,199 - root - INFO - QSS file monitor started
2026-04-06 10:11:26,270 - root - INFO - SUCCESS: ✅ Live monitoring QSS/SCSS files
2026-04-06 10:11:26,270 - root - INFO -    • defaultStyle.scss
2026-04-06 10:11:26,270 - root - INFO - QSS file monitor started
2026-04-06 10:11:26,273 - root - WARNING - Show button 'BtnLeftSideDrawer' not found in parent hierarchy.
2026-04-06 10:11:26,274 - root - WARNING - Hide button 'hideHamburgerBtn' not found in parent hierarchy.
2026-04-06 10:11:26,335 - root - INFO - SUCCESS: ✅ Live monitoring QSS/SCSS files
2026-04-06 10:11:26,336 - root - INFO -    • defaultStyle.scss
2026-04-06 10:11:26,336 - root - INFO - QSS file monitor started
2026-04-06 10:11:26,375 - root - INFO - Theme changed detected in QCustomQRGenerator
2026-04-06 10:11:26,376 - root - INFO - Updated fill color from palette: #ffffff
2026-04-06 10:11:26,376 - root - INFO - Updated background color from palette: #1e1e1e
2026-04-06 10:11:26,377 - root - INFO - Updated gradient start color from palette: #0078d4
2026-04-06 10:11:26,377 - root - INFO - Updated gradient end color from palette: #d45c00
2026-04-06 10:11:26,378 - root - INFO - Generating new QR code with fill: #ffffff, background: #1e1e1e
2026-04-06 10:11:26,381 - root - INFO - Using basic styling with fill: #ffffff, background: #1e1e1e
2026-04-06 10:11:26,383 - root - INFO - QR code generated successfully
2026-04-06 10:11:26,384 - root - INFO - Using cached QR code
2026-04-06 10:11:26,444 - root - INFO - SUCCESS: ✅ Live monitoring QSS/SCSS files
2026-04-06 10:11:26,445 - root - INFO -    • defaultStyle.scss
2026-04-06 10:11:26,446 - root - INFO - Should live compile stylesheet?: False
2026-04-06 10:11:26,446 - root - INFO - Should paint Qt Designer UI?: False
2026-04-06 10:11:26,962 - root - INFO - Should live compile stylesheet?: False
2026-04-06 10:11:26,963 - root - INFO - Should paint Qt Designer UI?: False
2026-04-06 10:11:26,963 - root - INFO - No change for LiveCompileQss. Value is already True.
2026-04-06 10:11:26,964 - root - INFO - Should live compile stylesheet?: True
2026-04-06 10:11:26,964 - root - INFO - Should paint Qt Designer UI?: False
2026-04-06 10:11:26,964 - root - INFO - JSon stylesheet path: json-styles/style.json
2026-04-06 10:11:28,675 - root - INFO - SUCCESS: ✅ Live monitoring QSS/SCSS files
2026-04-06 10:11:28,675 - root - INFO -    • defaultStyle.scss
2026-04-06 10:11:28,676 - root - INFO - Should live compile stylesheet?: True
2026-04-06 10:11:28,676 - root - INFO - Should paint Qt Designer UI?: True
2026-04-06 10:11:28,677 - root - INFO - JSon stylesheet path: json-styles/style.json
2026-04-06 10:11:29,222 - root - INFO - SUCCESS: ✅ Live monitoring QSS/SCSS files
2026-04-06 10:11:29,223 - root - INFO -    • defaultStyle.scss
2026-04-06 10:11:29,224 - root - INFO - No change for QMainWindow.customSideDrawers. Value is already src\ui_LeftSideDrawer.py,src\ui_TopSideDrawer.py,src\ui_BottomSideDrawer.py,src\ui_RightSideDrawer.py.
2026-04-06 10:11:29,397 - root - INFO - Theme changed detected in QCustomQRGenerator
2026-04-06 10:11:29,398 - root - INFO - Updated fill color from palette: #1e1e1e
2026-04-06 10:11:29,398 - root - INFO - Updated background color from palette: #ffffff
2026-04-06 10:11:29,398 - root - INFO - Updated gradient start color from palette: #bfbfbf
2026-04-06 10:11:29,399 - root - INFO - Updated gradient end color from palette: #bfbfbf
2026-04-06 10:11:29,399 - root - INFO - Generating new QR code with fill: #1e1e1e, background: #ffffff
2026-04-06 10:11:29,403 - root - INFO - Using basic styling with fill: #1e1e1e, background: #ffffff
2026-04-06 10:11:29,405 - root - INFO - QR code generated successfully
2026-04-06 10:11:29,406 - root - INFO - Using cached QR code
2026-04-06 10:11:29,537 - root - INFO - Theme changed detected in QCustomQRGenerator
2026-04-06 10:11:29,538 - root - INFO - Updated fill color from palette: #1e1e1e
2026-04-06 10:11:29,539 - root - INFO - Updated background color from palette: #ffffff
2026-04-06 10:11:29,539 - root - INFO - Updated gradient start color from palette: #bfbfbf
2026-04-06 10:11:29,539 - root - INFO - Updated gradient end color from palette: #bfbfbf
2026-04-06 10:11:29,540 - root - INFO - Generating new QR code with fill: #1e1e1e, background: #ffffff
2026-04-06 10:11:29,543 - root - INFO - Using basic styling with fill: #1e1e1e, background: #ffffff
2026-04-06 10:11:29,546 - root - INFO - QR code generated successfully
2026-04-06 10:11:29,547 - root - INFO - Using cached QR code
2026-04-06 10:11:30,266 - root - INFO - SUCCESS: ✅ Live monitoring QSS/SCSS files
2026-04-06 10:11:30,266 - root - INFO -    • defaultStyle.scss
2026-04-06 10:11:30,267 - root - INFO - QSS file monitor started
2026-04-06 10:11:30,601 - root - INFO - SUCCESS: ✅ Live monitoring QSS/SCSS files
2026-04-06 10:11:30,602 - root - INFO -    • defaultStyle.scss
2026-04-06 10:11:30,602 - root - INFO - QSS file monitor started
2026-04-06 10:11:30,611 - root - WARNING - Toggle button 'BtnRightSideDrawer' not found in parent hierarchy.
2026-04-06 10:11:30,938 - root - INFO - SUCCESS: ✅ Live monitoring QSS/SCSS files
2026-04-06 10:11:30,939 - root - INFO -    • defaultStyle.scss
2026-04-06 10:11:30,939 - root - INFO - QSS file monitor started
2026-04-06 10:11:30,949 - root - WARNING - Toggle button 'BtnTopSideDrawer' not found in parent hierarchy.
2026-04-06 10:11:31,681 - root - INFO - Theme changed detected in QCustomQRGenerator
2026-04-06 10:11:31,682 - root - INFO - Updated fill color from palette: #1e1e1e
2026-04-06 10:11:31,683 - root - INFO - Updated background color from palette: #ffffff
2026-04-06 10:11:31,683 - root - INFO - Updated gradient start color from palette: #bfbfbf
2026-04-06 10:11:31,684 - root - INFO - Updated gradient end color from palette: #bfbfbf
2026-04-06 10:11:31,684 - root - INFO - Generating new QR code with fill: #1e1e1e, background: #ffffff
2026-04-06 10:11:31,688 - root - INFO - Using basic styling with fill: #1e1e1e, background: #ffffff
2026-04-06 10:11:31,691 - root - INFO - QR code generated successfully
2026-04-06 10:11:31,691 - root - INFO - Theme changed detected in QCustomQRGenerator
2026-04-06 10:11:31,692 - root - INFO - Updated fill color from palette: #1e1e1e
2026-04-06 10:11:31,692 - root - INFO - Updated background color from palette: #ffffff
2026-04-06 10:11:31,693 - root - INFO - Updated gradient start color from palette: #bfbfbf
2026-04-06 10:11:31,693 - root - INFO - Updated gradient end color from palette: #bfbfbf
2026-04-06 10:11:31,693 - root - INFO - Using cached QR code
2026-04-06 10:11:31,694 - root - INFO - all icons have been checked and missing icons generated!
2026-04-06 11:53:49,574 - root - ERROR - Component Loader - File not found: D:\Vishwa\Qt\25ThemeEngine
2026-04-06 11:53:52,570 - root - ERROR - Component Loader - File not found: D:\Vishwa\Qt\25ThemeEngine
2026-04-06 11:53:54,215 - root - ERROR - Component Loader - File not found: D:\Vishwa\Qt\25ThemeEngine\s
2026-04-06 11:53:54,547 - root - ERROR - Component Loader - File not found: D:\Vishwa\Qt\25ThemeEngine\sr
2026-04-06 11:53:54,815 - root - ERROR - Component Loader - File not found: D:\Vishwa\Qt\25ThemeEngine\src
2026-04-06 11:53:56,399 - root - ERROR - Component Loader - File not found: D:\Vishwa\Qt\25ThemeEngine\src
2026-04-06 11:54:17,763 - root - ERROR - Component Loader - File not found: D:\Vishwa\Qt\25ThemeEngine\src\L
2026-04-06 11:54:18,030 - root - ERROR - Component Loader - File not found: D:\Vishwa\Qt\25ThemeEngine\src\Le
2026-04-06 11:54:18,317 - root - ERROR - Component Loader - File not found: D:\Vishwa\Qt\25ThemeEngine\src\Lef
2026-04-06 11:54:18,662 - root - ERROR - Component Loader - File not found: D:\Vishwa\Qt\25ThemeEngine\src\Left
2026-04-06 11:54:19,041 - root - ERROR - Component Loader - File not found: D:\Vishwa\Qt\25ThemeEngine\src\LeftS
2026-04-06 11:54:19,309 - root - ERROR - Component Loader - File not found: D:\Vishwa\Qt\25ThemeEngine\src\LeftSi
2026-04-06 11:54:19,438 - root - ERROR - Component Loader - File not found: D:\Vishwa\Qt\25ThemeEngine\src\LeftSid
2026-04-06 11:54:19,645 - root - ERROR - Component Loader - File not found: D:\Vishwa\Qt\25ThemeEngine\src\LeftSide
2026-04-06 11:54:20,217 - root - ERROR - Component Loader - File not found: D:\Vishwa\Qt\25ThemeEngine\src\LeftSide.
2026-04-06 11:54:21,821 - root - ERROR - Component Loader - File not found: D:\Vishwa\Qt\25ThemeEngine\src\LeftSide
2026-04-06 11:54:22,398 - root - ERROR - Component Loader - File not found: D:\Vishwa\Qt\25ThemeEngine\src\LeftSideb
2026-04-06 11:54:22,586 - root - ERROR - Component Loader - File not found: D:\Vishwa\Qt\25ThemeEngine\src\LeftSideba
2026-04-06 11:54:22,821 - root - ERROR - Component Loader - File not found: D:\Vishwa\Qt\25ThemeEngine\src\LeftSidebar
2026-04-06 11:54:23,299 - root - ERROR - Component Loader - File not found: D:\Vishwa\Qt\25ThemeEngine\src\LeftSidebar.
2026-04-06 11:54:23,817 - root - ERROR - Component Loader - File not found: D:\Vishwa\Qt\25ThemeEngine\src\LeftSidebar.u
2026-04-06 11:54:23,913 - root - ERROR - Component Loader - File not found: D:\Vishwa\Qt\25ThemeEngine\src\LeftSidebar.ui
2026-04-06 11:54:37,457 - root - ERROR - Component Loader - File not found: D:\Vishwa\Qt\25ThemeEngine\src\uLeftSidebar.ui
2026-04-06 11:54:37,524 - root - ERROR - Component Loader - File not found: D:\Vishwa\Qt\25ThemeEngine\src\uiLeftSidebar.ui
2026-04-06 11:54:39,022 - root - ERROR - Component Loader - File not found: D:\Vishwa\Qt\25ThemeEngine\src\ui_LeftSidebar.ui
2026-04-06 11:54:41,241 - root - ERROR - Component Loader - File not found: D:\Vishwa\Qt\25ThemeEngine\src\ui_LeftSidebar.u
2026-04-06 11:54:41,394 - root - ERROR - Component Loader - File not found: D:\Vishwa\Qt\25ThemeEngine\src\ui_LeftSidebar.
2026-04-06 11:54:41,617 - root - ERROR - Component Loader - File not found: D:\Vishwa\Qt\25ThemeEngine\src\ui_LeftSidebar.p
2026-04-06 11:54:55,746 - root - ERROR - Component Loader - File not found: D:\Vishwa\Qt\25ThemeEngine
2026-04-06 11:54:57,992 - root - ERROR - Component Loader - File not found: D:\Vishwa\Qt\25ThemeEngine
2026-04-06 11:54:59,964 - root - ERROR - Component Loader - File not found: D:\Vishwa\Qt\25ThemeEngine\,
2026-04-06 11:55:00,944 - root - ERROR - Component Loader - File not found: D:\Vishwa\Qt\25ThemeEngine
2026-04-06 11:55:02,135 - root - ERROR - Component Loader - File not found: D:\Vishwa\Qt\25ThemeEngine
2026-04-06 11:55:08,109 - root - ERROR - Component Loader - File not found: D:\Vishwa\Qt\25ThemeEngine\LeftSidebar.json
2026-04-06 11:55:10,876 - root - ERROR - Component Loader - File not found: D:\Vishwa\Qt\25ThemeEngine\s
2026-04-06 11:55:11,368 - root - ERROR - Component Loader - File not found: D:\Vishwa\Qt\25ThemeEngine\sr
2026-04-06 11:55:11,637 - root - ERROR - Component Loader - File not found: D:\Vishwa\Qt\25ThemeEngine\src
2026-04-06 11:55:12,661 - root - ERROR - Component Loader - File not found: D:\Vishwa\Qt\25ThemeEngine\src
2026-04-06 11:55:13,746 - root - ERROR - Component Loader - File not found: D:\Vishwa\Qt\25ThemeEngine\src\u
2026-04-06 11:55:13,806 - root - ERROR - Component Loader - File not found: D:\Vishwa\Qt\25ThemeEngine\src\ui
2026-04-06 11:55:14,325 - root - ERROR - Component Loader - File not found: D:\Vishwa\Qt\25ThemeEngine\src\ui_
2026-04-06 11:55:14,855 - root - ERROR - Component Loader - File not found: D:\Vishwa\Qt\25ThemeEngine\src\ui_R
2026-04-06 11:55:15,377 - root - ERROR - Component Loader - File not found: D:\Vishwa\Qt\25ThemeEngine\src\ui_Ri
2026-04-06 11:55:15,576 - root - ERROR - Component Loader - File not found: D:\Vishwa\Qt\25ThemeEngine\src\ui_Rig
2026-04-06 11:55:15,787 - root - ERROR - Component Loader - File not found: D:\Vishwa\Qt\25ThemeEngine\src\ui_Righ
2026-04-06 11:55:15,953 - root - ERROR - Component Loader - File not found: D:\Vishwa\Qt\25ThemeEngine\src\ui_Right
2026-04-06 11:55:16,501 - root - ERROR - Component Loader - File not found: D:\Vishwa\Qt\25ThemeEngine\src\ui_RightS
2026-04-06 11:55:16,726 - root - ERROR - Component Loader - File not found: D:\Vishwa\Qt\25ThemeEngine\src\ui_RightSi
2026-04-06 11:55:16,848 - root - ERROR - Component Loader - File not found: D:\Vishwa\Qt\25ThemeEngine\src\ui_RightSid
2026-04-06 11:55:17,044 - root - ERROR - Component Loader - File not found: D:\Vishwa\Qt\25ThemeEngine\src\ui_RightSide
2026-04-06 11:55:17,418 - root - ERROR - Component Loader - File not found: D:\Vishwa\Qt\25ThemeEngine\src\ui_RightSideb
2026-04-06 11:55:17,668 - root - ERROR - Component Loader - File not found: D:\Vishwa\Qt\25ThemeEngine\src\ui_RightSideba
2026-04-06 11:55:17,845 - root - ERROR - Component Loader - File not found: D:\Vishwa\Qt\25ThemeEngine\src\ui_RightSidebar
2026-04-06 11:55:19,254 - root - ERROR - Component Loader - File not found: D:\Vishwa\Qt\25ThemeEngine\src\ui_RightSidebar.
2026-04-06 11:55:24,649 - root - ERROR - Component Loader - File not found: D:\Vishwa\Qt\25ThemeEngine\src\ui_RightSidebar.p
2026-04-06 11:57:51,640 - root - CRITICAL - Button with name 'm' not found.
2026-04-06 11:57:51,782 - root - CRITICAL - Button with name 'me' not found.
2026-04-06 11:57:51,936 - root - CRITICAL - Button with name 'men' not found.
2026-04-06 11:57:52,138 - root - CRITICAL - Button with name 'menu' not found.
2026-04-06 11:57:52,166 - root - CRITICAL - Button with name 'menui' not found.
2026-04-06 11:57:53,344 - root - CRITICAL - Button with name 'menu' not found.
2026-04-06 11:57:54,093 - root - CRITICAL - Button with name 'menuB' not found.
2026-04-06 11:57:54,385 - root - CRITICAL - Button with name 'menuBt' not found.
2026-04-06 14:30:59,214 - root - INFO - 
2026-04-06 14:30:59,236 - root - INFO - 🎨 ==================================================
2026-04-06 14:30:59,239 - root - INFO - 🎨 STYLE FILE CHANGED: defaultStyle.scss
2026-04-06 14:30:59,242 - root - INFO - 🎨 ==================================================
2026-04-06 14:30:59,246 - root - INFO - 🔄 Recompiling styles...
2026-04-06 14:30:59,373 - qtsass.api - ERROR - Failed to compile source code
2026-04-06 14:30:59,384 - root - CRITICAL - Unhandled exception occurred:
Traceback (most recent call last):
  File "D:\Vishwa\Qt\25ThemeEngine\1Env\Lib\site-packages\Custom_Widgets\FileMonitor.py", line 839, in qss_file_changed
    QAppSettings.updateAppSettings(self, generateIcons=False, reloadJson=False)
  File "D:\Vishwa\Qt\25ThemeEngine\1Env\Lib\site-packages\Custom_Widgets\QAppSettings.py", line 64, in updateAppSettings
    themeEngine.applyCompiledSass(generateIcons = generateIcons, paintEntireApp = paintEntireApp)
  File "D:\Vishwa\Qt\25ThemeEngine\1Env\Lib\site-packages\Custom_Widgets\QCustomTheme.py", line 863, in applyCompiledSass
    qtsass.compile_filename(main_sass_path, css_path)
  File "D:\Vishwa\Qt\25ThemeEngine\1Env\Lib\site-packages\qtsass\api.py", line 131, in compile_filename
    css = compile(string, **kwargs)
          ^^^^^^^^^^^^^^^^^^^^^^^^^
  File "D:\Vishwa\Qt\25ThemeEngine\1Env\Lib\site-packages\qtsass\api.py", line 103, in compile
    return qt_conform(sass.compile(**kwargs))
                      ^^^^^^^^^^^^^^^^^^^^^^
  File "D:\Vishwa\Qt\25ThemeEngine\1Env\Lib\site-packages\sass.py", line 725, in compile
    raise CompileError(v)
sass.CompileError: Error: Invalid CSS after "...neargradient(X1": expected expression (e.g. 1px, bold), was ": 0, y1: 0, x2: 1, "
        on line 338:49 of defaultStyle
        from line 5:9 of stdin
>>               background: qlineargradient(X1: 0, y1: 0, x2: 1, y2: 0,, (0 $C
   ------------------------------------------^


2026-04-06 14:31:00,038 - root - INFO - 
2026-04-06 14:31:00,040 - root - INFO - 🎨 ==================================================
2026-04-06 14:31:00,043 - root - INFO - 🎨 STYLE FILE CHANGED: defaultStyle.scss
2026-04-06 14:31:00,044 - root - INFO - 🎨 ==================================================
2026-04-06 14:31:00,046 - root - INFO - 🔄 Recompiling styles...
2026-04-06 14:31:00,134 - qtsass.api - ERROR - Failed to compile source code
2026-04-06 14:31:00,138 - root - CRITICAL - Unhandled exception occurred:
Traceback (most recent call last):
  File "D:\Vishwa\Qt\25ThemeEngine\1Env\Lib\site-packages\Custom_Widgets\FileMonitor.py", line 839, in qss_file_changed
    QAppSettings.updateAppSettings(self, generateIcons=False, reloadJson=False)
  File "D:\Vishwa\Qt\25ThemeEngine\1Env\Lib\site-packages\Custom_Widgets\QAppSettings.py", line 64, in updateAppSettings
    themeEngine.applyCompiledSass(generateIcons = generateIcons, paintEntireApp = paintEntireApp)
  File "D:\Vishwa\Qt\25ThemeEngine\1Env\Lib\site-packages\Custom_Widgets\QCustomTheme.py", line 863, in applyCompiledSass
    qtsass.compile_filename(main_sass_path, css_path)
  File "D:\Vishwa\Qt\25ThemeEngine\1Env\Lib\site-packages\qtsass\api.py", line 131, in compile_filename
    css = compile(string, **kwargs)
          ^^^^^^^^^^^^^^^^^^^^^^^^^
  File "D:\Vishwa\Qt\25ThemeEngine\1Env\Lib\site-packages\qtsass\api.py", line 103, in compile
    return qt_conform(sass.compile(**kwargs))
                      ^^^^^^^^^^^^^^^^^^^^^^
  File "D:\Vishwa\Qt\25ThemeEngine\1Env\Lib\site-packages\sass.py", line 725, in compile
    raise CompileError(v)
sass.CompileError: Error: Invalid CSS after "...neargradient(X1": expected expression (e.g. 1px, bold), was ": 0, y1: 0, x2: 1, "
        on line 338:49 of defaultStyle
        from line 5:9 of stdin
>>               background: qlineargradient(X1: 0, y1: 0, x2: 1, y2: 0,, (0 $C
   ------------------------------------------^


2026-04-06 14:33:28,807 - root - INFO - 
2026-04-06 14:33:28,809 - root - INFO - 🎨 ==================================================
2026-04-06 14:33:28,812 - root - INFO - 🎨 STYLE FILE CHANGED: defaultStyle.scss
2026-04-06 14:33:28,814 - root - INFO - 🎨 ==================================================
2026-04-06 14:33:28,817 - root - INFO - 🔄 Recompiling styles...
2026-04-06 14:33:28,947 - qtsass.api - ERROR - Failed to compile source code
2026-04-06 14:33:28,949 - root - CRITICAL - Unhandled exception occurred:
Traceback (most recent call last):
  File "D:\Vishwa\Qt\25ThemeEngine\1Env\Lib\site-packages\Custom_Widgets\FileMonitor.py", line 839, in qss_file_changed
    QAppSettings.updateAppSettings(self, generateIcons=False, reloadJson=False)
  File "D:\Vishwa\Qt\25ThemeEngine\1Env\Lib\site-packages\Custom_Widgets\QAppSettings.py", line 64, in updateAppSettings
    themeEngine.applyCompiledSass(generateIcons = generateIcons, paintEntireApp = paintEntireApp)
  File "D:\Vishwa\Qt\25ThemeEngine\1Env\Lib\site-packages\Custom_Widgets\QCustomTheme.py", line 863, in applyCompiledSass
    qtsass.compile_filename(main_sass_path, css_path)
  File "D:\Vishwa\Qt\25ThemeEngine\1Env\Lib\site-packages\qtsass\api.py", line 131, in compile_filename
    css = compile(string, **kwargs)
          ^^^^^^^^^^^^^^^^^^^^^^^^^
  File "D:\Vishwa\Qt\25ThemeEngine\1Env\Lib\site-packages\qtsass\api.py", line 103, in compile
    return qt_conform(sass.compile(**kwargs))
                      ^^^^^^^^^^^^^^^^^^^^^^
  File "D:\Vishwa\Qt\25ThemeEngine\1Env\Lib\site-packages\sass.py", line 725, in compile
    raise CompileError(v)
sass.CompileError: Error: Undefined variable: "$SPACING-MD".
        on line 25:26 of defaultStyle
        from line 5:9 of stdin
>>                 padding: $SPACING_MD;

   -------------------------^


2026-04-06 14:33:29,656 - root - INFO - 
2026-04-06 14:33:29,659 - root - INFO - 🎨 ==================================================
2026-04-06 14:33:29,660 - root - INFO - 🎨 STYLE FILE CHANGED: defaultStyle.scss
2026-04-06 14:33:29,662 - root - INFO - 🎨 ==================================================
2026-04-06 14:33:29,663 - root - INFO - 🔄 Recompiling styles...
2026-04-06 14:33:29,782 - qtsass.api - ERROR - Failed to compile source code
2026-04-06 14:33:29,784 - root - CRITICAL - Unhandled exception occurred:
Traceback (most recent call last):
  File "D:\Vishwa\Qt\25ThemeEngine\1Env\Lib\site-packages\Custom_Widgets\FileMonitor.py", line 839, in qss_file_changed
    QAppSettings.updateAppSettings(self, generateIcons=False, reloadJson=False)
  File "D:\Vishwa\Qt\25ThemeEngine\1Env\Lib\site-packages\Custom_Widgets\QAppSettings.py", line 64, in updateAppSettings
    themeEngine.applyCompiledSass(generateIcons = generateIcons, paintEntireApp = paintEntireApp)
  File "D:\Vishwa\Qt\25ThemeEngine\1Env\Lib\site-packages\Custom_Widgets\QCustomTheme.py", line 863, in applyCompiledSass
    qtsass.compile_filename(main_sass_path, css_path)
  File "D:\Vishwa\Qt\25ThemeEngine\1Env\Lib\site-packages\qtsass\api.py", line 131, in compile_filename
    css = compile(string, **kwargs)
          ^^^^^^^^^^^^^^^^^^^^^^^^^
  File "D:\Vishwa\Qt\25ThemeEngine\1Env\Lib\site-packages\qtsass\api.py", line 103, in compile
    return qt_conform(sass.compile(**kwargs))
                      ^^^^^^^^^^^^^^^^^^^^^^
  File "D:\Vishwa\Qt\25ThemeEngine\1Env\Lib\site-packages\sass.py", line 725, in compile
    raise CompileError(v)
sass.CompileError: Error: Undefined variable: "$SPACING-MD".
        on line 25:26 of defaultStyle
        from line 5:9 of stdin
>>                 padding: $SPACING_MD;

   -------------------------^


2026-04-06 14:33:41,898 - root - INFO - 
2026-04-06 14:33:41,899 - root - INFO - 🎨 ==================================================
2026-04-06 14:33:41,901 - root - INFO - 🎨 STYLE FILE CHANGED: defaultStyle.scss
2026-04-06 14:33:41,903 - root - INFO - 🎨 ==================================================
2026-04-06 14:33:41,904 - root - INFO - 🔄 Recompiling styles...
2026-04-06 14:33:42,018 - qtsass.api - ERROR - Failed to compile source code
2026-04-06 14:33:42,019 - root - CRITICAL - Unhandled exception occurred:
Traceback (most recent call last):
  File "D:\Vishwa\Qt\25ThemeEngine\1Env\Lib\site-packages\Custom_Widgets\FileMonitor.py", line 839, in qss_file_changed
    QAppSettings.updateAppSettings(self, generateIcons=False, reloadJson=False)
  File "D:\Vishwa\Qt\25ThemeEngine\1Env\Lib\site-packages\Custom_Widgets\QAppSettings.py", line 64, in updateAppSettings
    themeEngine.applyCompiledSass(generateIcons = generateIcons, paintEntireApp = paintEntireApp)
  File "D:\Vishwa\Qt\25ThemeEngine\1Env\Lib\site-packages\Custom_Widgets\QCustomTheme.py", line 863, in applyCompiledSass
    qtsass.compile_filename(main_sass_path, css_path)
  File "D:\Vishwa\Qt\25ThemeEngine\1Env\Lib\site-packages\qtsass\api.py", line 131, in compile_filename
    css = compile(string, **kwargs)
          ^^^^^^^^^^^^^^^^^^^^^^^^^
  File "D:\Vishwa\Qt\25ThemeEngine\1Env\Lib\site-packages\qtsass\api.py", line 103, in compile
    return qt_conform(sass.compile(**kwargs))
                      ^^^^^^^^^^^^^^^^^^^^^^
  File "D:\Vishwa\Qt\25ThemeEngine\1Env\Lib\site-packages\sass.py", line 725, in compile
    raise CompileError(v)
sass.CompileError: Error: Undefined variable: "$SPACING-MD".
        on line 25:26 of defaultStyle
        from line 5:9 of stdin
>>                 padding: $SPACING_MD;

   -------------------------^


2026-04-06 14:35:55,928 - qtsass.api - ERROR - Failed to compile source code
2026-04-06 14:35:55,929 - root - CRITICAL - Unhandled exception occurred:
Traceback (most recent call last):
  File "D:\Vishwa\Qt\25ThemeEngine\1Env\Lib\site-packages\Custom_Widgets\QCustomQMainWindow.py", line 497, in paintEvent
    self.themeEngine.theme = self._app_theme
    ^^^^^^^^^^^^^^^^^^^^^^
  File "D:\Vishwa\Qt\25ThemeEngine\1Env\Lib\site-packages\Custom_Widgets\QCustomTheme.py", line 197, in theme
    self.setTheme(value)
  File "D:\Vishwa\Qt\25ThemeEngine\1Env\Lib\site-packages\Custom_Widgets\QCustomTheme.py", line 207, in setTheme
    self.applyCompiledSass()
  File "D:\Vishwa\Qt\25ThemeEngine\1Env\Lib\site-packages\Custom_Widgets\QCustomTheme.py", line 863, in applyCompiledSass
    qtsass.compile_filename(main_sass_path, css_path)
  File "D:\Vishwa\Qt\25ThemeEngine\1Env\Lib\site-packages\qtsass\api.py", line 131, in compile_filename
    css = compile(string, **kwargs)
          ^^^^^^^^^^^^^^^^^^^^^^^^^
  File "D:\Vishwa\Qt\25ThemeEngine\1Env\Lib\site-packages\qtsass\api.py", line 103, in compile
    return qt_conform(sass.compile(**kwargs))
                      ^^^^^^^^^^^^^^^^^^^^^^
  File "D:\Vishwa\Qt\25ThemeEngine\1Env\Lib\site-packages\sass.py", line 725, in compile
    raise CompileError(v)
sass.CompileError: Error: Undefined variable: "$SPACING-MD".
        on line 25:26 of defaultStyle
        from line 5:9 of stdin
>>                 padding: $SPACING_MD;

   -------------------------^


2026-04-06 14:36:10,647 - qtsass.api - ERROR - Failed to compile source code
2026-04-06 14:36:10,648 - root - CRITICAL - Unhandled exception occurred:
Traceback (most recent call last):
  File "D:\Vishwa\Qt\25ThemeEngine\1Env\Lib\site-packages\Custom_Widgets\QCustomQMainWindow.py", line 99, in appTheme
    self.themeEngine.setTheme(value)
  File "D:\Vishwa\Qt\25ThemeEngine\1Env\Lib\site-packages\Custom_Widgets\QCustomTheme.py", line 207, in setTheme
    self.applyCompiledSass()
  File "D:\Vishwa\Qt\25ThemeEngine\1Env\Lib\site-packages\Custom_Widgets\QCustomTheme.py", line 863, in applyCompiledSass
    qtsass.compile_filename(main_sass_path, css_path)
  File "D:\Vishwa\Qt\25ThemeEngine\1Env\Lib\site-packages\qtsass\api.py", line 131, in compile_filename
    css = compile(string, **kwargs)
          ^^^^^^^^^^^^^^^^^^^^^^^^^
  File "D:\Vishwa\Qt\25ThemeEngine\1Env\Lib\site-packages\qtsass\api.py", line 103, in compile
    return qt_conform(sass.compile(**kwargs))
                      ^^^^^^^^^^^^^^^^^^^^^^
  File "D:\Vishwa\Qt\25ThemeEngine\1Env\Lib\site-packages\sass.py", line 725, in compile
    raise CompileError(v)
sass.CompileError: Error: Undefined variable: "$SPACING-MD".
        on line 25:26 of defaultStyle
        from line 5:9 of stdin
>>                 padding: $SPACING_MD;

   -------------------------^


2026-04-06 14:36:23,732 - qtsass.api - ERROR - Failed to compile source code
2026-04-06 14:36:23,734 - root - CRITICAL - Unhandled exception occurred:
Traceback (most recent call last):
  File "D:\Vishwa\Qt\25ThemeEngine\1Env\Lib\site-packages\Custom_Widgets\QCustomQMainWindow.py", line 99, in appTheme
    self.themeEngine.setTheme(value)
  File "D:\Vishwa\Qt\25ThemeEngine\1Env\Lib\site-packages\Custom_Widgets\QCustomTheme.py", line 207, in setTheme
    self.applyCompiledSass()
  File "D:\Vishwa\Qt\25ThemeEngine\1Env\Lib\site-packages\Custom_Widgets\QCustomTheme.py", line 863, in applyCompiledSass
    qtsass.compile_filename(main_sass_path, css_path)
  File "D:\Vishwa\Qt\25ThemeEngine\1Env\Lib\site-packages\qtsass\api.py", line 131, in compile_filename
    css = compile(string, **kwargs)
          ^^^^^^^^^^^^^^^^^^^^^^^^^
  File "D:\Vishwa\Qt\25ThemeEngine\1Env\Lib\site-packages\qtsass\api.py", line 103, in compile
    return qt_conform(sass.compile(**kwargs))
                      ^^^^^^^^^^^^^^^^^^^^^^
  File "D:\Vishwa\Qt\25ThemeEngine\1Env\Lib\site-packages\sass.py", line 725, in compile
    raise CompileError(v)
sass.CompileError: Error: Undefined variable: "$SPACING-MD".
        on line 25:26 of defaultStyle
        from line 5:9 of stdin
>>                 padding: $SPACING_MD;

   -------------------------^


2026-04-06 14:36:55,213 - root - INFO - Registering Custom Widgets
2026-04-06 14:36:55,217 - root - INFO - Registering QCustomQMainWindow
2026-04-06 14:36:55,220 - root - INFO - Registering QAvatarWidget
2026-04-06 14:36:55,222 - root - INFO - Registering QBadgeWidget
2026-04-06 14:36:55,225 - root - INFO - Registering AnalogGaugeWidget
2026-04-06 14:36:55,229 - root - INFO - Registering QCustomThemeList
2026-04-06 14:36:55,235 - root - INFO - Registering QCustomThemeDarkLightToggle
2026-04-06 14:36:55,238 - root - INFO - Registering QCustomCheckBox
2026-04-06 14:36:55,240 - root - INFO - Registering QCustomSidebar
2026-04-06 14:36:55,241 - root - INFO - Registering QCustomHamburgerMenu
2026-04-06 14:36:55,244 - root - INFO - Registering QCustomHorizontalSeparator
2026-04-06 14:36:55,247 - root - INFO - Registering QCustomVerticalSeparator
2026-04-06 14:36:55,249 - root - INFO - Registering QCustomSidebarLabel
2026-04-06 14:36:55,250 - root - INFO - Registering QCustomSidebarButton
2026-04-06 14:36:55,253 - root - INFO - Registering QCustomRoundProgressBar
2026-04-06 14:36:55,256 - root - INFO - Registering QCustomComponent
2026-04-06 14:36:55,258 - root - INFO - Registering QCustomComponentContainer
2026-04-06 14:36:55,260 - root - INFO - Registering QCustomQStackedWidget
2026-04-06 14:36:55,269 - root - INFO - Registering QCustomQProgressBar
2026-04-06 14:36:55,293 - root - INFO - Registering QCustomQRGenerator
2026-04-06 14:36:55,344 - root - INFO - Registering QCustomLineChart
2026-04-06 14:36:55,350 - root - INFO - QCustomLineChart registered successfully
2026-04-06 14:36:55,352 - root - INFO - Registering QCustomBarChart
2026-04-06 14:36:55,354 - root - INFO - QCustomBarChart registered successfully
2026-04-06 14:36:55,355 - root - INFO - Registering QCustomAreaChart
2026-04-06 14:36:55,358 - root - INFO - QCustomAreaChart registered successfully
2026-04-06 14:36:55,360 - root - INFO - Registering QCustomPieChart
2026-04-06 14:36:55,363 - root - INFO - QCustomPieChart registered successfully
2026-04-06 14:36:55,365 - root - INFO - ✓ All chart widgets registered successfully!
2026-04-06 14:36:55,456 - root - DEBUG - Failed to load Product Sans font
2026-04-06 14:36:55,458 - root - DEBUG - Added SASS file to watcher: D:\Vishwa\Qt\25ThemeEngine\Qss\scss\defaultStyle.scss
2026-04-06 14:36:55,460 - root - INFO - SUCCESS: ✅ Live monitoring QSS/SCSS files
2026-04-06 14:36:55,461 - root - INFO -    • defaultStyle.scss
2026-04-06 14:36:55,463 - root - INFO - Copied variable 'FOOTER_BG' from theme 'QT-Light-theme' to theme 'Light'
2026-04-06 14:36:55,463 - root - INFO - Copied variable 'HOVER_GLOW' from theme 'QT-Light-theme' to theme 'Light'
2026-04-06 14:36:55,464 - root - INFO - Copied variable 'Pressed-color' from theme 'QT-Light-theme' to theme 'Light'
2026-04-06 14:36:55,464 - root - INFO - Copied variable 'BORDER_COLOR' from theme 'QT-Light-theme' to theme 'Light'
2026-04-06 14:36:55,465 - root - INFO - Copied variable 'NAV_BG' from theme 'QT-Light-theme' to theme 'Light'
2026-04-06 14:36:55,465 - root - INFO - Copied variable 'CARD_BG' from theme 'QT-Light-theme' to theme 'Light'
2026-04-06 14:36:55,465 - root - INFO - Copied variable 'CARD_RADIUS' from theme 'QT-Light-theme' to theme 'Light'
2026-04-06 14:36:55,466 - root - INFO - Copied variable 'SPACING_LG' from theme 'QT-Light-theme' to theme 'Light'
2026-04-06 14:36:55,466 - root - INFO - Copied variable 'Hover-color' from theme 'QT-Light-theme' to theme 'Light'
2026-04-06 14:36:55,467 - root - INFO - Copied variable 'Disabled-color' from theme 'QT-Light-theme' to theme 'Light'
2026-04-06 14:36:55,467 - root - INFO - Copied variable 'SPACING_MD' from theme 'QT-Light-theme' to theme 'Light'
2026-04-06 14:36:55,468 - root - INFO - Copied variable 'GRADIENT' from theme 'QT-Light-theme' to theme 'Light'
2026-04-06 14:36:55,469 - root - INFO - Copied variable 'SPACING_SM' from theme 'QT-Light-theme' to theme 'Light'
2026-04-06 14:36:55,469 - root - INFO - Copied variable 'FOOTER_BG' from theme 'Light' to theme 'Dark'
2026-04-06 14:36:55,470 - root - INFO - Copied variable 'HOVER_GLOW' from theme 'Light' to theme 'Dark'
2026-04-06 14:36:55,470 - root - INFO - Copied variable 'Pressed-color' from theme 'Light' to theme 'Dark'
2026-04-06 14:36:55,471 - root - INFO - Copied variable 'BORDER_COLOR' from theme 'Light' to theme 'Dark'
2026-04-06 14:36:55,471 - root - INFO - Copied variable 'NAV_BG' from theme 'Light' to theme 'Dark'
2026-04-06 14:36:55,472 - root - INFO - Copied variable 'CARD_BG' from theme 'Light' to theme 'Dark'
2026-04-06 14:36:55,472 - root - INFO - Copied variable 'CARD_RADIUS' from theme 'Light' to theme 'Dark'
2026-04-06 14:36:55,473 - root - INFO - Copied variable 'SPACING_LG' from theme 'Light' to theme 'Dark'
2026-04-06 14:36:55,473 - root - INFO - Copied variable 'Hover-color' from theme 'Light' to theme 'Dark'
2026-04-06 14:36:55,474 - root - INFO - Copied variable 'Disabled-color' from theme 'Light' to theme 'Dark'
2026-04-06 14:36:55,475 - root - INFO - Copied variable 'SPACING_MD' from theme 'Light' to theme 'Dark'
2026-04-06 14:36:55,475 - root - INFO - Copied variable 'GRADIENT' from theme 'Light' to theme 'Dark'
2026-04-06 14:36:55,476 - root - INFO - Copied variable 'SPACING_SM' from theme 'Light' to theme 'Dark'
2026-04-06 14:36:55,476 - root - INFO - Copied variable 'Disabled-color' from theme 'Light' to theme 'QT-Dark-theme'
2026-04-06 14:36:55,477 - root - INFO - Copied variable 'Pressed-color' from theme 'Light' to theme 'QT-Dark-theme'
2026-04-06 14:36:55,477 - root - INFO - Copied variable 'Hover-color' from theme 'Light' to theme 'QT-Dark-theme'
2026-04-06 14:36:55,478 - root - INFO - Should live compile stylesheet?: False
2026-04-06 14:36:55,478 - root - INFO - Should paint Qt Designer UI?: False
2026-04-06 14:36:55,487 - root - INFO - SUCCESS: ✅ Live monitoring QSS/SCSS files
2026-04-06 14:36:55,488 - root - INFO -    • defaultStyle.scss
2026-04-06 14:36:55,488 - root - INFO - QSS file monitor started
2026-04-06 14:36:55,490 - root - INFO - Theme changed detected in QCustomQRGenerator
2026-04-06 14:36:55,491 - root - INFO - Updated fill color from palette: #ffffff
2026-04-06 14:36:55,492 - root - INFO - Updated background color from palette: #1e1e1e
2026-04-06 14:36:55,492 - root - INFO - Updated gradient start color from palette: #0078d4
2026-04-06 14:36:55,492 - root - INFO - Updated gradient end color from palette: #d45c00
2026-04-06 14:36:55,493 - root - INFO - Generating new QR code with fill: #ffffff, background: #1e1e1e
2026-04-06 14:36:55,496 - root - INFO - Using basic styling with fill: #ffffff, background: #1e1e1e
2026-04-06 14:36:55,507 - root - INFO - QR code generated successfully
2026-04-06 14:36:55,510 - root - INFO - Using cached QR code
2026-04-06 14:36:55,517 - root - INFO - Applied App Theme (Dark: True) to chart
2026-04-06 14:36:55,519 - root - INFO - Applied App Theme (Dark: True) to chart
2026-04-06 14:36:55,527 - root - INFO - Applied App Theme (Dark: True) to chart
2026-04-06 14:36:55,529 - root - INFO - Applied App Theme (Dark: True) to chart
2026-04-06 14:36:55,534 - root - INFO - Applied App Theme (Dark: True) to chart
2026-04-06 14:36:55,536 - root - INFO - Applied App Theme (Dark: True) to chart
2026-04-06 14:36:55,543 - root - INFO - Applied App Theme (Dark: True) to chart
2026-04-06 14:36:55,544 - root - INFO - Applied App Theme (Dark: True) to chart
2026-04-06 14:36:55,826 - root - INFO - SUCCESS: ✅ Live monitoring QSS/SCSS files
2026-04-06 14:36:55,827 - root - INFO -    • defaultStyle.scss
2026-04-06 14:36:55,827 - root - INFO - QSS file monitor started
2026-04-06 14:37:03,850 - root - INFO - SUCCESS: ✅ Live monitoring QSS/SCSS files
2026-04-06 14:37:03,851 - root - INFO -    • defaultStyle.scss
2026-04-06 14:37:03,851 - root - INFO - QSS file monitor started
2026-04-06 14:37:03,855 - root - WARNING - Toggle button 'BtnBottomSideDrawer' not found in parent hierarchy.
2026-04-06 14:37:08,378 - root - INFO - SUCCESS: ✅ Live monitoring QSS/SCSS files
2026-04-06 14:37:08,378 - root - INFO -    • defaultStyle.scss
2026-04-06 14:37:08,379 - root - INFO - QSS file monitor started
2026-04-06 14:37:08,413 - root - INFO - SUCCESS: ✅ Live monitoring QSS/SCSS files
2026-04-06 14:37:08,414 - root - INFO -    • defaultStyle.scss
2026-04-06 14:37:08,414 - root - INFO - QSS file monitor started
2026-04-06 14:37:08,439 - root - INFO - SUCCESS: ✅ Live monitoring QSS/SCSS files
2026-04-06 14:37:08,440 - root - INFO -    • defaultStyle.scss
2026-04-06 14:37:08,440 - root - INFO - QSS file monitor started
2026-04-06 14:37:08,461 - root - CRITICAL - Button with name 'menuBtn' not found.
2026-04-06 14:37:08,530 - root - INFO - SUCCESS: ✅ Live monitoring QSS/SCSS files
2026-04-06 14:37:08,530 - root - INFO -    • defaultStyle.scss
2026-04-06 14:37:08,531 - root - INFO - QSS file monitor started
2026-04-06 14:37:08,535 - root - WARNING - Show button 'BtnLeftSideDrawer' not found in parent hierarchy.
2026-04-06 14:37:08,536 - root - WARNING - Hide button 'hideHamburgerBtn' not found in parent hierarchy.
2026-04-06 14:37:08,622 - root - INFO - SUCCESS: ✅ Live monitoring QSS/SCSS files
2026-04-06 14:37:08,623 - root - INFO -    • defaultStyle.scss
2026-04-06 14:37:08,624 - root - INFO - QSS file monitor started
2026-04-06 14:37:08,676 - root - INFO - Theme changed detected in QCustomQRGenerator
2026-04-06 14:37:08,677 - root - INFO - Updated fill color from palette: #ffffff
2026-04-06 14:37:08,678 - root - INFO - Updated background color from palette: #1e1e1e
2026-04-06 14:37:08,678 - root - INFO - Updated gradient start color from palette: #0078d4
2026-04-06 14:37:08,679 - root - INFO - Updated gradient end color from palette: #d45c00
2026-04-06 14:37:08,679 - root - INFO - Generating new QR code with fill: #ffffff, background: #1e1e1e
2026-04-06 14:37:08,684 - root - INFO - Using basic styling with fill: #ffffff, background: #1e1e1e
2026-04-06 14:37:08,687 - root - INFO - QR code generated successfully
2026-04-06 14:37:08,688 - root - INFO - Using cached QR code
2026-04-06 14:37:08,763 - root - INFO - SUCCESS: ✅ Live monitoring QSS/SCSS files
2026-04-06 14:37:08,764 - root - INFO -    • defaultStyle.scss
2026-04-06 14:37:08,765 - root - INFO - Should live compile stylesheet?: False
2026-04-06 14:37:08,766 - root - INFO - Should paint Qt Designer UI?: False
2026-04-06 14:37:08,768 - root - INFO - No change for LiveCompileQss. Value is already True.
2026-04-06 14:37:08,768 - root - INFO - Should live compile stylesheet?: True
2026-04-06 14:37:08,769 - root - INFO - Should paint Qt Designer UI?: False
2026-04-06 14:37:08,769 - root - INFO - JSon stylesheet path: json-styles/style.json
2026-04-06 14:37:10,501 - root - INFO - SUCCESS: ✅ Live monitoring QSS/SCSS files
2026-04-06 14:37:10,502 - root - INFO -    • defaultStyle.scss
2026-04-06 14:37:10,502 - root - INFO - Should live compile stylesheet?: True
2026-04-06 14:37:10,503 - root - INFO - Should paint Qt Designer UI?: True
2026-04-06 14:37:10,503 - root - INFO - JSon stylesheet path: json-styles/style.json
2026-04-06 14:37:11,373 - root - INFO - SUCCESS: ✅ Live monitoring QSS/SCSS files
2026-04-06 14:37:11,373 - root - INFO -    • defaultStyle.scss
2026-04-06 14:37:11,374 - root - INFO - No change for QMainWindow.customSideDrawers. Value is already src\ui_LeftSideDrawer.py,src\ui_TopSideDrawer.py,src\ui_BottomSideDrawer.py,src\ui_RightSideDrawer.py.
2026-04-06 14:37:11,734 - root - INFO - Theme changed detected in QCustomQRGenerator
2026-04-06 14:37:11,735 - root - INFO - Updated fill color from palette: #000000
2026-04-06 14:37:11,736 - root - INFO - Updated background color from palette: #ffffff
2026-04-06 14:37:11,737 - root - INFO - Updated gradient start color from palette: #bfbfbf
2026-04-06 14:37:11,738 - root - INFO - Updated gradient end color from palette: #bfbfbf
2026-04-06 14:37:11,738 - root - INFO - Generating new QR code with fill: #000000, background: #ffffff
2026-04-06 14:37:11,743 - root - INFO - Using basic styling with fill: #000000, background: #ffffff
2026-04-06 14:37:11,747 - root - INFO - QR code generated successfully
2026-04-06 14:37:11,748 - root - INFO - Using cached QR code
2026-04-06 14:37:12,056 - root - INFO - Theme changed detected in QCustomQRGenerator
2026-04-06 14:37:12,057 - root - INFO - Updated fill color from palette: #000000
2026-04-06 14:37:12,057 - root - INFO - Updated background color from palette: #ffffff
2026-04-06 14:37:12,058 - root - INFO - Updated gradient start color from palette: #bfbfbf
2026-04-06 14:37:12,058 - root - INFO - Updated gradient end color from palette: #bfbfbf
2026-04-06 14:37:12,058 - root - INFO - Generating new QR code with fill: #000000, background: #ffffff
2026-04-06 14:37:12,062 - root - INFO - Using basic styling with fill: #000000, background: #ffffff
2026-04-06 14:37:12,065 - root - INFO - QR code generated successfully
2026-04-06 14:37:12,066 - root - INFO - Using cached QR code
2026-04-06 14:37:13,507 - root - INFO - SUCCESS: ✅ Live monitoring QSS/SCSS files
2026-04-06 14:37:13,508 - root - INFO -    • defaultStyle.scss
2026-04-06 14:37:13,508 - root - INFO - QSS file monitor started
2026-04-06 14:37:14,029 - root - INFO - SUCCESS: ✅ Live monitoring QSS/SCSS files
2026-04-06 14:37:14,029 - root - INFO -    • defaultStyle.scss
2026-04-06 14:37:14,030 - root - INFO - QSS file monitor started
2026-04-06 14:37:14,041 - root - WARNING - Toggle button 'BtnRightSideDrawer' not found in parent hierarchy.
2026-04-06 14:37:14,547 - root - INFO - SUCCESS: ✅ Live monitoring QSS/SCSS files
2026-04-06 14:37:14,548 - root - INFO -    • defaultStyle.scss
2026-04-06 14:37:14,549 - root - INFO - QSS file monitor started
2026-04-06 14:37:14,563 - root - WARNING - Toggle button 'BtnTopSideDrawer' not found in parent hierarchy.
2026-04-06 14:42:49,317 - root - INFO - Updated LiveCompileQss with value: False
2026-04-06 14:42:49,319 - root - INFO - Should live compile stylesheet?: False
2026-04-06 14:42:49,320 - root - INFO - Should paint Qt Designer UI?: True
2026-04-06 14:42:57,232 - root - INFO - File listener disabled
2026-04-06 14:42:57,247 - root - INFO - File listener disabled
2026-04-06 14:42:57,352 - root - INFO - File listener disabled
2026-04-06 14:42:57,437 - root - INFO - File listener disabled
2026-04-06 14:42:57,446 - root - INFO - File listener disabled
2026-04-06 14:42:57,501 - root - INFO - File listener disabled
2026-04-06 14:42:57,607 - root - INFO - File listener disabled
2026-04-06 14:42:57,707 - root - INFO - File listener disabled
2026-04-06 14:42:57,714 - root - INFO - File listener disabled
2026-04-06 14:42:57,911 - root - INFO - File listener disabled
2026-04-06 14:42:57,929 - root - INFO - File listener disabled
2026-04-06 14:42:58,102 - root - INFO - File listener disabled
2026-04-06 14:42:58,108 - root - INFO - File listener disabled
2026-04-06 14:42:58,135 - root - INFO - File listener disabled
2026-04-06 14:42:59,698 - root - INFO - File listener disabled
2026-04-06 14:42:59,707 - root - INFO - File listener disabled
2026-04-06 14:42:59,813 - root - INFO - File listener disabled
2026-04-06 14:42:59,900 - root - INFO - File listener disabled
2026-04-06 14:42:59,909 - root - INFO - File listener disabled
2026-04-06 14:42:59,961 - root - INFO - File listener disabled
2026-04-06 14:43:00,099 - root - INFO - File listener disabled
2026-04-06 14:43:00,225 - root - INFO - File listener disabled
2026-04-06 14:43:00,232 - root - INFO - File listener disabled
2026-04-06 14:43:00,356 - root - INFO - File listener disabled
2026-04-06 14:43:00,366 - root - INFO - File listener disabled
2026-04-06 14:43:00,557 - root - INFO - File listener disabled
2026-04-06 14:43:00,563 - root - INFO - File listener disabled
2026-04-06 14:43:00,591 - root - INFO - File listener disabled
2026-04-06 14:43:01,221 - root - INFO - Should live compile stylesheet?: False
2026-04-06 14:43:01,222 - root - INFO - Should paint Qt Designer UI?: True
2026-04-06 14:43:01,244 - root - INFO - Checking icons for Dark theme. Icons color: white
2026-04-06 14:43:48,843 - root - INFO - Checking icons for Light theme. Icons color: black
2026-04-06 14:44:22,449 - root - INFO - Checking icons for QT-Light-theme theme. Icons color: #41cd52
2026-04-06 14:44:35,606 - root - INFO - Checking icons for QT-Dark-theme theme. Icons color: #41cd52
2026-04-06 14:44:48,703 - root - INFO - Checking icons for qt designer app.
2026-04-06 14:45:00,684 - root - INFO - Theme changed detected in QCustomQRGenerator
2026-04-06 14:45:00,685 - root - INFO - Updated fill color from palette: #ffffff
2026-04-06 14:45:00,685 - root - INFO - Updated background color from palette: #0d1117
2026-04-06 14:45:00,686 - root - INFO - Updated gradient start color from palette: #030405
2026-04-06 14:45:00,686 - root - INFO - Updated gradient end color from palette: #050403
2026-04-06 14:45:00,687 - root - INFO - Generating new QR code with fill: #ffffff, background: #0d1117
2026-04-06 14:45:00,691 - root - INFO - Using basic styling with fill: #ffffff, background: #0d1117
2026-04-06 14:45:00,694 - root - INFO - QR code generated successfully
2026-04-06 14:45:00,695 - root - INFO - Theme changed detected in QCustomQRGenerator
2026-04-06 14:45:00,696 - root - INFO - Updated fill color from palette: #ffffff
2026-04-06 14:45:00,696 - root - INFO - Updated background color from palette: #0d1117
2026-04-06 14:45:00,697 - root - INFO - Updated gradient start color from palette: #030405
2026-04-06 14:45:00,697 - root - INFO - Updated gradient end color from palette: #050403
2026-04-06 14:45:00,698 - root - INFO - Generating new QR code with fill: #ffffff, background: #0d1117
2026-04-06 14:45:00,702 - root - INFO - Using basic styling with fill: #ffffff, background: #0d1117
2026-04-06 14:45:00,706 - root - INFO - QR code generated successfully
2026-04-06 14:45:00,707 - root - INFO - all icons have been checked and missing icons generated!
2026-04-06 14:46:37,389 - root - INFO - File listener disabled
2026-04-06 14:46:37,405 - root - INFO - File listener disabled
2026-04-06 14:46:37,527 - root - INFO - File listener disabled
2026-04-06 14:46:37,618 - root - INFO - File listener disabled
2026-04-06 14:46:37,629 - root - INFO - File listener disabled
2026-04-06 14:46:37,693 - root - INFO - File listener disabled
2026-04-06 14:46:37,825 - root - INFO - File listener disabled
2026-04-06 14:46:37,931 - root - INFO - File listener disabled
2026-04-06 14:46:37,937 - root - INFO - File listener disabled
2026-04-06 14:46:38,133 - root - INFO - File listener disabled
2026-04-06 14:46:38,152 - root - INFO - File listener disabled
2026-04-06 14:46:38,399 - root - INFO - File listener disabled
2026-04-06 14:46:38,406 - root - INFO - File listener disabled
2026-04-06 14:46:38,434 - root - INFO - File listener disabled
2026-04-06 14:46:40,150 - root - INFO - File listener disabled
2026-04-06 14:46:40,158 - root - INFO - File listener disabled
2026-04-06 14:46:40,281 - root - INFO - File listener disabled
2026-04-06 14:46:40,359 - root - INFO - File listener disabled
2026-04-06 14:46:40,367 - root - INFO - File listener disabled
2026-04-06 14:46:40,428 - root - INFO - File listener disabled
2026-04-06 14:46:40,573 - root - INFO - File listener disabled
2026-04-06 14:46:40,704 - root - INFO - File listener disabled
2026-04-06 14:46:40,711 - root - INFO - File listener disabled
2026-04-06 14:46:40,851 - root - INFO - File listener disabled
2026-04-06 14:46:40,862 - root - INFO - File listener disabled
2026-04-06 14:46:41,131 - root - INFO - File listener disabled
2026-04-06 14:46:41,137 - root - INFO - File listener disabled
2026-04-06 14:46:41,167 - root - INFO - File listener disabled
2026-04-06 14:46:41,564 - root - INFO - Should live compile stylesheet?: False
2026-04-06 14:46:41,565 - root - INFO - Should paint Qt Designer UI?: True
2026-04-06 14:46:41,591 - root - INFO - Checking icons for QT-Dark-theme theme. Icons color: #41cd52
2026-04-06 14:46:53,006 - root - INFO - Checking icons for Light theme. Icons color: black
2026-04-06 14:47:04,790 - root - INFO - File listener disabled
2026-04-06 14:47:08,889 - root - INFO - File listener disabled
2026-04-06 14:47:16,392 - root - INFO - Registering Custom Widgets
2026-04-06 14:47:16,396 - root - INFO - Registering QCustomQMainWindow
2026-04-06 14:47:16,398 - root - INFO - Registering QAvatarWidget
2026-04-06 14:47:16,399 - root - INFO - Registering QBadgeWidget
2026-04-06 14:47:16,401 - root - INFO - Registering AnalogGaugeWidget
2026-04-06 14:47:16,403 - root - INFO - Registering QCustomThemeList
2026-04-06 14:47:16,406 - root - INFO - Registering QCustomThemeDarkLightToggle
2026-04-06 14:47:16,406 - root - INFO - Registering QCustomCheckBox
2026-04-06 14:47:16,407 - root - INFO - Registering QCustomSidebar
2026-04-06 14:47:16,408 - root - INFO - Registering QCustomHamburgerMenu
2026-04-06 14:47:16,409 - root - INFO - Registering QCustomHorizontalSeparator
2026-04-06 14:47:16,410 - root - INFO - Registering QCustomVerticalSeparator
2026-04-06 14:47:16,411 - root - INFO - Registering QCustomSidebarLabel
2026-04-06 14:47:16,412 - root - INFO - Registering QCustomSidebarButton
2026-04-06 14:47:16,414 - root - INFO - Registering QCustomRoundProgressBar
2026-04-06 14:47:16,416 - root - INFO - Registering QCustomComponent
2026-04-06 14:47:16,417 - root - INFO - Registering QCustomComponentContainer
2026-04-06 14:47:16,419 - root - INFO - Registering QCustomQStackedWidget
2026-04-06 14:47:16,425 - root - INFO - Registering QCustomQProgressBar
2026-04-06 14:47:16,445 - root - INFO - Registering QCustomQRGenerator
2026-04-06 14:47:16,478 - root - INFO - Registering QCustomLineChart
2026-04-06 14:47:16,486 - root - INFO - QCustomLineChart registered successfully
2026-04-06 14:47:16,488 - root - INFO - Registering QCustomBarChart
2026-04-06 14:47:16,488 - root - INFO - QCustomBarChart registered successfully
2026-04-06 14:47:16,490 - root - INFO - Registering QCustomAreaChart
2026-04-06 14:47:16,490 - root - INFO - QCustomAreaChart registered successfully
2026-04-06 14:47:16,490 - root - INFO - Registering QCustomPieChart
2026-04-06 14:47:16,492 - root - INFO - QCustomPieChart registered successfully
2026-04-06 14:47:16,492 - root - INFO - ✓ All chart widgets registered successfully!
2026-04-06 14:47:16,529 - root - DEBUG - Failed to load Product Sans font
2026-04-06 14:47:16,535 - root - DEBUG - Added SASS file to watcher: D:\Vishwa\Qt\25ThemeEngine\Qss\scss\defaultStyle.scss
2026-04-06 14:47:16,535 - root - INFO - SUCCESS: ✅ Live monitoring QSS/SCSS files
2026-04-06 14:47:16,536 - root - INFO -    • defaultStyle.scss
2026-04-06 14:47:16,537 - root - INFO - File listener disabled
2026-04-06 14:47:16,537 - root - INFO - Copied variable 'NAV_BG' from theme 'QT-Light-theme' to theme 'Light'
2026-04-06 14:47:16,538 - root - INFO - Copied variable 'CARD_BG' from theme 'QT-Light-theme' to theme 'Light'
2026-04-06 14:47:16,538 - root - INFO - Copied variable 'CARD_RADIUS' from theme 'QT-Light-theme' to theme 'Light'
2026-04-06 14:47:16,538 - root - INFO - Copied variable 'HOVER_GLOW' from theme 'QT-Light-theme' to theme 'Light'
2026-04-06 14:47:16,539 - root - INFO - Copied variable 'BORDER_COLOR' from theme 'QT-Light-theme' to theme 'Light'
2026-04-06 14:47:16,540 - root - INFO - Copied variable 'Disabled-color' from theme 'QT-Light-theme' to theme 'Light'
2026-04-06 14:47:16,541 - root - INFO - Copied variable 'GRADIENT' from theme 'QT-Light-theme' to theme 'Light'
2026-04-06 14:47:16,542 - root - INFO - Copied variable 'FOOTER_BG' from theme 'QT-Light-theme' to theme 'Light'
2026-04-06 14:47:16,542 - root - INFO - Copied variable 'SPACING_MD' from theme 'QT-Light-theme' to theme 'Light'
2026-04-06 14:47:16,543 - root - INFO - Copied variable 'SPACING_SM' from theme 'QT-Light-theme' to theme 'Light'
2026-04-06 14:47:16,544 - root - INFO - Copied variable 'SPACING_LG' from theme 'QT-Light-theme' to theme 'Light'
2026-04-06 14:47:16,545 - root - INFO - Copied variable 'Pressed-color' from theme 'QT-Light-theme' to theme 'Light'
2026-04-06 14:47:16,546 - root - INFO - Copied variable 'Hover-color' from theme 'QT-Light-theme' to theme 'Light'
2026-04-06 14:47:16,547 - root - INFO - Copied variable 'NAV_BG' from theme 'Light' to theme 'Dark'
2026-04-06 14:47:16,548 - root - INFO - Copied variable 'CARD_BG' from theme 'Light' to theme 'Dark'
2026-04-06 14:47:16,549 - root - INFO - Copied variable 'CARD_RADIUS' from theme 'Light' to theme 'Dark'
2026-04-06 14:47:16,549 - root - INFO - Copied variable 'HOVER_GLOW' from theme 'Light' to theme 'Dark'
2026-04-06 14:47:16,550 - root - INFO - Copied variable 'BORDER_COLOR' from theme 'Light' to theme 'Dark'
2026-04-06 14:47:16,551 - root - INFO - Copied variable 'Disabled-color' from theme 'Light' to theme 'Dark'
2026-04-06 14:47:16,552 - root - INFO - Copied variable 'GRADIENT' from theme 'Light' to theme 'Dark'
2026-04-06 14:47:16,553 - root - INFO - Copied variable 'FOOTER_BG' from theme 'Light' to theme 'Dark'
2026-04-06 14:47:16,553 - root - INFO - Copied variable 'SPACING_MD' from theme 'Light' to theme 'Dark'
2026-04-06 14:47:16,554 - root - INFO - Copied variable 'SPACING_SM' from theme 'Light' to theme 'Dark'
2026-04-06 14:47:16,555 - root - INFO - Copied variable 'SPACING_LG' from theme 'Light' to theme 'Dark'
2026-04-06 14:47:16,555 - root - INFO - Copied variable 'Pressed-color' from theme 'Light' to theme 'Dark'
2026-04-06 14:47:16,556 - root - INFO - Copied variable 'Hover-color' from theme 'Light' to theme 'Dark'
2026-04-06 14:47:16,557 - root - INFO - Copied variable 'Disabled-color' from theme 'Light' to theme 'QT-Dark-theme'
2026-04-06 14:47:16,557 - root - INFO - Copied variable 'Hover-color' from theme 'Light' to theme 'QT-Dark-theme'
2026-04-06 14:47:16,558 - root - INFO - Copied variable 'Pressed-color' from theme 'Light' to theme 'QT-Dark-theme'
2026-04-06 14:47:16,559 - root - INFO - Should live compile stylesheet?: False
2026-04-06 14:47:16,559 - root - INFO - Should paint Qt Designer UI?: False
2026-04-06 14:47:16,568 - root - INFO - SUCCESS: ✅ Live monitoring QSS/SCSS files
2026-04-06 14:47:16,569 - root - INFO -    • defaultStyle.scss
2026-04-06 14:47:16,569 - root - INFO - QSS file monitor started
2026-04-06 14:47:16,572 - root - INFO - Theme changed detected in QCustomQRGenerator
2026-04-06 14:47:16,573 - root - INFO - Updated fill color from palette: #ffffff
2026-04-06 14:47:16,573 - root - INFO - Updated background color from palette: #1e1e1e
2026-04-06 14:47:16,574 - root - INFO - Updated gradient start color from palette: #0078d4
2026-04-06 14:47:16,574 - root - INFO - Updated gradient end color from palette: #d45c00
2026-04-06 14:47:16,575 - root - INFO - Generating new QR code with fill: #ffffff, background: #1e1e1e
2026-04-06 14:47:16,579 - root - INFO - Using basic styling with fill: #ffffff, background: #1e1e1e
2026-04-06 14:47:16,590 - root - INFO - QR code generated successfully
2026-04-06 14:47:16,592 - root - INFO - Using cached QR code
2026-04-06 14:47:16,596 - root - INFO - Applied App Theme (Dark: True) to chart
2026-04-06 14:47:16,598 - root - INFO - Applied App Theme (Dark: True) to chart
2026-04-06 14:47:16,603 - root - INFO - Applied App Theme (Dark: True) to chart
2026-04-06 14:47:16,605 - root - INFO - Applied App Theme (Dark: True) to chart
2026-04-06 14:47:16,611 - root - INFO - Applied App Theme (Dark: True) to chart
2026-04-06 14:47:16,612 - root - INFO - Applied App Theme (Dark: True) to chart
2026-04-06 14:47:16,620 - root - INFO - Applied App Theme (Dark: True) to chart
2026-04-06 14:47:16,621 - root - INFO - Applied App Theme (Dark: True) to chart
2026-04-06 14:47:16,873 - root - INFO - SUCCESS: ✅ Live monitoring QSS/SCSS files
2026-04-06 14:47:16,874 - root - INFO -    • defaultStyle.scss
2026-04-06 14:47:16,874 - root - INFO - QSS file monitor started
2026-04-06 14:47:16,877 - root - INFO - File listener disabled
2026-04-06 14:47:16,879 - root - INFO - File listener disabled
2026-04-06 14:47:24,026 - root - INFO - SUCCESS: ✅ Live monitoring QSS/SCSS files
2026-04-06 14:47:24,026 - root - INFO -    • defaultStyle.scss
2026-04-06 14:47:24,027 - root - INFO - File listener disabled
2026-04-06 14:47:24,028 - root - INFO - Should live compile stylesheet?: False
2026-04-06 14:47:24,028 - root - INFO - Should paint Qt Designer UI?: False
2026-04-06 14:47:24,681 - root - INFO - Should live compile stylesheet?: False
2026-04-06 14:47:24,682 - root - INFO - Should paint Qt Designer UI?: False
2026-04-06 14:47:24,683 - root - INFO - Should live compile stylesheet?: False
2026-04-06 14:47:24,684 - root - INFO - Should paint Qt Designer UI?: True
2026-04-06 14:47:24,684 - root - INFO - No change for QMainWindow.customSideDrawers. Value is already src\ui_LeftSideDrawer.py,src\ui_TopSideDrawer.py,src\ui_BottomSideDrawer.py,src\ui_RightSideDrawer.py.
2026-04-06 14:47:24,688 - root - ERROR - Error updating designer label: libshiboken: Internal C++ object (PySide6.QtWidgets.QLabel) already deleted.
2026-04-06 14:47:24,777 - root - ERROR - Error updating designer label: libshiboken: Internal C++ object (PySide6.QtWidgets.QLabel) already deleted.
2026-04-06 14:47:24,804 - root - ERROR - Error updating designer label: libshiboken: Internal C++ object (PySide6.QtWidgets.QLabel) already deleted.
2026-04-06 14:47:24,861 - root - INFO - Theme changed detected in QCustomQRGenerator
2026-04-06 14:47:24,862 - root - INFO - Updated fill color from palette: #e0e0e0
2026-04-06 14:47:24,862 - root - INFO - Updated background color from palette: #1e1e1e
2026-04-06 14:47:24,863 - root - INFO - Updated gradient start color from palette: #070707
2026-04-06 14:47:24,863 - root - INFO - Updated gradient end color from palette: #070707
2026-04-06 14:47:24,864 - root - INFO - Generating new QR code with fill: #e0e0e0, background: #1e1e1e
2026-04-06 14:47:24,869 - root - INFO - Using basic styling with fill: #e0e0e0, background: #1e1e1e
2026-04-06 14:47:24,872 - root - INFO - QR code generated successfully
2026-04-06 14:47:24,873 - root - INFO - Using cached QR code
2026-04-06 14:47:24,963 - root - ERROR - Error updating designer label: libshiboken: Internal C++ object (PySide6.QtWidgets.QLabel) already deleted.
2026-04-06 14:47:25,033 - root - ERROR - Error updating designer label: libshiboken: Internal C++ object (PySide6.QtWidgets.QLabel) already deleted.
2026-04-06 14:47:26,812 - root - INFO - Theme changed detected in QCustomQRGenerator
2026-04-06 14:47:26,813 - root - INFO - Updated fill color from palette: #e0e0e0
2026-04-06 14:47:26,814 - root - INFO - Updated background color from palette: #1e1e1e
2026-04-06 14:47:26,815 - root - INFO - Updated gradient start color from palette: #070707
2026-04-06 14:47:26,815 - root - INFO - Updated gradient end color from palette: #070707
2026-04-06 14:47:26,815 - root - INFO - Using cached QR code
2026-04-06 14:47:26,816 - root - INFO - all icons have been checked and missing icons generated!
2026-04-06 14:47:43,060 - root - INFO - SUCCESS: ✅ Live monitoring QSS/SCSS files
2026-04-06 14:47:43,062 - root - INFO -    • defaultStyle.scss
2026-04-06 14:47:43,063 - root - INFO - QSS file monitor started
2026-04-06 14:47:43,065 - root - INFO - File listener disabled
2026-04-06 14:47:43,067 - root - INFO - File listener disabled
2026-04-06 14:47:48,840 - root - INFO - SUCCESS: ✅ Live monitoring QSS/SCSS files
2026-04-06 14:47:48,841 - root - INFO -    • defaultStyle.scss
2026-04-06 14:47:48,842 - root - INFO - QSS file monitor started
2026-04-06 14:47:48,843 - root - WARNING - Toggle button 'BtnBottomSideDrawer' not found in parent hierarchy.
2026-04-06 14:47:49,538 - root - INFO - File listener disabled
2026-04-06 14:47:49,542 - root - INFO - SUCCESS: ✅ Live monitoring QSS/SCSS files
2026-04-06 14:47:49,542 - root - INFO -    • defaultStyle.scss
2026-04-06 14:47:49,543 - root - INFO - QSS file monitor started
2026-04-06 14:47:49,567 - root - INFO - File listener disabled
2026-04-06 14:47:49,571 - root - INFO - SUCCESS: ✅ Live monitoring QSS/SCSS files
2026-04-06 14:47:49,572 - root - INFO -    • defaultStyle.scss
2026-04-06 14:47:49,572 - root - INFO - QSS file monitor started
2026-04-06 14:47:49,595 - root - INFO - File listener disabled
2026-04-06 14:47:49,599 - root - INFO - SUCCESS: ✅ Live monitoring QSS/SCSS files
2026-04-06 14:47:49,600 - root - INFO -    • defaultStyle.scss
2026-04-06 14:47:49,600 - root - INFO - QSS file monitor started
2026-04-06 14:47:49,602 - root - CRITICAL - Button with name 'menuBtn' not found.
2026-04-06 14:47:49,685 - root - INFO - File listener disabled
2026-04-06 14:47:49,721 - root - INFO - SUCCESS: ✅ Live monitoring QSS/SCSS files
2026-04-06 14:47:49,722 - root - INFO -    • defaultStyle.scss
2026-04-06 14:47:49,723 - root - INFO - QSS file monitor started
2026-04-06 14:47:49,727 - root - WARNING - Show button 'BtnLeftSideDrawer' not found in parent hierarchy.
2026-04-06 14:47:49,729 - root - WARNING - Hide button 'hideHamburgerBtn' not found in parent hierarchy.
2026-04-06 14:47:49,838 - root - INFO - File listener disabled
2026-04-06 14:47:49,861 - root - INFO - SUCCESS: ✅ Live monitoring QSS/SCSS files
2026-04-06 14:47:49,862 - root - INFO -    • defaultStyle.scss
2026-04-06 14:47:49,862 - root - INFO - QSS file monitor started
2026-04-06 14:47:49,942 - root - INFO - Theme changed detected in QCustomQRGenerator
2026-04-06 14:47:49,943 - root - INFO - Updated fill color from palette: #e0e0e0
2026-04-06 14:47:49,944 - root - INFO - Updated background color from palette: #1e1e1e
2026-04-06 14:47:49,944 - root - INFO - Updated gradient start color from palette: #070707
2026-04-06 14:47:49,945 - root - INFO - Updated gradient end color from palette: #070707
2026-04-06 14:47:49,945 - root - INFO - Generating new QR code with fill: #e0e0e0, background: #1e1e1e
2026-04-06 14:47:49,950 - root - INFO - Using basic styling with fill: #e0e0e0, background: #1e1e1e
2026-04-06 14:47:49,953 - root - INFO - QR code generated successfully
2026-04-06 14:47:49,954 - root - INFO - Using cached QR code
2026-04-06 14:47:50,037 - root - INFO - File listener disabled
2026-04-06 14:47:50,067 - root - INFO - SUCCESS: ✅ Live monitoring QSS/SCSS files
2026-04-06 14:47:50,068 - root - INFO -    • defaultStyle.scss
2026-04-06 14:47:50,069 - root - INFO - File listener disabled
2026-04-06 14:47:50,069 - root - INFO - Should live compile stylesheet?: False
2026-04-06 14:47:50,070 - root - INFO - Should paint Qt Designer UI?: False
2026-04-06 14:47:50,071 - root - INFO - Should live compile stylesheet?: False
2026-04-06 14:47:50,071 - root - INFO - Should paint Qt Designer UI?: True
2026-04-06 14:47:50,072 - root - INFO - No change for QMainWindow.customSideDrawers. Value is already src\ui_LeftSideDrawer.py,src\ui_TopSideDrawer.py,src\ui_BottomSideDrawer.py,src\ui_RightSideDrawer.py.
2026-04-06 14:47:50,092 - root - ERROR - Error updating designer label: libshiboken: Internal C++ object (PySide6.QtWidgets.QLabel) already deleted.
2026-04-06 14:47:50,194 - root - ERROR - Error updating designer label: libshiboken: Internal C++ object (PySide6.QtWidgets.QLabel) already deleted.
2026-04-06 14:47:50,240 - root - ERROR - Error updating designer label: libshiboken: Internal C++ object (PySide6.QtWidgets.QLabel) already deleted.
2026-04-06 14:47:50,327 - root - INFO - Theme changed detected in QCustomQRGenerator
2026-04-06 14:47:50,328 - root - INFO - Updated fill color from palette: #e0e0e0
2026-04-06 14:47:50,328 - root - INFO - Updated background color from palette: #1e1e1e
2026-04-06 14:47:50,328 - root - INFO - Updated gradient start color from palette: #070707
2026-04-06 14:47:50,329 - root - INFO - Updated gradient end color from palette: #070707
2026-04-06 14:47:50,329 - root - INFO - Generating new QR code with fill: #e0e0e0, background: #1e1e1e
2026-04-06 14:47:50,333 - root - INFO - Using basic styling with fill: #e0e0e0, background: #1e1e1e
2026-04-06 14:47:50,336 - root - INFO - QR code generated successfully
2026-04-06 14:47:50,336 - root - INFO - Using cached QR code
2026-04-06 14:47:50,476 - root - ERROR - Error updating designer label: libshiboken: Internal C++ object (PySide6.QtWidgets.QLabel) already deleted.
2026-04-06 14:47:50,575 - root - ERROR - Error updating designer label: libshiboken: Internal C++ object (PySide6.QtWidgets.QLabel) already deleted.
2026-04-06 14:47:51,545 - root - INFO - SUCCESS: ✅ Live monitoring QSS/SCSS files
2026-04-06 14:47:51,546 - root - INFO -    • defaultStyle.scss
2026-04-06 14:47:51,546 - root - INFO - QSS file monitor started
2026-04-06 14:47:51,946 - root - INFO - File listener disabled
2026-04-06 14:47:52,049 - root - INFO - SUCCESS: ✅ Live monitoring QSS/SCSS files
2026-04-06 14:47:52,050 - root - INFO -    • defaultStyle.scss
2026-04-06 14:47:52,050 - root - INFO - QSS file monitor started
2026-04-06 14:47:52,061 - root - WARNING - Toggle button 'BtnRightSideDrawer' not found in parent hierarchy.
2026-04-06 14:47:52,467 - root - INFO - File listener disabled
2026-04-06 14:47:52,544 - root - INFO - SUCCESS: ✅ Live monitoring QSS/SCSS files
2026-04-06 14:47:52,544 - root - INFO -    • defaultStyle.scss
2026-04-06 14:47:52,545 - root - INFO - QSS file monitor started
2026-04-06 14:47:52,556 - root - WARNING - Toggle button 'BtnTopSideDrawer' not found in parent hierarchy.
2026-04-06 14:47:52,721 - root - INFO - File listener disabled
2026-04-06 14:48:09,052 - root - INFO - SUCCESS: ✅ Live monitoring QSS/SCSS files
2026-04-06 14:48:09,052 - root - INFO -    • defaultStyle.scss
2026-04-06 14:48:09,055 - root - INFO - File listener disabled
2026-04-06 14:48:09,055 - root - INFO - Should live compile stylesheet?: False
2026-04-06 14:48:09,056 - root - INFO - Should paint Qt Designer UI?: False
2026-04-06 14:48:09,057 - root - INFO - Should live compile stylesheet?: False
2026-04-06 14:48:09,057 - root - INFO - Should paint Qt Designer UI?: True
2026-04-06 14:48:09,059 - root - INFO - No change for QMainWindow.customSideDrawers. Value is already src\ui_LeftSideDrawer.py,src\ui_TopSideDrawer.py,src\ui_BottomSideDrawer.py,src\ui_RightSideDrawer.py.
2026-04-06 14:48:09,080 - root - ERROR - Error updating designer label: libshiboken: Internal C++ object (PySide6.QtWidgets.QLabel) already deleted.
2026-04-06 14:48:09,215 - root - ERROR - Error updating designer label: libshiboken: Internal C++ object (PySide6.QtWidgets.QLabel) already deleted.
2026-04-06 14:48:09,266 - root - ERROR - Error updating designer label: libshiboken: Internal C++ object (PySide6.QtWidgets.QLabel) already deleted.
2026-04-06 14:48:09,373 - root - INFO - Theme changed detected in QCustomQRGenerator
2026-04-06 14:48:09,374 - root - INFO - Updated fill color from palette: #e0e0e0
2026-04-06 14:48:09,375 - root - INFO - Updated background color from palette: #1e1e1e
2026-04-06 14:48:09,375 - root - INFO - Updated gradient start color from palette: #070707
2026-04-06 14:48:09,376 - root - INFO - Updated gradient end color from palette: #070707
2026-04-06 14:48:09,377 - root - INFO - Generating new QR code with fill: #e0e0e0, background: #1e1e1e
2026-04-06 14:48:09,381 - root - INFO - Using basic styling with fill: #e0e0e0, background: #1e1e1e
2026-04-06 14:48:09,385 - root - INFO - QR code generated successfully
2026-04-06 14:48:09,386 - root - INFO - Using cached QR code
2026-04-06 14:48:09,575 - root - ERROR - Error updating designer label: libshiboken: Internal C++ object (PySide6.QtWidgets.QLabel) already deleted.
2026-04-06 14:48:09,704 - root - ERROR - Error updating designer label: libshiboken: Internal C++ object (PySide6.QtWidgets.QLabel) already deleted.
2026-04-06 15:08:06,275 - root - INFO - File listener disabled
2026-04-06 17:11:02,940 - root - INFO - File listener disabled
2026-04-09 11:15:10,739 - root - INFO - Registering Custom Widgets
2026-04-09 11:15:10,755 - root - INFO - Registering QCustomQMainWindow
2026-04-09 11:15:10,763 - root - INFO - Registering QAvatarWidget
2026-04-09 11:15:10,767 - root - INFO - Registering QBadgeWidget
2026-04-09 11:15:10,771 - root - INFO - Registering AnalogGaugeWidget
2026-04-09 11:15:10,776 - root - INFO - Registering QCustomThemeList
2026-04-09 11:15:10,783 - root - INFO - Registering QCustomThemeDarkLightToggle
2026-04-09 11:15:10,785 - root - INFO - Registering QCustomCheckBox
2026-04-09 11:15:10,787 - root - INFO - Registering QCustomSidebar
2026-04-09 11:15:10,790 - root - INFO - Registering QCustomHamburgerMenu
2026-04-09 11:15:10,794 - root - INFO - Registering QCustomHorizontalSeparator
2026-04-09 11:15:10,798 - root - INFO - Registering QCustomVerticalSeparator
2026-04-09 11:15:10,801 - root - INFO - Registering QCustomSidebarLabel
2026-04-09 11:15:10,803 - root - INFO - Registering QCustomSidebarButton
2026-04-09 11:15:10,807 - root - INFO - Registering QCustomRoundProgressBar
2026-04-09 11:15:10,817 - root - INFO - Registering QCustomComponent
2026-04-09 11:15:10,822 - root - INFO - Registering QCustomComponentContainer
2026-04-09 11:15:10,826 - root - INFO - Registering QCustomQStackedWidget
2026-04-09 11:15:10,844 - root - INFO - Registering QCustomQProgressBar
2026-04-09 11:15:10,893 - root - INFO - Registering QCustomQRGenerator
2026-04-09 11:15:10,974 - root - INFO - Registering QCustomLineChart
2026-04-09 11:15:10,988 - root - INFO - QCustomLineChart registered successfully
2026-04-09 11:15:10,988 - root - INFO - Registering QCustomBarChart
2026-04-09 11:15:10,989 - root - INFO - QCustomBarChart registered successfully
2026-04-09 11:15:10,990 - root - INFO - Registering QCustomAreaChart
2026-04-09 11:15:10,990 - root - INFO - QCustomAreaChart registered successfully
2026-04-09 11:15:10,991 - root - INFO - Registering QCustomPieChart
2026-04-09 11:15:10,992 - root - INFO - QCustomPieChart registered successfully
2026-04-09 11:15:10,993 - root - INFO - ✓ All chart widgets registered successfully!
2026-04-09 11:15:11,025 - root - DEBUG - Failed to load Product Sans font
2026-04-09 11:15:11,026 - root - DEBUG - Added SASS file to watcher: D:\Vishwa\Qt\25ThemeEngine\Qss\scss\defaultStyle.scss
2026-04-09 11:15:11,027 - root - INFO - SUCCESS: ✅ Live monitoring QSS/SCSS files
2026-04-09 11:15:11,027 - root - INFO -    • defaultStyle.scss
2026-04-09 11:15:11,029 - root - INFO - File listener disabled
2026-04-09 11:15:11,029 - root - INFO - Copied variable 'GRADIENT' from theme 'QT-Light-theme' to theme 'Light'
2026-04-09 11:15:11,030 - root - INFO - Copied variable 'NAV_BG' from theme 'QT-Light-theme' to theme 'Light'
2026-04-09 11:15:11,030 - root - INFO - Copied variable 'CARD_BG' from theme 'QT-Light-theme' to theme 'Light'
2026-04-09 11:15:11,030 - root - INFO - Copied variable 'FOOTER_BG' from theme 'QT-Light-theme' to theme 'Light'
2026-04-09 11:15:11,031 - root - INFO - Copied variable 'BORDER_COLOR' from theme 'QT-Light-theme' to theme 'Light'
2026-04-09 11:15:11,031 - root - INFO - Copied variable 'HOVER_GLOW' from theme 'QT-Light-theme' to theme 'Light'
2026-04-09 11:15:11,032 - root - INFO - Copied variable 'SPACING_MD' from theme 'QT-Light-theme' to theme 'Light'
2026-04-09 11:15:11,032 - root - INFO - Copied variable 'CARD_RADIUS' from theme 'QT-Light-theme' to theme 'Light'
2026-04-09 11:15:11,033 - root - INFO - Copied variable 'SPACING_LG' from theme 'QT-Light-theme' to theme 'Light'
2026-04-09 11:15:11,033 - root - INFO - Copied variable 'Hover-color' from theme 'QT-Light-theme' to theme 'Light'
2026-04-09 11:15:11,033 - root - INFO - Copied variable 'Pressed-color' from theme 'QT-Light-theme' to theme 'Light'
2026-04-09 11:15:11,034 - root - INFO - Copied variable 'SPACING_SM' from theme 'QT-Light-theme' to theme 'Light'
2026-04-09 11:15:11,034 - root - INFO - Copied variable 'Disabled-color' from theme 'QT-Light-theme' to theme 'Light'
2026-04-09 11:15:11,035 - root - INFO - Copied variable 'GRADIENT' from theme 'Light' to theme 'Dark'
2026-04-09 11:15:11,035 - root - INFO - Copied variable 'NAV_BG' from theme 'Light' to theme 'Dark'
2026-04-09 11:15:11,035 - root - INFO - Copied variable 'CARD_BG' from theme 'Light' to theme 'Dark'
2026-04-09 11:15:11,036 - root - INFO - Copied variable 'FOOTER_BG' from theme 'Light' to theme 'Dark'
2026-04-09 11:15:11,036 - root - INFO - Copied variable 'BORDER_COLOR' from theme 'Light' to theme 'Dark'
2026-04-09 11:15:11,037 - root - INFO - Copied variable 'HOVER_GLOW' from theme 'Light' to theme 'Dark'
2026-04-09 11:15:11,038 - root - INFO - Copied variable 'SPACING_MD' from theme 'Light' to theme 'Dark'
2026-04-09 11:15:11,038 - root - INFO - Copied variable 'CARD_RADIUS' from theme 'Light' to theme 'Dark'
2026-04-09 11:15:11,039 - root - INFO - Copied variable 'SPACING_LG' from theme 'Light' to theme 'Dark'
2026-04-09 11:15:11,039 - root - INFO - Copied variable 'Hover-color' from theme 'Light' to theme 'Dark'
2026-04-09 11:15:11,040 - root - INFO - Copied variable 'Pressed-color' from theme 'Light' to theme 'Dark'
2026-04-09 11:15:11,040 - root - INFO - Copied variable 'SPACING_SM' from theme 'Light' to theme 'Dark'
2026-04-09 11:15:11,041 - root - INFO - Copied variable 'Disabled-color' from theme 'Light' to theme 'Dark'
2026-04-09 11:15:11,041 - root - INFO - Copied variable 'Disabled-color' from theme 'Light' to theme 'QT-Dark-theme'
2026-04-09 11:15:11,041 - root - INFO - Copied variable 'Hover-color' from theme 'Light' to theme 'QT-Dark-theme'
2026-04-09 11:15:11,042 - root - INFO - Copied variable 'Pressed-color' from theme 'Light' to theme 'QT-Dark-theme'
2026-04-09 11:15:11,042 - root - INFO - Should live compile stylesheet?: False
2026-04-09 11:15:11,043 - root - INFO - Should paint Qt Designer UI?: False
2026-04-09 11:15:11,059 - root - INFO - SUCCESS: ✅ Live monitoring QSS/SCSS files
2026-04-09 11:15:11,059 - root - INFO -    • defaultStyle.scss
2026-04-09 11:15:11,060 - root - INFO - QSS file monitor started
2026-04-09 11:15:11,063 - root - INFO - Theme changed detected in QCustomQRGenerator
2026-04-09 11:15:11,063 - root - INFO - Updated fill color from palette: #ffffff
2026-04-09 11:15:11,064 - root - INFO - Updated background color from palette: #1e1e1e
2026-04-09 11:15:11,064 - root - INFO - Updated gradient start color from palette: #0078d4
2026-04-09 11:15:11,064 - root - INFO - Updated gradient end color from palette: #d45c00
2026-04-09 11:15:11,065 - root - INFO - Generating new QR code with fill: #ffffff, background: #1e1e1e
2026-04-09 11:15:11,068 - root - INFO - Using basic styling with fill: #ffffff, background: #1e1e1e
2026-04-09 11:15:11,079 - root - INFO - QR code generated successfully
2026-04-09 11:15:11,082 - root - INFO - Using cached QR code
2026-04-09 11:15:11,095 - root - INFO - Applied App Theme (Dark: True) to chart
2026-04-09 11:15:11,100 - root - INFO - Applied App Theme (Dark: True) to chart
2026-04-09 11:15:11,109 - root - INFO - Applied App Theme (Dark: True) to chart
2026-04-09 11:15:11,110 - root - INFO - Applied App Theme (Dark: True) to chart
2026-04-09 11:15:11,117 - root - INFO - Applied App Theme (Dark: True) to chart
2026-04-09 11:15:11,119 - root - INFO - Applied App Theme (Dark: True) to chart
2026-04-09 11:15:11,125 - root - INFO - Applied App Theme (Dark: True) to chart
2026-04-09 11:15:11,126 - root - INFO - Applied App Theme (Dark: True) to chart
2026-04-09 11:15:11,408 - root - INFO - SUCCESS: ✅ Live monitoring QSS/SCSS files
2026-04-09 11:15:11,409 - root - INFO -    • defaultStyle.scss
2026-04-09 11:15:11,409 - root - INFO - QSS file monitor started
2026-04-09 11:15:11,411 - root - INFO - File listener disabled
2026-04-09 11:15:11,415 - root - INFO - File listener disabled
2026-04-09 11:15:21,130 - root - INFO - SUCCESS: ✅ Live monitoring QSS/SCSS files
2026-04-09 11:15:21,131 - root - INFO -    • defaultStyle.scss
2026-04-09 11:15:21,132 - root - INFO - File listener disabled
2026-04-09 11:15:21,132 - root - INFO - Should live compile stylesheet?: False
2026-04-09 11:15:21,133 - root - INFO - Should paint Qt Designer UI?: False
2026-04-09 11:15:21,135 - root - INFO - Should live compile stylesheet?: False
2026-04-09 11:15:21,136 - root - INFO - Should paint Qt Designer UI?: True
2026-04-09 11:15:21,136 - root - INFO - No change for QMainWindow.customSideDrawers. Value is already src\ui_LeftSideDrawer.py,src\ui_TopSideDrawer.py,src\ui_BottomSideDrawer.py,src\ui_RightSideDrawer.py.
2026-04-09 11:15:21,142 - root - ERROR - Error updating designer label: libshiboken: Internal C++ object (PySide6.QtWidgets.QLabel) already deleted.
2026-04-09 11:15:21,192 - root - ERROR - Error updating designer label: libshiboken: Internal C++ object (PySide6.QtWidgets.QLabel) already deleted.
2026-04-09 11:15:21,208 - root - ERROR - Error updating designer label: libshiboken: Internal C++ object (PySide6.QtWidgets.QLabel) already deleted.
2026-04-09 11:15:21,239 - root - INFO - Theme changed detected in QCustomQRGenerator
2026-04-09 11:15:21,240 - root - INFO - Updated fill color from palette: #ffffff
2026-04-09 11:15:21,240 - root - INFO - Updated background color from palette: #1e1e1e
2026-04-09 11:15:21,241 - root - INFO - Updated gradient start color from palette: #0078d4
2026-04-09 11:15:21,241 - root - INFO - Updated gradient end color from palette: #d45c00
2026-04-09 11:15:21,242 - root - INFO - Generating new QR code with fill: #ffffff, background: #1e1e1e
2026-04-09 11:15:21,245 - root - INFO - Using basic styling with fill: #ffffff, background: #1e1e1e
2026-04-09 11:15:21,248 - root - INFO - QR code generated successfully
2026-04-09 11:15:21,249 - root - INFO - Using cached QR code
2026-04-09 11:15:21,282 - root - ERROR - Error updating designer label: libshiboken: Internal C++ object (PySide6.QtWidgets.QLabel) already deleted.
2026-04-09 11:15:21,489 - root - ERROR - Error updating designer label: libshiboken: Internal C++ object (PySide6.QtWidgets.QLabel) already deleted.
2026-04-09 11:34:25,754 - root - INFO - SUCCESS: ✅ Live monitoring QSS/SCSS files
2026-04-09 11:34:25,755 - root - INFO -    • defaultStyle.scss
2026-04-09 11:34:25,755 - root - INFO - QSS file monitor started
2026-04-09 11:34:25,833 - root - INFO - File listener disabled
2026-04-09 11:34:25,849 - root - INFO - SUCCESS: ✅ Live monitoring QSS/SCSS files
2026-04-09 11:34:25,850 - root - INFO -    • defaultStyle.scss
2026-04-09 11:34:25,850 - root - INFO - QSS file monitor started
2026-04-09 11:34:25,892 - root - INFO - File listener disabled
2026-04-09 11:34:25,908 - root - INFO - SUCCESS: ✅ Live monitoring QSS/SCSS files
2026-04-09 11:34:25,909 - root - INFO -    • defaultStyle.scss
2026-04-09 11:34:25,909 - root - INFO - QSS file monitor started
2026-04-09 11:34:25,918 - root - CRITICAL - Button with name 'menuBtn' not found.
2026-04-09 11:34:25,993 - root - INFO - File listener disabled
2026-04-09 11:34:26,029 - root - INFO - SUCCESS: ✅ Live monitoring QSS/SCSS files
2026-04-09 11:34:26,030 - root - INFO -    • defaultStyle.scss
2026-04-09 11:34:26,030 - root - INFO - QSS file monitor started
2026-04-09 11:34:26,122 - root - INFO - Theme changed detected in QCustomQRGenerator
2026-04-09 11:34:26,123 - root - INFO - Updated fill color from palette: #ffffff
2026-04-09 11:34:26,123 - root - INFO - Updated background color from palette: #1e1e1e
2026-04-09 11:34:26,124 - root - INFO - Updated gradient start color from palette: #0078d4
2026-04-09 11:34:26,124 - root - INFO - Updated gradient end color from palette: #d45c00
2026-04-09 11:34:26,125 - root - INFO - Generating new QR code with fill: #ffffff, background: #1e1e1e
2026-04-09 11:34:26,130 - root - INFO - Using basic styling with fill: #ffffff, background: #1e1e1e
2026-04-09 11:34:26,133 - root - INFO - QR code generated successfully
2026-04-09 11:34:26,136 - root - INFO - Using cached QR code
2026-04-09 11:34:26,201 - root - INFO - File listener disabled
2026-04-09 11:34:26,252 - root - INFO - SUCCESS: ✅ Live monitoring QSS/SCSS files
2026-04-09 11:34:26,253 - root - INFO -    • defaultStyle.scss
2026-04-09 11:34:26,253 - root - INFO - QSS file monitor started
2026-04-09 11:34:26,409 - root - INFO - File listener disabled
2026-04-09 11:34:38,824 - root - INFO - File listener disabled
2026-04-09 11:34:38,839 - root - INFO - File listener disabled
2026-04-09 11:34:38,855 - root - INFO - File listener disabled
2026-04-09 11:34:38,872 - root - INFO - File listener disabled
2026-04-09 11:34:38,885 - root - INFO - File listener disabled
2026-04-09 11:34:38,897 - root - INFO - File listener disabled
2026-04-09 11:34:38,910 - root - INFO - File listener disabled
2026-04-09 11:34:38,926 - root - INFO - File listener disabled
2026-04-09 11:34:38,930 - root - INFO - File listener disabled
2026-04-09 11:34:38,942 - root - INFO - File listener disabled
2026-04-09 11:34:38,967 - root - INFO - File listener disabled
2026-04-09 11:34:38,981 - root - INFO - File listener disabled
2026-04-09 11:34:38,996 - root - INFO - File listener disabled
2026-04-09 11:34:39,000 - root - INFO - File listener disabled
2026-04-09 11:34:39,014 - root - INFO - File listener disabled
2026-04-09 11:34:53,023 - root - INFO - File listener disabled
2026-04-09 11:34:53,030 - root - INFO - File listener disabled
2026-04-09 11:34:53,076 - root - INFO - File listener disabled
2026-04-09 11:34:53,094 - root - INFO - File listener disabled
2026-04-09 11:34:53,104 - root - INFO - File listener disabled
2026-04-09 11:34:53,114 - root - INFO - File listener disabled
2026-04-09 11:34:53,121 - root - INFO - File listener disabled
2026-04-09 11:34:53,130 - root - INFO - File listener disabled
2026-04-09 11:34:53,137 - root - INFO - File listener disabled
2026-04-09 11:34:53,146 - root - INFO - File listener disabled
2026-04-09 11:34:53,153 - root - INFO - File listener disabled
2026-04-09 11:34:53,159 - root - INFO - File listener disabled
2026-04-09 11:34:53,166 - root - INFO - File listener disabled
2026-04-09 11:34:53,176 - root - INFO - File listener disabled
2026-04-09 11:34:53,183 - root - INFO - File listener disabled
2026-04-09 11:34:53,190 - root - INFO - File listener disabled
2026-04-09 11:34:53,199 - root - INFO - File listener disabled
2026-04-09 11:34:53,206 - root - INFO - File listener disabled
2026-04-09 11:34:53,331 - root - INFO - File listener disabled
2026-04-09 11:34:53,358 - root - INFO - File listener disabled
2026-04-09 11:34:53,374 - root - INFO - File listener disabled
2026-04-09 11:34:53,384 - root - INFO - File listener disabled
2026-04-09 11:34:53,388 - root - INFO - File listener disabled
2026-04-09 11:34:53,396 - root - INFO - File listener disabled
2026-04-09 11:34:53,402 - root - INFO - File listener disabled
2026-04-09 11:34:53,411 - root - INFO - File listener disabled
2026-04-09 11:34:53,418 - root - INFO - File listener disabled
2026-04-09 11:34:53,426 - root - INFO - File listener disabled
2026-04-09 11:34:53,432 - root - INFO - File listener disabled
2026-04-09 11:34:53,440 - root - INFO - File listener disabled
2026-04-09 11:34:53,446 - root - INFO - File listener disabled
2026-04-09 11:34:53,456 - root - INFO - File listener disabled
2026-04-09 11:34:53,462 - root - INFO - File listener disabled
2026-04-09 11:34:53,471 - root - INFO - File listener disabled
2026-04-09 11:34:53,478 - root - INFO - File listener disabled
2026-04-09 11:34:53,486 - root - INFO - File listener disabled
2026-04-09 11:34:53,493 - root - INFO - File listener disabled
2026-04-09 11:34:53,501 - root - INFO - File listener disabled
2026-04-09 11:34:53,509 - root - INFO - File listener disabled
2026-04-09 11:34:53,518 - root - INFO - File listener disabled
2026-04-09 11:34:53,524 - root - INFO - File listener disabled
2026-04-09 11:34:53,533 - root - INFO - File listener disabled
2026-04-09 11:34:53,541 - root - INFO - File listener disabled
2026-04-09 11:34:53,553 - root - INFO - File listener disabled
2026-04-09 11:34:53,559 - root - INFO - File listener disabled
2026-04-09 11:34:53,569 - root - INFO - File listener disabled
2026-04-09 11:34:53,576 - root - INFO - File listener disabled
2026-04-09 11:34:53,585 - root - INFO - File listener disabled
2026-04-09 11:34:53,591 - root - INFO - File listener disabled
2026-04-09 11:34:53,600 - root - INFO - File listener disabled
2026-04-09 11:34:53,606 - root - INFO - File listener disabled
2026-04-09 11:34:53,615 - root - INFO - File listener disabled
2026-04-09 11:34:53,622 - root - INFO - File listener disabled
2026-04-09 11:34:53,631 - root - INFO - File listener disabled
2026-04-09 11:34:53,638 - root - INFO - File listener disabled
2026-04-09 11:34:53,647 - root - INFO - File listener disabled
2026-04-09 11:34:53,656 - root - INFO - File listener disabled
2026-04-09 11:34:53,664 - root - INFO - File listener disabled
2026-04-09 11:34:53,669 - root - INFO - File listener disabled
2026-04-09 11:34:53,678 - root - INFO - File listener disabled
2026-04-09 11:34:53,685 - root - INFO - File listener disabled
2026-04-09 11:34:53,693 - root - INFO - File listener disabled
2026-04-09 11:34:53,701 - root - INFO - File listener disabled
2026-04-09 11:34:53,710 - root - INFO - File listener disabled
2026-04-09 11:34:53,718 - root - INFO - File listener disabled
2026-04-09 11:34:53,726 - root - INFO - File listener disabled
2026-04-09 11:34:53,734 - root - INFO - File listener disabled
2026-04-09 11:34:53,742 - root - INFO - File listener disabled
2026-04-09 11:34:53,750 - root - INFO - File listener disabled
2026-04-09 11:34:53,759 - root - INFO - File listener disabled
2026-04-09 11:34:53,766 - root - INFO - File listener disabled
2026-04-09 11:34:53,774 - root - INFO - File listener disabled
2026-04-09 11:34:53,782 - root - INFO - File listener disabled
2026-04-09 11:34:53,791 - root - INFO - File listener disabled
2026-04-09 11:34:53,801 - root - INFO - File listener disabled
2026-04-09 11:34:53,810 - root - INFO - File listener disabled
2026-04-09 11:34:53,816 - root - INFO - File listener disabled
2026-04-09 11:34:53,824 - root - INFO - File listener disabled
2026-04-09 11:34:53,832 - root - INFO - File listener disabled
2026-04-09 11:34:53,840 - root - INFO - File listener disabled
2026-04-09 11:34:53,853 - root - INFO - File listener disabled
2026-04-09 11:34:53,865 - root - INFO - File listener disabled
2026-04-09 11:34:53,873 - root - INFO - File listener disabled
2026-04-09 11:34:53,880 - root - INFO - File listener disabled
2026-04-09 11:34:53,888 - root - INFO - File listener disabled
2026-04-09 11:34:53,894 - root - INFO - File listener disabled
2026-04-09 11:34:53,902 - root - INFO - File listener disabled
2026-04-09 11:34:53,912 - root - INFO - File listener disabled
2026-04-09 11:34:53,925 - root - INFO - File listener disabled
2026-04-09 11:34:53,932 - root - INFO - File listener disabled
2026-04-09 11:34:53,940 - root - INFO - File listener disabled
2026-04-09 11:34:53,948 - root - INFO - File listener disabled
2026-04-09 11:34:53,959 - root - INFO - File listener disabled
2026-04-09 11:34:53,968 - root - INFO - File listener disabled
2026-04-09 11:34:53,974 - root - INFO - File listener disabled
2026-04-09 11:34:53,981 - root - INFO - File listener disabled
2026-04-09 11:34:53,990 - root - INFO - File listener disabled
2026-04-09 11:34:53,997 - root - INFO - File listener disabled
2026-04-09 11:34:54,005 - root - INFO - File listener disabled
2026-04-09 11:34:54,014 - root - INFO - File listener disabled
2026-04-09 11:34:54,021 - root - INFO - File listener disabled
2026-04-09 11:34:54,030 - root - INFO - File listener disabled
2026-04-09 11:34:54,037 - root - INFO - File listener disabled
2026-04-09 11:34:54,045 - root - INFO - File listener disabled
2026-04-09 11:34:54,055 - root - INFO - File listener disabled
2026-04-09 11:34:54,064 - root - INFO - File listener disabled
2026-04-09 11:34:54,069 - root - INFO - File listener disabled
2026-04-09 11:34:54,084 - root - INFO - File listener disabled
2026-04-09 11:34:54,097 - root - INFO - File listener disabled
2026-04-09 11:34:54,104 - root - INFO - File listener disabled
2026-04-09 11:34:54,114 - root - INFO - File listener disabled
2026-04-09 11:34:54,122 - root - INFO - File listener disabled
2026-04-09 11:34:54,131 - root - INFO - File listener disabled
2026-04-09 11:34:54,137 - root - INFO - File listener disabled
2026-04-09 11:34:54,673 - root - INFO - File listener disabled
2026-04-09 11:34:54,685 - root - INFO - File listener disabled
2026-04-09 11:34:54,700 - root - INFO - File listener disabled
2026-04-09 11:34:54,711 - root - INFO - File listener disabled
2026-04-09 11:34:54,719 - root - INFO - File listener disabled
2026-04-09 11:34:54,726 - root - INFO - File listener disabled
2026-04-09 11:34:54,730 - root - INFO - File listener disabled
2026-04-09 11:34:54,740 - root - INFO - File listener disabled
2026-04-09 11:34:54,747 - root - INFO - File listener disabled
2026-04-09 11:34:54,756 - root - INFO - File listener disabled
2026-04-09 11:34:54,762 - root - INFO - File listener disabled
2026-04-09 11:34:54,772 - root - INFO - File listener disabled
2026-04-09 11:34:54,778 - root - INFO - File listener disabled
2026-04-09 11:34:54,789 - root - INFO - File listener disabled
2026-04-09 11:34:54,800 - root - INFO - File listener disabled
2026-04-09 11:34:54,804 - root - INFO - File listener disabled
2026-04-09 11:34:54,810 - root - INFO - File listener disabled
2026-04-09 11:34:54,820 - root - INFO - File listener disabled
2026-04-09 11:34:54,827 - root - INFO - File listener disabled
2026-04-09 11:34:54,836 - root - INFO - File listener disabled
2026-04-09 11:34:54,842 - root - INFO - File listener disabled
2026-04-09 11:34:54,854 - root - INFO - File listener disabled
2026-04-09 11:34:54,863 - root - INFO - File listener disabled
2026-04-09 11:34:54,868 - root - INFO - File listener disabled
2026-04-09 11:34:54,876 - root - INFO - File listener disabled
2026-04-09 11:34:54,884 - root - INFO - File listener disabled
2026-04-09 11:34:54,890 - root - INFO - File listener disabled
2026-04-09 11:34:54,899 - root - INFO - File listener disabled
2026-04-09 11:34:54,906 - root - INFO - File listener disabled
2026-04-09 11:34:54,915 - root - INFO - File listener disabled
2026-04-09 11:34:54,924 - root - INFO - File listener disabled
2026-04-09 11:34:54,932 - root - INFO - File listener disabled
2026-04-09 11:34:54,941 - root - INFO - File listener disabled
2026-04-09 11:34:54,948 - root - INFO - File listener disabled
2026-04-09 11:34:54,956 - root - INFO - File listener disabled
2026-04-09 11:34:54,964 - root - INFO - File listener disabled
2026-04-09 11:34:54,974 - root - INFO - File listener disabled
2026-04-09 11:34:55,030 - root - INFO - File listener disabled
2026-04-09 11:34:55,308 - root - INFO - File listener disabled
2026-04-09 11:34:55,340 - root - INFO - File listener disabled
2026-04-09 11:34:55,361 - root - INFO - File listener disabled
2026-04-09 11:34:55,869 - root - INFO - File listener disabled
2026-04-09 11:34:55,882 - root - INFO - File listener disabled
2026-04-09 11:34:55,889 - root - INFO - File listener disabled
2026-04-09 11:34:55,898 - root - INFO - File listener disabled
2026-04-09 11:34:55,905 - root - INFO - File listener disabled
2026-04-09 11:34:55,911 - root - INFO - File listener disabled
2026-04-09 11:34:55,919 - root - INFO - File listener disabled
2026-04-09 11:34:55,927 - root - INFO - File listener disabled
2026-04-09 11:34:55,935 - root - INFO - File listener disabled
2026-04-09 11:34:55,942 - root - INFO - File listener disabled
2026-04-09 11:34:55,950 - root - INFO - File listener disabled
2026-04-09 11:34:55,957 - root - INFO - File listener disabled
2026-04-09 11:34:55,965 - root - INFO - File listener disabled
2026-04-09 11:34:55,980 - root - INFO - File listener disabled
2026-04-09 11:34:56,548 - root - INFO - File listener disabled
2026-04-09 11:34:56,558 - root - INFO - File listener disabled
2026-04-09 11:34:56,572 - root - INFO - File listener disabled
2026-04-09 11:34:56,584 - root - INFO - File listener disabled
2026-04-09 11:34:56,600 - root - INFO - File listener disabled
2026-04-09 11:34:56,616 - root - INFO - File listener disabled
2026-04-09 11:34:56,629 - root - INFO - File listener disabled
2026-04-09 11:34:56,647 - root - INFO - File listener disabled
2026-04-09 11:34:56,659 - root - INFO - File listener disabled
2026-04-09 11:34:56,680 - root - INFO - File listener disabled
2026-04-09 11:35:00,933 - root - INFO - File listener disabled
2026-04-09 11:35:00,956 - root - INFO - File listener disabled
2026-04-09 11:35:00,975 - root - INFO - File listener disabled
2026-04-09 11:35:00,991 - root - INFO - File listener disabled
2026-04-09 11:35:01,001 - root - INFO - File listener disabled
2026-04-09 11:35:01,009 - root - INFO - File listener disabled
2026-04-09 11:35:01,019 - root - INFO - File listener disabled
2026-04-09 11:35:01,030 - root - INFO - File listener disabled
2026-04-09 11:35:01,040 - root - INFO - File listener disabled
2026-04-09 11:35:01,048 - root - INFO - File listener disabled
2026-04-09 11:35:01,056 - root - INFO - File listener disabled
2026-04-09 11:35:01,062 - root - INFO - File listener disabled
2026-04-09 11:35:01,072 - root - INFO - File listener disabled
2026-04-09 11:35:01,078 - root - INFO - File listener disabled
2026-04-09 11:35:01,086 - root - INFO - File listener disabled
2026-04-09 11:35:01,093 - root - INFO - File listener disabled
2026-04-09 11:35:01,104 - root - INFO - File listener disabled
2026-04-09 11:35:01,111 - root - INFO - File listener disabled
2026-04-09 11:35:01,120 - root - INFO - File listener disabled
2026-04-09 11:35:01,127 - root - INFO - File listener disabled
2026-04-09 11:35:01,135 - root - INFO - File listener disabled
2026-04-09 11:35:01,144 - root - INFO - File listener disabled
2026-04-09 11:35:01,152 - root - INFO - File listener disabled
2026-04-09 11:35:01,158 - root - INFO - File listener disabled
2026-04-09 11:35:01,166 - root - INFO - File listener disabled
2026-04-09 11:35:01,175 - root - INFO - File listener disabled
2026-04-09 11:35:01,183 - root - INFO - File listener disabled
2026-04-09 11:35:01,189 - root - INFO - File listener disabled
2026-04-09 11:35:01,198 - root - INFO - File listener disabled
2026-04-09 11:35:01,206 - root - INFO - File listener disabled
2026-04-09 11:35:01,214 - root - INFO - File listener disabled
2026-04-09 11:35:01,221 - root - INFO - File listener disabled
2026-04-09 11:35:01,241 - root - INFO - File listener disabled
2026-04-09 11:35:01,270 - root - INFO - File listener disabled
2026-04-09 11:35:03,957 - root - INFO - File listener disabled
2026-04-09 11:35:03,970 - root - INFO - File listener disabled
2026-04-09 11:35:03,978 - root - INFO - File listener disabled
2026-04-09 11:35:03,989 - root - INFO - File listener disabled
2026-04-09 11:35:03,996 - root - INFO - File listener disabled
2026-04-09 11:35:04,007 - root - INFO - File listener disabled
2026-04-09 11:35:04,017 - root - INFO - File listener disabled
2026-04-09 11:35:04,024 - root - INFO - File listener disabled
2026-04-09 11:35:04,034 - root - INFO - File listener disabled
2026-04-09 11:35:04,040 - root - INFO - File listener disabled
2026-04-09 11:35:04,051 - root - INFO - File listener disabled
2026-04-09 11:35:04,057 - root - INFO - File listener disabled
2026-04-09 11:35:04,066 - root - INFO - File listener disabled
2026-04-09 11:35:04,073 - root - INFO - File listener disabled
2026-04-09 11:35:04,086 - root - INFO - File listener disabled
2026-04-09 11:35:04,093 - root - INFO - File listener disabled
2026-04-09 11:35:04,102 - root - INFO - File listener disabled
2026-04-09 11:35:04,106 - root - INFO - File listener disabled
2026-04-09 11:35:04,116 - root - INFO - File listener disabled
2026-04-09 11:35:04,124 - root - INFO - File listener disabled
2026-04-09 11:35:04,133 - root - INFO - File listener disabled
2026-04-09 11:35:04,139 - root - INFO - File listener disabled
2026-04-09 11:35:04,149 - root - INFO - File listener disabled
2026-04-09 11:35:04,156 - root - INFO - File listener disabled
2026-04-09 11:35:04,164 - root - INFO - File listener disabled
2026-04-09 11:35:04,171 - root - INFO - File listener disabled
2026-04-09 11:35:04,213 - root - INFO - File listener disabled
2026-04-09 11:35:04,257 - root - INFO - File listener disabled
2026-04-09 11:35:04,309 - root - INFO - File listener disabled
2026-04-09 11:35:12,445 - root - INFO - File listener disabled
2026-04-09 11:35:12,475 - root - INFO - File listener disabled
2026-04-09 11:35:12,494 - root - INFO - File listener disabled
2026-04-09 11:35:12,516 - root - INFO - File listener disabled
2026-04-09 11:35:12,524 - root - INFO - File listener disabled
2026-04-09 11:35:12,547 - root - INFO - File listener disabled
2026-04-09 11:35:12,571 - root - INFO - File listener disabled
2026-04-09 11:35:12,592 - root - INFO - File listener disabled
2026-04-09 11:35:12,611 - root - INFO - File listener disabled
2026-04-09 11:35:12,632 - root - INFO - File listener disabled
2026-04-09 11:35:12,654 - root - INFO - File listener disabled
2026-04-09 11:35:12,674 - root - INFO - File listener disabled
2026-04-09 11:35:12,697 - root - INFO - File listener disabled
2026-04-09 11:35:12,722 - root - INFO - File listener disabled
2026-04-09 11:35:12,752 - root - INFO - File listener disabled
2026-04-09 11:35:12,774 - root - INFO - File listener disabled
2026-04-09 11:35:12,791 - root - INFO - File listener disabled
2026-04-09 11:35:12,808 - root - INFO - File listener disabled
2026-04-09 11:35:12,814 - root - INFO - File listener disabled
2026-04-09 11:35:12,830 - root - INFO - File listener disabled
2026-04-09 11:35:12,847 - root - INFO - File listener disabled
2026-04-09 11:35:12,865 - root - INFO - File listener disabled
2026-04-09 11:35:12,885 - root - INFO - File listener disabled
2026-04-09 11:35:12,906 - root - INFO - File listener disabled
2026-04-09 11:35:12,916 - root - INFO - File listener disabled
2026-04-09 11:35:12,935 - root - INFO - File listener disabled
2026-04-09 11:35:13,189 - root - INFO - File listener disabled
2026-04-09 11:35:13,214 - root - INFO - File listener disabled
2026-04-09 11:35:13,222 - root - INFO - File listener disabled
2026-04-09 11:35:13,251 - root - INFO - File listener disabled
2026-04-09 11:35:13,280 - root - INFO - File listener disabled
2026-04-09 11:35:13,304 - root - INFO - File listener disabled
2026-04-09 11:35:13,325 - root - INFO - File listener disabled
2026-04-09 11:35:13,864 - root - INFO - File listener disabled
2026-04-09 11:35:13,887 - root - INFO - File listener disabled
2026-04-09 11:35:13,908 - root - INFO - File listener disabled
2026-04-09 11:35:13,917 - root - INFO - File listener disabled
2026-04-09 11:35:13,944 - root - INFO - File listener disabled
2026-04-09 11:35:13,951 - root - INFO - File listener disabled
2026-04-09 11:35:13,971 - root - INFO - File listener disabled
2026-04-09 11:35:14,007 - root - INFO - File listener disabled
2026-04-09 11:35:18,748 - root - INFO - File listener disabled
2026-04-09 11:35:18,782 - root - INFO - File listener disabled
2026-04-09 11:35:18,813 - root - INFO - File listener disabled
2026-04-09 11:35:18,835 - root - INFO - File listener disabled
2026-04-09 11:35:18,855 - root - INFO - File listener disabled
2026-04-09 11:35:18,875 - root - INFO - File listener disabled
2026-04-09 11:35:18,885 - root - INFO - File listener disabled
2026-04-09 11:35:18,912 - root - INFO - File listener disabled
2026-04-09 11:35:18,939 - root - INFO - File listener disabled
2026-04-09 11:35:18,966 - root - INFO - File listener disabled
2026-04-09 11:35:19,100 - root - INFO - File listener disabled
2026-04-09 11:35:19,485 - root - INFO - File listener disabled
2026-04-09 11:35:19,529 - root - INFO - File listener disabled
2026-04-09 11:35:19,557 - root - INFO - File listener disabled
2026-04-09 11:35:19,582 - root - INFO - File listener disabled
2026-04-09 11:35:19,599 - root - INFO - File listener disabled
2026-04-09 11:35:19,617 - root - INFO - File listener disabled
2026-04-09 11:35:19,688 - root - INFO - File listener disabled
2026-04-09 11:35:20,295 - root - INFO - File listener disabled
2026-04-09 11:35:20,328 - root - INFO - File listener disabled
2026-04-09 11:35:20,355 - root - INFO - File listener disabled
2026-04-09 11:35:20,381 - root - INFO - File listener disabled
2026-04-09 11:35:20,411 - root - INFO - File listener disabled
2026-04-09 11:35:20,436 - root - INFO - File listener disabled
2026-04-09 11:35:20,464 - root - INFO - File listener disabled
2026-04-09 11:35:20,488 - root - INFO - File listener disabled
2026-04-09 11:35:20,511 - root - INFO - File listener disabled
2026-04-09 11:35:20,533 - root - INFO - File listener disabled
2026-04-09 11:35:20,554 - root - INFO - File listener disabled
2026-04-09 11:35:20,580 - root - INFO - File listener disabled
2026-04-09 11:35:20,605 - root - INFO - File listener disabled
2026-04-09 11:35:20,630 - root - INFO - File listener disabled
2026-04-09 11:35:20,656 - root - INFO - File listener disabled
2026-04-09 11:35:20,678 - root - INFO - File listener disabled
2026-04-09 11:35:20,701 - root - INFO - File listener disabled
2026-04-09 11:35:20,722 - root - INFO - File listener disabled
2026-04-09 11:35:20,745 - root - INFO - File listener disabled
2026-04-09 11:35:24,560 - root - INFO - File listener disabled
2026-04-09 11:35:24,589 - root - INFO - File listener disabled
2026-04-09 11:35:24,611 - root - INFO - File listener disabled
2026-04-09 11:35:24,633 - root - INFO - File listener disabled
2026-04-09 11:35:24,658 - root - INFO - File listener disabled
2026-04-09 11:35:24,681 - root - INFO - File listener disabled
2026-04-09 11:35:24,701 - root - INFO - File listener disabled
2026-04-09 11:35:24,732 - root - INFO - File listener disabled
2026-04-09 11:35:24,763 - root - INFO - File listener disabled
2026-04-09 11:35:24,786 - root - INFO - File listener disabled
2026-04-09 11:35:36,263 - root - INFO - SUCCESS: ✅ Live monitoring QSS/SCSS files
2026-04-09 11:35:36,264 - root - INFO -    • defaultStyle.scss
2026-04-09 11:35:36,265 - root - INFO - File listener disabled
2026-04-09 11:35:36,266 - root - INFO - Should live compile stylesheet?: False
2026-04-09 11:35:36,266 - root - INFO - Should paint Qt Designer UI?: False
2026-04-09 11:35:36,268 - root - INFO - Should live compile stylesheet?: False
2026-04-09 11:35:36,269 - root - INFO - Should paint Qt Designer UI?: True
2026-04-09 11:35:36,270 - root - INFO - No change for QMainWindow.customSideDrawers. Value is already src\ui_LeftSideDrawer.py,src\ui_TopSideDrawer.py,src\ui_BottomSideDrawer.py,src\ui_RightSideDrawer.py.
2026-04-09 11:35:36,287 - root - ERROR - Error updating designer label: libshiboken: Internal C++ object (PySide6.QtWidgets.QLabel) already deleted.
2026-04-09 11:35:36,351 - root - ERROR - Error updating designer label: libshiboken: Internal C++ object (PySide6.QtWidgets.QLabel) already deleted.
2026-04-09 11:35:36,384 - root - ERROR - Error updating designer label: libshiboken: Internal C++ object (PySide6.QtWidgets.QLabel) already deleted.
2026-04-09 11:35:36,463 - root - INFO - Theme changed detected in QCustomQRGenerator
2026-04-09 11:35:36,464 - root - INFO - Updated fill color from palette: #ffffff
2026-04-09 11:35:36,464 - root - INFO - Updated background color from palette: #1e1e1e
2026-04-09 11:35:36,465 - root - INFO - Updated gradient start color from palette: #0078d4
2026-04-09 11:35:36,465 - root - INFO - Updated gradient end color from palette: #d45c00
2026-04-09 11:35:36,466 - root - INFO - Generating new QR code with fill: #ffffff, background: #1e1e1e
2026-04-09 11:35:36,469 - root - INFO - Using basic styling with fill: #ffffff, background: #1e1e1e
2026-04-09 11:35:36,472 - root - INFO - QR code generated successfully
2026-04-09 11:35:36,473 - root - INFO - Using cached QR code
2026-04-09 11:35:36,547 - root - ERROR - Error updating designer label: libshiboken: Internal C++ object (PySide6.QtWidgets.QLabel) already deleted.
2026-04-09 11:35:36,609 - root - ERROR - Error updating designer label: libshiboken: Internal C++ object (PySide6.QtWidgets.QLabel) already deleted.
2026-04-09 12:21:09,083 - root - INFO - Registering Custom Widgets
2026-04-09 12:21:09,089 - root - INFO - Registering QCustomQMainWindow
2026-04-09 12:21:09,093 - root - INFO - Registering QAvatarWidget
2026-04-09 12:21:09,096 - root - INFO - Registering QBadgeWidget
2026-04-09 12:21:09,099 - root - INFO - Registering AnalogGaugeWidget
2026-04-09 12:21:09,103 - root - INFO - Registering QCustomThemeList
2026-04-09 12:21:09,108 - root - INFO - Registering QCustomThemeDarkLightToggle
2026-04-09 12:21:09,109 - root - INFO - Registering QCustomCheckBox
2026-04-09 12:21:09,110 - root - INFO - Registering QCustomSidebar
2026-04-09 12:21:09,111 - root - INFO - Registering QCustomHamburgerMenu
2026-04-09 12:21:09,113 - root - INFO - Registering QCustomHorizontalSeparator
2026-04-09 12:21:09,115 - root - INFO - Registering QCustomVerticalSeparator
2026-04-09 12:21:09,119 - root - INFO - Registering QCustomSidebarLabel
2026-04-09 12:21:09,120 - root - INFO - Registering QCustomSidebarButton
2026-04-09 12:21:09,125 - root - INFO - Registering QCustomRoundProgressBar
2026-04-09 12:21:09,128 - root - INFO - Registering QCustomComponent
2026-04-09 12:21:09,132 - root - INFO - Registering QCustomComponentContainer
2026-04-09 12:21:09,136 - root - INFO - Registering QCustomQStackedWidget
2026-04-09 12:21:09,149 - root - INFO - Registering QCustomQProgressBar
2026-04-09 12:21:09,187 - root - INFO - Registering QCustomQRGenerator
2026-04-09 12:21:09,282 - root - INFO - Registering QCustomLineChart
2026-04-09 12:21:09,301 - root - INFO - QCustomLineChart registered successfully
2026-04-09 12:21:09,302 - root - INFO - Registering QCustomBarChart
2026-04-09 12:21:09,303 - root - INFO - QCustomBarChart registered successfully
2026-04-09 12:21:09,303 - root - INFO - Registering QCustomAreaChart
2026-04-09 12:21:09,304 - root - INFO - QCustomAreaChart registered successfully
2026-04-09 12:21:09,305 - root - INFO - Registering QCustomPieChart
2026-04-09 12:21:09,305 - root - INFO - QCustomPieChart registered successfully
2026-04-09 12:21:09,306 - root - INFO - ✓ All chart widgets registered successfully!
2026-04-09 12:21:09,333 - root - DEBUG - Failed to load Product Sans font
2026-04-09 12:21:09,335 - root - DEBUG - Added SASS file to watcher: D:\Vishwa\Qt\25ThemeEngine\Qss\scss\defaultStyle.scss
2026-04-09 12:21:09,335 - root - INFO - SUCCESS: ✅ Live monitoring QSS/SCSS files
2026-04-09 12:21:09,336 - root - INFO -    • defaultStyle.scss
2026-04-09 12:21:09,336 - root - INFO - File listener disabled
2026-04-09 12:21:09,337 - root - INFO - Copied variable 'SPACING_MD' from theme 'QT-Light-theme' to theme 'Light'
2026-04-09 12:21:09,337 - root - INFO - Copied variable 'BORDER_COLOR' from theme 'QT-Light-theme' to theme 'Light'
2026-04-09 12:21:09,338 - root - INFO - Copied variable 'HOVER_GLOW' from theme 'QT-Light-theme' to theme 'Light'
2026-04-09 12:21:09,338 - root - INFO - Copied variable 'CARD_RADIUS' from theme 'QT-Light-theme' to theme 'Light'
2026-04-09 12:21:09,338 - root - INFO - Copied variable 'Pressed-color' from theme 'QT-Light-theme' to theme 'Light'
2026-04-09 12:21:09,339 - root - INFO - Copied variable 'FOOTER_BG' from theme 'QT-Light-theme' to theme 'Light'
2026-04-09 12:21:09,339 - root - INFO - Copied variable 'SPACING_SM' from theme 'QT-Light-theme' to theme 'Light'
2026-04-09 12:21:09,340 - root - INFO - Copied variable 'SPACING_LG' from theme 'QT-Light-theme' to theme 'Light'
2026-04-09 12:21:09,340 - root - INFO - Copied variable 'GRADIENT' from theme 'QT-Light-theme' to theme 'Light'
2026-04-09 12:21:09,340 - root - INFO - Copied variable 'Hover-color' from theme 'QT-Light-theme' to theme 'Light'
2026-04-09 12:21:09,341 - root - INFO - Copied variable 'Disabled-color' from theme 'QT-Light-theme' to theme 'Light'
2026-04-09 12:21:09,341 - root - INFO - Copied variable 'NAV_BG' from theme 'QT-Light-theme' to theme 'Light'
2026-04-09 12:21:09,342 - root - INFO - Copied variable 'CARD_BG' from theme 'QT-Light-theme' to theme 'Light'
2026-04-09 12:21:09,342 - root - INFO - Copied variable 'SPACING_MD' from theme 'Light' to theme 'Dark'
2026-04-09 12:21:09,343 - root - INFO - Copied variable 'BORDER_COLOR' from theme 'Light' to theme 'Dark'
2026-04-09 12:21:09,344 - root - INFO - Copied variable 'HOVER_GLOW' from theme 'Light' to theme 'Dark'
2026-04-09 12:21:09,344 - root - INFO - Copied variable 'CARD_RADIUS' from theme 'Light' to theme 'Dark'
2026-04-09 12:21:09,345 - root - INFO - Copied variable 'Pressed-color' from theme 'Light' to theme 'Dark'
2026-04-09 12:21:09,345 - root - INFO - Copied variable 'FOOTER_BG' from theme 'Light' to theme 'Dark'
2026-04-09 12:21:09,346 - root - INFO - Copied variable 'SPACING_SM' from theme 'Light' to theme 'Dark'
2026-04-09 12:21:09,346 - root - INFO - Copied variable 'SPACING_LG' from theme 'Light' to theme 'Dark'
2026-04-09 12:21:09,347 - root - INFO - Copied variable 'GRADIENT' from theme 'Light' to theme 'Dark'
2026-04-09 12:21:09,347 - root - INFO - Copied variable 'Hover-color' from theme 'Light' to theme 'Dark'
2026-04-09 12:21:09,348 - root - INFO - Copied variable 'Disabled-color' from theme 'Light' to theme 'Dark'
2026-04-09 12:21:09,348 - root - INFO - Copied variable 'NAV_BG' from theme 'Light' to theme 'Dark'
2026-04-09 12:21:09,349 - root - INFO - Copied variable 'CARD_BG' from theme 'Light' to theme 'Dark'
2026-04-09 12:21:09,349 - root - INFO - Copied variable 'Pressed-color' from theme 'Light' to theme 'QT-Dark-theme'
2026-04-09 12:21:09,350 - root - INFO - Copied variable 'Hover-color' from theme 'Light' to theme 'QT-Dark-theme'
2026-04-09 12:21:09,350 - root - INFO - Copied variable 'Disabled-color' from theme 'Light' to theme 'QT-Dark-theme'
2026-04-09 12:21:09,351 - root - INFO - Should live compile stylesheet?: False
2026-04-09 12:21:09,351 - root - INFO - Should paint Qt Designer UI?: False
2026-04-09 12:21:09,370 - root - INFO - SUCCESS: ✅ Live monitoring QSS/SCSS files
2026-04-09 12:21:09,371 - root - INFO -    • defaultStyle.scss
2026-04-09 12:21:09,371 - root - INFO - QSS file monitor started
2026-04-09 12:21:09,375 - root - INFO - Theme changed detected in QCustomQRGenerator
2026-04-09 12:21:09,375 - root - INFO - Updated fill color from palette: #ffffff
2026-04-09 12:21:09,375 - root - INFO - Updated background color from palette: #1e1e1e
2026-04-09 12:21:09,376 - root - INFO - Updated gradient start color from palette: #0078d4
2026-04-09 12:21:09,376 - root - INFO - Updated gradient end color from palette: #d45c00
2026-04-09 12:21:09,376 - root - INFO - Generating new QR code with fill: #ffffff, background: #1e1e1e
2026-04-09 12:21:09,380 - root - INFO - Using basic styling with fill: #ffffff, background: #1e1e1e
2026-04-09 12:21:09,396 - root - INFO - QR code generated successfully
2026-04-09 12:21:09,399 - root - INFO - Using cached QR code
2026-04-09 12:21:09,414 - root - INFO - Applied App Theme (Dark: True) to chart
2026-04-09 12:21:09,417 - root - INFO - Applied App Theme (Dark: True) to chart
2026-04-09 12:21:09,427 - root - INFO - Applied App Theme (Dark: True) to chart
2026-04-09 12:21:09,429 - root - INFO - Applied App Theme (Dark: True) to chart
2026-04-09 12:21:09,434 - root - INFO - Applied App Theme (Dark: True) to chart
2026-04-09 12:21:09,435 - root - INFO - Applied App Theme (Dark: True) to chart
2026-04-09 12:21:09,444 - root - INFO - Applied App Theme (Dark: True) to chart
2026-04-09 12:21:09,445 - root - INFO - Applied App Theme (Dark: True) to chart
2026-04-09 12:21:09,737 - root - INFO - SUCCESS: ✅ Live monitoring QSS/SCSS files
2026-04-09 12:21:09,738 - root - INFO -    • defaultStyle.scss
2026-04-09 12:21:09,738 - root - INFO - QSS file monitor started
2026-04-09 12:21:09,741 - root - INFO - File listener disabled
2026-04-09 12:21:09,747 - root - INFO - File listener disabled
2026-04-09 12:21:25,897 - root - INFO - SUCCESS: ✅ Live monitoring QSS/SCSS files
2026-04-09 12:21:25,898 - root - INFO -    • defaultStyle.scss
2026-04-09 12:21:25,898 - root - INFO - QSS file monitor started
2026-04-09 12:21:27,712 - root - INFO - File listener disabled
2026-04-09 12:21:27,717 - root - INFO - SUCCESS: ✅ Live monitoring QSS/SCSS files
2026-04-09 12:21:27,719 - root - INFO -    • defaultStyle.scss
2026-04-09 12:21:27,720 - root - INFO - QSS file monitor started
2026-04-09 12:21:27,740 - root - INFO - File listener disabled
2026-04-09 12:21:27,744 - root - INFO - SUCCESS: ✅ Live monitoring QSS/SCSS files
2026-04-09 12:21:27,745 - root - INFO -    • defaultStyle.scss
2026-04-09 12:21:27,745 - root - INFO - QSS file monitor started
2026-04-09 12:21:27,768 - root - CRITICAL - Button with name 'menuBtn' not found.
2026-04-09 12:21:27,811 - root - INFO - File listener disabled
2026-04-09 12:21:27,832 - root - INFO - SUCCESS: ✅ Live monitoring QSS/SCSS files
2026-04-09 12:21:27,832 - root - INFO -    • defaultStyle.scss
2026-04-09 12:21:27,833 - root - INFO - QSS file monitor started
2026-04-09 12:21:27,881 - root - INFO - Theme changed detected in QCustomQRGenerator
2026-04-09 12:21:27,882 - root - INFO - Updated fill color from palette: #ffffff
2026-04-09 12:21:27,884 - root - INFO - Updated background color from palette: #1e1e1e
2026-04-09 12:21:27,884 - root - INFO - Updated gradient start color from palette: #0078d4
2026-04-09 12:21:27,884 - root - INFO - Updated gradient end color from palette: #d45c00
2026-04-09 12:21:27,885 - root - INFO - Generating new QR code with fill: #ffffff, background: #1e1e1e
2026-04-09 12:21:27,888 - root - INFO - Using basic styling with fill: #ffffff, background: #1e1e1e
2026-04-09 12:21:27,891 - root - INFO - QR code generated successfully
2026-04-09 12:21:27,892 - root - INFO - Using cached QR code
2026-04-09 12:21:27,932 - root - INFO - File listener disabled
2026-04-09 12:21:27,958 - root - INFO - SUCCESS: ✅ Live monitoring QSS/SCSS files
2026-04-09 12:21:27,958 - root - INFO -    • defaultStyle.scss
2026-04-09 12:21:27,959 - root - INFO - QSS file monitor started
2026-04-09 12:21:28,042 - root - INFO - File listener disabled
2026-04-09 12:24:52,903 - root - INFO - SUCCESS: ✅ Live monitoring QSS/SCSS files
2026-04-09 12:24:52,904 - root - INFO -    • defaultStyle.scss
2026-04-09 12:24:52,905 - root - INFO - File listener disabled
2026-04-09 12:24:52,905 - root - INFO - Should live compile stylesheet?: False
2026-04-09 12:24:52,906 - root - INFO - Should paint Qt Designer UI?: False
2026-04-09 12:24:52,907 - root - INFO - Should live compile stylesheet?: False
2026-04-09 12:24:52,908 - root - INFO - Should paint Qt Designer UI?: True
2026-04-09 12:24:52,908 - root - INFO - No change for QMainWindow.customSideDrawers. Value is already src\ui_LeftSideDrawer.py,src\ui_TopSideDrawer.py,src\ui_BottomSideDrawer.py,src\ui_RightSideDrawer.py.
2026-04-09 12:24:52,927 - root - ERROR - Error updating designer label: libshiboken: Internal C++ object (PySide6.QtWidgets.QLabel) already deleted.
2026-04-09 12:24:52,992 - root - ERROR - Error updating designer label: libshiboken: Internal C++ object (PySide6.QtWidgets.QLabel) already deleted.
2026-04-09 12:24:53,026 - root - ERROR - Error updating designer label: libshiboken: Internal C++ object (PySide6.QtWidgets.QLabel) already deleted.
2026-04-09 12:24:53,098 - root - INFO - Theme changed detected in QCustomQRGenerator
2026-04-09 12:24:53,099 - root - INFO - Updated fill color from palette: #ffffff
2026-04-09 12:24:53,099 - root - INFO - Updated background color from palette: #1e1e1e
2026-04-09 12:24:53,100 - root - INFO - Updated gradient start color from palette: #0078d4
2026-04-09 12:24:53,100 - root - INFO - Updated gradient end color from palette: #d45c00
2026-04-09 12:24:53,101 - root - INFO - Generating new QR code with fill: #ffffff, background: #1e1e1e
2026-04-09 12:24:53,105 - root - INFO - Using basic styling with fill: #ffffff, background: #1e1e1e
2026-04-09 12:24:53,107 - root - INFO - QR code generated successfully
2026-04-09 12:24:53,108 - root - INFO - Using cached QR code
2026-04-09 12:24:53,181 - root - ERROR - Error updating designer label: libshiboken: Internal C++ object (PySide6.QtWidgets.QLabel) already deleted.
2026-04-09 12:24:53,237 - root - ERROR - Error updating designer label: libshiboken: Internal C++ object (PySide6.QtWidgets.QLabel) already deleted.
2026-04-09 12:27:30,033 - root - INFO - SUCCESS: ✅ Live monitoring QSS/SCSS files
2026-04-09 12:27:30,033 - root - INFO -    • defaultStyle.scss
2026-04-09 12:27:30,035 - root - INFO - File listener disabled
2026-04-09 12:27:30,035 - root - INFO - Should live compile stylesheet?: False
2026-04-09 12:27:30,036 - root - INFO - Should paint Qt Designer UI?: False
2026-04-09 12:27:30,038 - root - INFO - Should live compile stylesheet?: False
2026-04-09 12:27:30,038 - root - INFO - Should paint Qt Designer UI?: True
2026-04-09 12:27:30,040 - root - INFO - No change for QMainWindow.customSideDrawers. Value is already src\ui_LeftSideDrawer.py,src\ui_TopSideDrawer.py,src\ui_BottomSideDrawer.py,src\ui_RightSideDrawer.py.
2026-04-09 12:27:30,056 - root - ERROR - Error updating designer label: libshiboken: Internal C++ object (PySide6.QtWidgets.QLabel) already deleted.
2026-04-09 12:27:30,122 - root - ERROR - Error updating designer label: libshiboken: Internal C++ object (PySide6.QtWidgets.QLabel) already deleted.
2026-04-09 12:27:30,154 - root - ERROR - Error updating designer label: libshiboken: Internal C++ object (PySide6.QtWidgets.QLabel) already deleted.
2026-04-09 12:27:30,224 - root - INFO - Theme changed detected in QCustomQRGenerator
2026-04-09 12:27:30,225 - root - INFO - Updated fill color from palette: #ffffff
2026-04-09 12:27:30,225 - root - INFO - Updated background color from palette: #1e1e1e
2026-04-09 12:27:30,226 - root - INFO - Updated gradient start color from palette: #0078d4
2026-04-09 12:27:30,226 - root - INFO - Updated gradient end color from palette: #d45c00
2026-04-09 12:27:30,226 - root - INFO - Generating new QR code with fill: #ffffff, background: #1e1e1e
2026-04-09 12:27:30,230 - root - INFO - Using basic styling with fill: #ffffff, background: #1e1e1e
2026-04-09 12:27:30,233 - root - INFO - QR code generated successfully
2026-04-09 12:27:30,234 - root - INFO - Using cached QR code
2026-04-09 12:27:30,306 - root - ERROR - Error updating designer label: libshiboken: Internal C++ object (PySide6.QtWidgets.QLabel) already deleted.
2026-04-09 12:27:30,363 - root - ERROR - Error updating designer label: libshiboken: Internal C++ object (PySide6.QtWidgets.QLabel) already deleted.
2026-04-09 12:28:20,612 - root - INFO - SUCCESS: ✅ Live monitoring QSS/SCSS files
2026-04-09 12:28:20,613 - root - INFO -    • defaultStyle.scss
2026-04-09 12:28:20,614 - root - INFO - File listener disabled
2026-04-09 12:28:20,614 - root - INFO - Should live compile stylesheet?: False
2026-04-09 12:28:20,615 - root - INFO - Should paint Qt Designer UI?: False
2026-04-09 12:28:20,616 - root - INFO - Should live compile stylesheet?: False
2026-04-09 12:28:20,617 - root - INFO - Should paint Qt Designer UI?: True
2026-04-09 12:28:20,618 - root - INFO - No change for QMainWindow.customSideDrawers. Value is already src\ui_LeftSideDrawer.py,src\ui_TopSideDrawer.py,src\ui_BottomSideDrawer.py,src\ui_RightSideDrawer.py.
2026-04-09 12:28:20,633 - root - ERROR - Error updating designer label: libshiboken: Internal C++ object (PySide6.QtWidgets.QLabel) already deleted.
2026-04-09 12:28:20,697 - root - ERROR - Error updating designer label: libshiboken: Internal C++ object (PySide6.QtWidgets.QLabel) already deleted.
2026-04-09 12:28:20,728 - root - ERROR - Error updating designer label: libshiboken: Internal C++ object (PySide6.QtWidgets.QLabel) already deleted.
2026-04-09 12:28:20,800 - root - INFO - Theme changed detected in QCustomQRGenerator
2026-04-09 12:28:20,800 - root - INFO - Updated fill color from palette: #ffffff
2026-04-09 12:28:20,801 - root - INFO - Updated background color from palette: #1e1e1e
2026-04-09 12:28:20,801 - root - INFO - Updated gradient start color from palette: #0078d4
2026-04-09 12:28:20,802 - root - INFO - Updated gradient end color from palette: #d45c00
2026-04-09 12:28:20,802 - root - INFO - Generating new QR code with fill: #ffffff, background: #1e1e1e
2026-04-09 12:28:20,806 - root - INFO - Using basic styling with fill: #ffffff, background: #1e1e1e
2026-04-09 12:28:20,809 - root - INFO - QR code generated successfully
2026-04-09 12:28:20,810 - root - INFO - Using cached QR code
2026-04-09 12:28:20,880 - root - ERROR - Error updating designer label: libshiboken: Internal C++ object (PySide6.QtWidgets.QLabel) already deleted.
2026-04-09 12:28:20,941 - root - ERROR - Error updating designer label: libshiboken: Internal C++ object (PySide6.QtWidgets.QLabel) already deleted.
2026-04-09 12:33:22,248 - root - INFO - SUCCESS: ✅ Live monitoring QSS/SCSS files
2026-04-09 12:33:22,249 - root - INFO -    • defaultStyle.scss
2026-04-09 12:33:22,250 - root - INFO - File listener disabled
2026-04-09 12:33:22,251 - root - INFO - Should live compile stylesheet?: False
2026-04-09 12:33:22,252 - root - INFO - Should paint Qt Designer UI?: False
2026-04-09 12:33:22,254 - root - INFO - Should live compile stylesheet?: False
2026-04-09 12:33:22,255 - root - INFO - Should paint Qt Designer UI?: True
2026-04-09 12:33:22,256 - root - INFO - No change for QMainWindow.customSideDrawers. Value is already src\ui_LeftSideDrawer.py,src\ui_TopSideDrawer.py,src\ui_BottomSideDrawer.py,src\ui_RightSideDrawer.py.
2026-04-09 12:33:22,272 - root - ERROR - Error updating designer label: libshiboken: Internal C++ object (PySide6.QtWidgets.QLabel) already deleted.
2026-04-09 12:33:22,338 - root - ERROR - Error updating designer label: libshiboken: Internal C++ object (PySide6.QtWidgets.QLabel) already deleted.
2026-04-09 12:33:22,373 - root - ERROR - Error updating designer label: libshiboken: Internal C++ object (PySide6.QtWidgets.QLabel) already deleted.
2026-04-09 12:33:22,460 - root - INFO - Theme changed detected in QCustomQRGenerator
2026-04-09 12:33:22,461 - root - INFO - Updated fill color from palette: #ffffff
2026-04-09 12:33:22,462 - root - INFO - Updated background color from palette: #1e1e1e
2026-04-09 12:33:22,462 - root - INFO - Updated gradient start color from palette: #0078d4
2026-04-09 12:33:22,463 - root - INFO - Updated gradient end color from palette: #d45c00
2026-04-09 12:33:22,463 - root - INFO - Generating new QR code with fill: #ffffff, background: #1e1e1e
2026-04-09 12:33:22,467 - root - INFO - Using basic styling with fill: #ffffff, background: #1e1e1e
2026-04-09 12:33:22,471 - root - INFO - QR code generated successfully
2026-04-09 12:33:22,471 - root - INFO - Using cached QR code
2026-04-09 12:33:22,554 - root - ERROR - Error updating designer label: libshiboken: Internal C++ object (PySide6.QtWidgets.QLabel) already deleted.
2026-04-09 12:33:22,613 - root - ERROR - Error updating designer label: libshiboken: Internal C++ object (PySide6.QtWidgets.QLabel) already deleted.
2026-04-09 13:50:57,612 - root - ERROR - Error updating designer label: libshiboken: Internal C++ object (PySide6.QtWidgets.QLabel) already deleted.
2026-04-09 13:50:57,645 - root - ERROR - Error importing from file D:\Vishwa\Qt\25ThemeEngine\src\ui_MainBody.py: cannot import name 'QCustomStackedWidget' from 'Custom_Widgets.QCustomQStackedWidget' (D:\Vishwa\Qt\25ThemeEngine\1Env\Lib\site-packages\Custom_Widgets\QCustomQStackedWidget.py)
2026-04-09 13:50:57,650 - root - ERROR - Failed to load the UI class from the specified file.
2026-04-09 13:51:03,550 - root - ERROR - Error updating designer label: libshiboken: Internal C++ object (PySide6.QtWidgets.QLabel) already deleted.
2026-04-09 13:51:03,553 - root - ERROR - Error importing from file D:\Vishwa\Qt\25ThemeEngine\src\ui_MainBody.py: cannot import name 'QCustomStackedWidget' from 'Custom_Widgets.QCustomQStackedWidget' (D:\Vishwa\Qt\25ThemeEngine\1Env\Lib\site-packages\Custom_Widgets\QCustomQStackedWidget.py)
2026-04-09 13:51:03,554 - root - ERROR - Failed to load the UI class from the specified file.
2026-04-09 13:51:07,520 - root - ERROR - Error updating designer label: libshiboken: Internal C++ object (PySide6.QtWidgets.QLabel) already deleted.
2026-04-09 13:51:07,522 - root - ERROR - Error importing from file D:\Vishwa\Qt\25ThemeEngine\src\ui_MainBody.py: cannot import name 'QCustomStackedWidget' from 'Custom_Widgets.QCustomQStackedWidget' (D:\Vishwa\Qt\25ThemeEngine\1Env\Lib\site-packages\Custom_Widgets\QCustomQStackedWidget.py)
2026-04-09 13:51:07,525 - root - ERROR - Failed to load the UI class from the specified file.
2026-04-09 13:59:28,803 - root - ERROR - Error updating designer label: libshiboken: Internal C++ object (PySide6.QtWidgets.QLabel) already deleted.
2026-04-09 13:59:28,814 - root - ERROR - Error importing from file D:\Vishwa\Qt\25ThemeEngine\src\ui_MainBody.py: cannot import name 'QCustomStackedWidget' from 'Custom_Widgets.QCustomQStackedWidget' (D:\Vishwa\Qt\25ThemeEngine\1Env\Lib\site-packages\Custom_Widgets\QCustomQStackedWidget.py)
2026-04-09 13:59:28,816 - root - ERROR - Failed to load the UI class from the specified file.
2026-04-09 14:02:56,347 - root - ERROR - Error updating designer label: libshiboken: Internal C++ object (PySide6.QtWidgets.QLabel) already deleted.
2026-04-09 14:02:56,360 - root - ERROR - Error importing from file D:\Vishwa\Qt\25ThemeEngine\src\ui_MainBody.py: cannot import name 'QCustomStackedWidget' from 'Custom_Widgets.QCustomQStackedWidget' (D:\Vishwa\Qt\25ThemeEngine\1Env\Lib\site-packages\Custom_Widgets\QCustomQStackedWidget.py)
2026-04-09 14:02:56,361 - root - ERROR - Failed to load the UI class from the specified file.
2026-04-09 14:03:01,803 - root - ERROR - Error updating designer label: libshiboken: Internal C++ object (PySide6.QtWidgets.QLabel) already deleted.
2026-04-09 14:03:01,815 - root - ERROR - Error importing from file D:\Vishwa\Qt\25ThemeEngine\src\ui_MainBody.py: cannot import name 'QCustomStackedWidget' from 'Custom_Widgets.QCustomQStackedWidget' (D:\Vishwa\Qt\25ThemeEngine\1Env\Lib\site-packages\Custom_Widgets\QCustomQStackedWidget.py)
2026-04-09 14:03:01,817 - root - ERROR - Failed to load the UI class from the specified file.
2026-04-09 14:19:20,252 - root - ERROR - Error updating designer label: libshiboken: Internal C++ object (PySide6.QtWidgets.QLabel) already deleted.
2026-04-09 14:19:20,399 - root - INFO - Theme changed detected in QCustomQRGenerator
2026-04-09 14:19:20,400 - root - INFO - Updated fill color from palette: #ffffff
2026-04-09 14:19:20,400 - root - INFO - Updated background color from palette: #1e1e1e
2026-04-09 14:19:20,401 - root - INFO - Updated gradient start color from palette: #0078d4
2026-04-09 14:19:20,402 - root - INFO - Updated gradient end color from palette: #d45c00
2026-04-09 14:19:20,403 - root - INFO - Generating new QR code with fill: #ffffff, background: #1e1e1e
2026-04-09 14:19:20,408 - root - INFO - Using basic styling with fill: #ffffff, background: #1e1e1e
2026-04-09 14:19:20,417 - root - INFO - QR code generated successfully
2026-04-09 14:19:20,418 - root - INFO - Using cached QR code
2026-04-09 14:19:25,167 - root - ERROR - Error updating designer label: libshiboken: Internal C++ object (PySide6.QtWidgets.QLabel) already deleted.
2026-04-09 14:19:25,296 - root - INFO - Theme changed detected in QCustomQRGenerator
2026-04-09 14:19:25,297 - root - INFO - Updated fill color from palette: #ffffff
2026-04-09 14:19:25,298 - root - INFO - Updated background color from palette: #1e1e1e
2026-04-09 14:19:25,298 - root - INFO - Updated gradient start color from palette: #0078d4
2026-04-09 14:19:25,298 - root - INFO - Updated gradient end color from palette: #d45c00
2026-04-09 14:19:25,299 - root - INFO - Generating new QR code with fill: #ffffff, background: #1e1e1e
2026-04-09 14:19:25,303 - root - INFO - Using basic styling with fill: #ffffff, background: #1e1e1e
2026-04-09 14:19:25,308 - root - INFO - QR code generated successfully
2026-04-09 14:19:25,309 - root - INFO - Using cached QR code
2026-04-09 14:19:53,340 - root - ERROR - Error updating designer label: libshiboken: Internal C++ object (PySide6.QtWidgets.QLabel) already deleted.
2026-04-09 14:19:53,465 - root - INFO - Theme changed detected in QCustomQRGenerator
2026-04-09 14:19:53,465 - root - INFO - Updated fill color from palette: #ffffff
2026-04-09 14:19:53,466 - root - INFO - Updated background color from palette: #1e1e1e
2026-04-09 14:19:53,467 - root - INFO - Updated gradient start color from palette: #0078d4
2026-04-09 14:19:53,467 - root - INFO - Updated gradient end color from palette: #d45c00
2026-04-09 14:19:53,467 - root - INFO - Generating new QR code with fill: #ffffff, background: #1e1e1e
2026-04-09 14:19:53,472 - root - INFO - Using basic styling with fill: #ffffff, background: #1e1e1e
2026-04-09 14:19:53,477 - root - INFO - QR code generated successfully
2026-04-09 14:19:53,478 - root - INFO - Using cached QR code
2026-04-09 15:12:08,411 - root - ERROR - Error updating designer label: libshiboken: Internal C++ object (PySide6.QtWidgets.QLabel) already deleted.
2026-04-09 15:12:08,423 - root - ERROR - Error importing from file D:\Vishwa\Qt\25ThemeEngine\src\ui_MainBody.py: cannot import name 'QCustomQStackedWidget' from 'PySide6.QtWidgets' (D:\Vishwa\Qt\25ThemeEngine\1Env\Lib\site-packages\PySide6\QtWidgets.pyd)
2026-04-09 15:12:08,426 - root - ERROR - Failed to load the UI class from the specified file.
2026-04-09 15:12:36,681 - root - ERROR - Error updating designer label: libshiboken: Internal C++ object (PySide6.QtWidgets.QLabel) already deleted.
2026-04-09 15:12:36,822 - root - INFO - Theme changed detected in QCustomQRGenerator
2026-04-09 15:12:36,823 - root - INFO - Updated fill color from palette: #ffffff
2026-04-09 15:12:36,823 - root - INFO - Updated background color from palette: #1e1e1e
2026-04-09 15:12:36,824 - root - INFO - Updated gradient start color from palette: #0078d4
2026-04-09 15:12:36,825 - root - INFO - Updated gradient end color from palette: #d45c00
2026-04-09 15:12:36,825 - root - INFO - Generating new QR code with fill: #ffffff, background: #1e1e1e
2026-04-09 15:12:36,830 - root - INFO - Using basic styling with fill: #ffffff, background: #1e1e1e
2026-04-09 15:12:36,837 - root - INFO - QR code generated successfully
2026-04-09 15:12:36,838 - root - INFO - Using cached QR code
2026-04-09 15:24:22,066 - root - ERROR - Error updating designer label: libshiboken: Internal C++ object (PySide6.QtWidgets.QLabel) already deleted.
2026-04-09 15:24:22,075 - root - ERROR - Error importing from file D:\Vishwa\Qt\25ThemeEngine\src\ui_MainBody.py: cannot import name 'QcustomQStackedWidget' from 'PySide6.QtWidgets' (D:\Vishwa\Qt\25ThemeEngine\1Env\Lib\site-packages\PySide6\QtWidgets.pyd)
2026-04-09 15:24:22,078 - root - ERROR - Failed to load the UI class from the specified file.
2026-04-09 15:24:24,738 - root - ERROR - Error updating designer label: libshiboken: Internal C++ object (PySide6.QtWidgets.QLabel) already deleted.
2026-04-09 15:24:24,740 - root - ERROR - Error importing from file D:\Vishwa\Qt\25ThemeEngine\src\ui_MainBody.py: cannot import name 'QcustomQStackedWidget' from 'PySide6.QtWidgets' (D:\Vishwa\Qt\25ThemeEngine\1Env\Lib\site-packages\PySide6\QtWidgets.pyd)
2026-04-09 15:24:24,742 - root - ERROR - Failed to load the UI class from the specified file.
2026-04-09 15:25:00,140 - root - ERROR - Error updating designer label: libshiboken: Internal C++ object (PySide6.QtWidgets.QLabel) already deleted.
2026-04-09 15:25:00,142 - root - ERROR - Error importing from file D:\Vishwa\Qt\25ThemeEngine\src\ui_MainBody.py: cannot import name 'QcustomQStackedWidget' from 'PySide6.QtWidgets' (D:\Vishwa\Qt\25ThemeEngine\1Env\Lib\site-packages\PySide6\QtWidgets.pyd)
2026-04-09 15:25:00,146 - root - ERROR - Failed to load the UI class from the specified file.
2026-04-09 15:26:59,731 - root - ERROR - Error updating designer label: libshiboken: Internal C++ object (PySide6.QtWidgets.QLabel) already deleted.
2026-04-09 15:26:59,878 - root - INFO - Theme changed detected in QCustomQRGenerator
2026-04-09 15:26:59,880 - root - INFO - Updated fill color from palette: #ffffff
2026-04-09 15:26:59,880 - root - INFO - Updated background color from palette: #1e1e1e
2026-04-09 15:26:59,881 - root - INFO - Updated gradient start color from palette: #0078d4
2026-04-09 15:26:59,882 - root - INFO - Updated gradient end color from palette: #d45c00
2026-04-09 15:26:59,882 - root - INFO - Generating new QR code with fill: #ffffff, background: #1e1e1e
2026-04-09 15:26:59,887 - root - INFO - Using basic styling with fill: #ffffff, background: #1e1e1e
2026-04-09 15:26:59,890 - root - INFO - QR code generated successfully
2026-04-09 15:26:59,891 - root - INFO - Using cached QR code
2026-04-09 15:27:02,144 - root - ERROR - Error updating designer label: libshiboken: Internal C++ object (PySide6.QtWidgets.QLabel) already deleted.
2026-04-09 15:27:02,284 - root - INFO - Theme changed detected in QCustomQRGenerator
2026-04-09 15:27:02,285 - root - INFO - Updated fill color from palette: #ffffff
2026-04-09 15:27:02,285 - root - INFO - Updated background color from palette: #1e1e1e
2026-04-09 15:27:02,286 - root - INFO - Updated gradient start color from palette: #0078d4
2026-04-09 15:27:02,286 - root - INFO - Updated gradient end color from palette: #d45c00
2026-04-09 15:27:02,287 - root - INFO - Generating new QR code with fill: #ffffff, background: #1e1e1e
2026-04-09 15:27:02,290 - root - INFO - Using basic styling with fill: #ffffff, background: #1e1e1e
2026-04-09 15:27:02,293 - root - INFO - QR code generated successfully
2026-04-09 15:27:02,294 - root - INFO - Using cached QR code
2026-04-09 15:28:07,893 - root - ERROR - Error updating designer label: libshiboken: Internal C++ object (PySide6.QtWidgets.QLabel) already deleted.
2026-04-09 15:28:08,037 - root - INFO - Theme changed detected in QCustomQRGenerator
2026-04-09 15:28:08,038 - root - INFO - Updated fill color from palette: #ffffff
2026-04-09 15:28:08,038 - root - INFO - Updated background color from palette: #1e1e1e
2026-04-09 15:28:08,039 - root - INFO - Updated gradient start color from palette: #0078d4
2026-04-09 15:28:08,039 - root - INFO - Updated gradient end color from palette: #d45c00
2026-04-09 15:28:08,040 - root - INFO - Generating new QR code with fill: #ffffff, background: #1e1e1e
2026-04-09 15:28:08,045 - root - INFO - Using basic styling with fill: #ffffff, background: #1e1e1e
2026-04-09 15:28:08,050 - root - INFO - QR code generated successfully
2026-04-09 15:28:08,053 - root - INFO - Using cached QR code
2026-04-09 15:28:10,115 - root - ERROR - Error updating designer label: libshiboken: Internal C++ object (PySide6.QtWidgets.QLabel) already deleted.
2026-04-09 15:28:10,247 - root - INFO - Theme changed detected in QCustomQRGenerator
2026-04-09 15:28:10,248 - root - INFO - Updated fill color from palette: #ffffff
2026-04-09 15:28:10,248 - root - INFO - Updated background color from palette: #1e1e1e
2026-04-09 15:28:10,249 - root - INFO - Updated gradient start color from palette: #0078d4
2026-04-09 15:28:10,249 - root - INFO - Updated gradient end color from palette: #d45c00
2026-04-09 15:28:10,250 - root - INFO - Generating new QR code with fill: #ffffff, background: #1e1e1e
2026-04-09 15:28:10,254 - root - INFO - Using basic styling with fill: #ffffff, background: #1e1e1e
2026-04-09 15:28:10,258 - root - INFO - QR code generated successfully
2026-04-09 15:28:10,259 - root - INFO - Using cached QR code
2026-04-09 15:28:13,001 - root - ERROR - Error updating designer label: libshiboken: Internal C++ object (PySide6.QtWidgets.QLabel) already deleted.
2026-04-09 15:28:13,144 - root - INFO - Theme changed detected in QCustomQRGenerator
2026-04-09 15:28:13,145 - root - INFO - Updated fill color from palette: #ffffff
2026-04-09 15:28:13,145 - root - INFO - Updated background color from palette: #1e1e1e
2026-04-09 15:28:13,147 - root - INFO - Updated gradient start color from palette: #0078d4
2026-04-09 15:28:13,147 - root - INFO - Updated gradient end color from palette: #d45c00
2026-04-09 15:28:13,148 - root - INFO - Generating new QR code with fill: #ffffff, background: #1e1e1e
2026-04-09 15:28:13,152 - root - INFO - Using basic styling with fill: #ffffff, background: #1e1e1e
2026-04-09 15:28:13,156 - root - INFO - QR code generated successfully
2026-04-09 15:28:13,157 - root - INFO - Using cached QR code
2026-04-09 15:29:52,120 - root - INFO - Applied App Theme (Dark: True) to chart
2026-04-09 15:29:52,151 - root - INFO - Applied App Theme (Dark: True) to chart
2026-04-09 15:29:59,157 - root - INFO - Applied App Theme (Dark: True) to chart
2026-04-09 15:29:59,169 - root - INFO - Applied App Theme (Dark: True) to chart
2026-04-09 18:06:59,292 - root - ERROR - Error updating designer label: libshiboken: Internal C++ object (PySide6.QtWidgets.QLabel) already deleted.
2026-04-09 18:06:59,390 - root - INFO - Theme changed detected in QCustomQRGenerator
2026-04-09 18:06:59,391 - root - INFO - Updated fill color from palette: #ffffff
2026-04-09 18:06:59,391 - root - INFO - Updated background color from palette: #1e1e1e
2026-04-09 18:06:59,392 - root - INFO - Updated gradient start color from palette: #0078d4
2026-04-09 18:06:59,392 - root - INFO - Updated gradient end color from palette: #d45c00
2026-04-09 18:06:59,393 - root - INFO - Generating new QR code with fill: #ffffff, background: #1e1e1e
2026-04-09 18:06:59,396 - root - INFO - Using basic styling with fill: #ffffff, background: #1e1e1e
2026-04-09 18:06:59,400 - root - INFO - QR code generated successfully
2026-04-09 18:06:59,401 - root - INFO - Using cached QR code
2026-04-09 18:09:30,568 - root - INFO - File listener disabled
2026-04-09 18:09:32,102 - root - INFO - File listener disabled
2026-04-09 18:09:33,293 - root - INFO - File listener disabled
2026-04-10 10:27:51,993 - root - INFO - Registering Custom Widgets
2026-04-10 10:27:52,000 - root - INFO - Registering QCustomQMainWindow
2026-04-10 10:27:52,006 - root - INFO - Registering QAvatarWidget
2026-04-10 10:27:52,010 - root - INFO - Registering QBadgeWidget
2026-04-10 10:27:52,018 - root - INFO - Registering AnalogGaugeWidget
2026-04-10 10:27:52,024 - root - INFO - Registering QCustomThemeList
2026-04-10 10:27:52,033 - root - INFO - Registering QCustomThemeDarkLightToggle
2026-04-10 10:27:52,036 - root - INFO - Registering QCustomCheckBox
2026-04-10 10:27:52,040 - root - INFO - Registering QCustomSidebar
2026-04-10 10:27:52,044 - root - INFO - Registering QCustomHamburgerMenu
2026-04-10 10:27:52,050 - root - INFO - Registering QCustomHorizontalSeparator
2026-04-10 10:27:52,057 - root - INFO - Registering QCustomVerticalSeparator
2026-04-10 10:27:52,060 - root - INFO - Registering QCustomSidebarLabel
2026-04-10 10:27:52,064 - root - INFO - Registering QCustomSidebarButton
2026-04-10 10:27:52,071 - root - INFO - Registering QCustomRoundProgressBar
2026-04-10 10:27:52,078 - root - INFO - Registering QCustomComponent
2026-04-10 10:27:52,084 - root - INFO - Registering QCustomComponentContainer
2026-04-10 10:27:52,090 - root - INFO - Registering QCustomQStackedWidget
2026-04-10 10:27:52,106 - root - INFO - Registering QCustomQProgressBar
2026-04-10 10:27:52,146 - root - INFO - Registering QCustomQRGenerator
2026-04-10 10:27:52,278 - root - INFO - Registering QCustomLineChart
2026-04-10 10:27:52,292 - root - INFO - QCustomLineChart registered successfully
2026-04-10 10:27:52,293 - root - INFO - Registering QCustomBarChart
2026-04-10 10:27:52,295 - root - INFO - QCustomBarChart registered successfully
2026-04-10 10:27:52,295 - root - INFO - Registering QCustomAreaChart
2026-04-10 10:27:52,297 - root - INFO - QCustomAreaChart registered successfully
2026-04-10 10:27:52,297 - root - INFO - Registering QCustomPieChart
2026-04-10 10:27:52,299 - root - INFO - QCustomPieChart registered successfully
2026-04-10 10:27:52,300 - root - INFO - ✓ All chart widgets registered successfully!
2026-04-10 10:27:52,369 - root - DEBUG - Failed to load Product Sans font
2026-04-10 10:27:52,370 - root - DEBUG - Added SASS file to watcher: D:\Vishwa\Qt\25ThemeEngine\Qss\scss\defaultStyle.scss
2026-04-10 10:27:52,371 - root - INFO - SUCCESS: ✅ Live monitoring QSS/SCSS files
2026-04-10 10:27:52,372 - root - INFO -    • defaultStyle.scss
2026-04-10 10:27:52,373 - root - INFO - File listener disabled
2026-04-10 10:27:52,374 - root - INFO - Copied variable 'NAV_BG' from theme 'QT-Light-theme' to theme 'Light'
2026-04-10 10:27:52,375 - root - INFO - Copied variable 'GRADIENT' from theme 'QT-Light-theme' to theme 'Light'
2026-04-10 10:27:52,376 - root - INFO - Copied variable 'HOVER_GLOW' from theme 'QT-Light-theme' to theme 'Light'
2026-04-10 10:27:52,377 - root - INFO - Copied variable 'Pressed-color' from theme 'QT-Light-theme' to theme 'Light'
2026-04-10 10:27:52,377 - root - INFO - Copied variable 'SPACING_LG' from theme 'QT-Light-theme' to theme 'Light'
2026-04-10 10:27:52,378 - root - INFO - Copied variable 'Disabled-color' from theme 'QT-Light-theme' to theme 'Light'
2026-04-10 10:27:52,379 - root - INFO - Copied variable 'SPACING_MD' from theme 'QT-Light-theme' to theme 'Light'
2026-04-10 10:27:52,380 - root - INFO - Copied variable 'FOOTER_BG' from theme 'QT-Light-theme' to theme 'Light'
2026-04-10 10:27:52,380 - root - INFO - Copied variable 'CARD_BG' from theme 'QT-Light-theme' to theme 'Light'
2026-04-10 10:27:52,381 - root - INFO - Copied variable 'SPACING_SM' from theme 'QT-Light-theme' to theme 'Light'
2026-04-10 10:27:52,382 - root - INFO - Copied variable 'BORDER_COLOR' from theme 'QT-Light-theme' to theme 'Light'
2026-04-10 10:27:52,383 - root - INFO - Copied variable 'CARD_RADIUS' from theme 'QT-Light-theme' to theme 'Light'
2026-04-10 10:27:52,383 - root - INFO - Copied variable 'Hover-color' from theme 'QT-Light-theme' to theme 'Light'
2026-04-10 10:27:52,384 - root - INFO - Copied variable 'NAV_BG' from theme 'Light' to theme 'Dark'
2026-04-10 10:27:52,385 - root - INFO - Copied variable 'GRADIENT' from theme 'Light' to theme 'Dark'
2026-04-10 10:27:52,386 - root - INFO - Copied variable 'HOVER_GLOW' from theme 'Light' to theme 'Dark'
2026-04-10 10:27:52,386 - root - INFO - Copied variable 'Pressed-color' from theme 'Light' to theme 'Dark'
2026-04-10 10:27:52,387 - root - INFO - Copied variable 'SPACING_LG' from theme 'Light' to theme 'Dark'
2026-04-10 10:27:52,388 - root - INFO - Copied variable 'Disabled-color' from theme 'Light' to theme 'Dark'
2026-04-10 10:27:52,388 - root - INFO - Copied variable 'SPACING_MD' from theme 'Light' to theme 'Dark'
2026-04-10 10:27:52,389 - root - INFO - Copied variable 'FOOTER_BG' from theme 'Light' to theme 'Dark'
2026-04-10 10:27:52,390 - root - INFO - Copied variable 'CARD_BG' from theme 'Light' to theme 'Dark'
2026-04-10 10:27:52,391 - root - INFO - Copied variable 'SPACING_SM' from theme 'Light' to theme 'Dark'
2026-04-10 10:27:52,391 - root - INFO - Copied variable 'BORDER_COLOR' from theme 'Light' to theme 'Dark'
2026-04-10 10:27:52,391 - root - INFO - Copied variable 'CARD_RADIUS' from theme 'Light' to theme 'Dark'
2026-04-10 10:27:52,392 - root - INFO - Copied variable 'Hover-color' from theme 'Light' to theme 'Dark'
2026-04-10 10:27:52,393 - root - INFO - Copied variable 'Disabled-color' from theme 'Light' to theme 'QT-Dark-theme'
2026-04-10 10:27:52,394 - root - INFO - Copied variable 'Hover-color' from theme 'Light' to theme 'QT-Dark-theme'
2026-04-10 10:27:52,394 - root - INFO - Copied variable 'Pressed-color' from theme 'Light' to theme 'QT-Dark-theme'
2026-04-10 10:27:52,397 - root - INFO - Should live compile stylesheet?: False
2026-04-10 10:27:52,398 - root - INFO - Should paint Qt Designer UI?: False
2026-04-10 10:27:52,416 - root - INFO - SUCCESS: ✅ Live monitoring QSS/SCSS files
2026-04-10 10:27:52,417 - root - INFO -    • defaultStyle.scss
2026-04-10 10:27:52,418 - root - INFO - QSS file monitor started
2026-04-10 10:27:52,422 - root - INFO - Theme changed detected in QCustomQRGenerator
2026-04-10 10:27:52,423 - root - INFO - Updated fill color from palette: #ffffff
2026-04-10 10:27:52,424 - root - INFO - Updated background color from palette: #1e1e1e
2026-04-10 10:27:52,424 - root - INFO - Updated gradient start color from palette: #0078d4
2026-04-10 10:27:52,425 - root - INFO - Updated gradient end color from palette: #d45c00
2026-04-10 10:27:52,426 - root - INFO - Generating new QR code with fill: #ffffff, background: #1e1e1e
2026-04-10 10:27:52,432 - root - INFO - Using basic styling with fill: #ffffff, background: #1e1e1e
2026-04-10 10:27:52,444 - root - INFO - QR code generated successfully
2026-04-10 10:27:52,448 - root - INFO - Using cached QR code
2026-04-10 10:27:52,468 - root - INFO - Applied App Theme (Dark: True) to chart
2026-04-10 10:27:52,473 - root - INFO - Applied App Theme (Dark: True) to chart
2026-04-10 10:27:52,486 - root - INFO - Applied App Theme (Dark: True) to chart
2026-04-10 10:27:52,489 - root - INFO - Applied App Theme (Dark: True) to chart
2026-04-10 10:27:52,497 - root - INFO - Applied App Theme (Dark: True) to chart
2026-04-10 10:27:52,499 - root - INFO - Applied App Theme (Dark: True) to chart
2026-04-10 10:27:52,508 - root - INFO - Applied App Theme (Dark: True) to chart
2026-04-10 10:27:52,510 - root - INFO - Applied App Theme (Dark: True) to chart
2026-04-10 10:27:52,823 - root - INFO - SUCCESS: ✅ Live monitoring QSS/SCSS files
2026-04-10 10:27:52,824 - root - INFO -    • defaultStyle.scss
2026-04-10 10:27:52,826 - root - INFO - QSS file monitor started
2026-04-10 10:27:52,829 - root - INFO - File listener disabled
2026-04-10 10:27:52,837 - root - INFO - File listener disabled
2026-04-10 10:28:04,708 - root - INFO - SUCCESS: ✅ Live monitoring QSS/SCSS files
2026-04-10 10:28:04,710 - root - INFO -    • defaultStyle.scss
2026-04-10 10:28:04,710 - root - INFO - QSS file monitor started
2026-04-10 10:28:04,736 - root - CRITICAL - Button with name 'menuBtn' not found.
2026-04-10 10:28:05,629 - root - INFO - File listener disabled
2026-04-10 10:28:05,650 - root - INFO - SUCCESS: ✅ Live monitoring QSS/SCSS files
2026-04-10 10:28:05,651 - root - INFO -    • defaultStyle.scss
2026-04-10 10:28:05,651 - root - INFO - QSS file monitor started
2026-04-10 10:28:05,717 - root - INFO - Theme changed detected in QCustomQRGenerator
2026-04-10 10:28:05,718 - root - INFO - Updated fill color from palette: #ffffff
2026-04-10 10:28:05,719 - root - INFO - Updated background color from palette: #1e1e1e
2026-04-10 10:28:05,719 - root - INFO - Updated gradient start color from palette: #0078d4
2026-04-10 10:28:05,720 - root - INFO - Updated gradient end color from palette: #d45c00
2026-04-10 10:28:05,721 - root - INFO - Generating new QR code with fill: #ffffff, background: #1e1e1e
2026-04-10 10:28:05,727 - root - INFO - Using basic styling with fill: #ffffff, background: #1e1e1e
2026-04-10 10:28:05,730 - root - INFO - QR code generated successfully
2026-04-10 10:28:05,732 - root - INFO - Using cached QR code
2026-04-10 10:28:05,795 - root - INFO - File listener disabled
2026-04-10 10:28:05,825 - root - INFO - SUCCESS: ✅ Live monitoring QSS/SCSS files
2026-04-10 10:28:05,826 - root - INFO -    • defaultStyle.scss
2026-04-10 10:28:05,826 - root - INFO - QSS file monitor started
2026-04-10 10:28:05,940 - root - INFO - File listener disabled
2026-04-10 10:28:10,142 - root - INFO - File listener disabled
2026-04-10 10:28:10,165 - root - INFO - File listener disabled
2026-04-10 10:28:10,186 - root - INFO - File listener disabled
2026-04-10 10:28:10,210 - root - INFO - File listener disabled
2026-04-10 10:28:10,233 - root - INFO - File listener disabled
2026-04-10 10:28:10,259 - root - INFO - File listener disabled
2026-04-10 10:28:10,282 - root - INFO - File listener disabled
2026-04-10 10:28:10,291 - root - INFO - File listener disabled
2026-04-10 10:28:10,313 - root - INFO - File listener disabled
2026-04-10 10:28:10,332 - root - INFO - File listener disabled
2026-04-10 10:28:10,354 - root - INFO - File listener disabled
2026-04-10 10:28:10,361 - root - INFO - File listener disabled
2026-04-10 10:28:10,400 - root - INFO - File listener disabled
2026-04-10 10:28:10,424 - root - INFO - File listener disabled
2026-04-10 10:28:10,671 - root - INFO - File listener disabled
2026-04-10 10:28:10,701 - root - INFO - File listener disabled
2026-04-10 10:28:10,729 - root - INFO - File listener disabled
2026-04-10 10:28:10,776 - root - INFO - File listener disabled
2026-04-10 10:28:10,798 - root - INFO - File listener disabled
2026-04-10 10:28:10,822 - root - INFO - File listener disabled
2026-04-10 10:28:10,844 - root - INFO - File listener disabled
2026-04-10 10:28:10,864 - root - INFO - File listener disabled
2026-04-10 10:28:10,887 - root - INFO - File listener disabled
2026-04-10 10:28:10,908 - root - INFO - File listener disabled
2026-04-10 10:28:10,941 - root - INFO - File listener disabled
2026-04-10 10:28:10,964 - root - INFO - File listener disabled
2026-04-10 10:28:17,099 - root - INFO - File listener disabled
2026-04-10 17:43:39,452 - root - INFO - SUCCESS: ✅ Live monitoring QSS/SCSS files
2026-04-10 17:43:39,548 - root - INFO -    • defaultStyle.scss
2026-04-10 17:43:39,553 - root - INFO - QSS file monitor started
2026-04-10 17:43:39,586 - root - WARNING - Toggle button 'BtnRightSideDrawer' not found in parent hierarchy.
2026-04-10 17:43:39,799 - root - INFO - File listener disabled
2026-04-10 17:55:54,133 - root - INFO - File listener disabled
2026-04-10 17:55:54,168 - root - INFO - File listener disabled
2026-04-10 17:55:54,201 - root - INFO - File listener disabled
2026-04-10 17:55:54,240 - root - INFO - File listener disabled
2026-04-10 17:55:54,272 - root - INFO - File listener disabled
2026-04-10 17:55:54,319 - root - INFO - File listener disabled
2026-04-10 17:55:54,364 - root - INFO - File listener disabled
2026-04-10 17:55:54,399 - root - INFO - File listener disabled
2026-04-10 17:55:54,435 - root - INFO - File listener disabled
2026-04-10 17:55:54,473 - root - INFO - File listener disabled
2026-04-10 17:55:54,515 - root - INFO - File listener disabled
2026-04-10 17:55:54,555 - root - INFO - File listener disabled
2026-04-10 17:55:54,597 - root - INFO - File listener disabled
2026-04-10 17:55:54,637 - root - INFO - File listener disabled
2026-04-10 17:55:54,677 - root - INFO - File listener disabled
2026-04-10 17:55:54,714 - root - INFO - File listener disabled
2026-04-10 17:55:54,754 - root - INFO - File listener disabled
2026-04-10 17:55:54,794 - root - INFO - File listener disabled
2026-04-10 17:55:54,833 - root - INFO - File listener disabled
2026-04-10 17:55:54,871 - root - INFO - File listener disabled
2026-04-11 11:09:32,842 - root - INFO - Registering Custom Widgets
2026-04-11 11:09:32,849 - root - INFO - Registering QCustomQMainWindow
2026-04-11 11:09:32,854 - root - INFO - Registering QAvatarWidget
2026-04-11 11:09:32,857 - root - INFO - Registering QBadgeWidget
2026-04-11 11:09:32,860 - root - INFO - Registering AnalogGaugeWidget
2026-04-11 11:09:32,863 - root - INFO - Registering QCustomThemeList
2026-04-11 11:09:32,867 - root - INFO - Registering QCustomThemeDarkLightToggle
2026-04-11 11:09:32,868 - root - INFO - Registering QCustomCheckBox
2026-04-11 11:09:32,870 - root - INFO - Registering QCustomSidebar
2026-04-11 11:09:32,872 - root - INFO - Registering QCustomHamburgerMenu
2026-04-11 11:09:32,875 - root - INFO - Registering QCustomHorizontalSeparator
2026-04-11 11:09:32,878 - root - INFO - Registering QCustomVerticalSeparator
2026-04-11 11:09:32,880 - root - INFO - Registering QCustomSidebarLabel
2026-04-11 11:09:32,881 - root - INFO - Registering QCustomSidebarButton
2026-04-11 11:09:32,886 - root - INFO - Registering QCustomRoundProgressBar
2026-04-11 11:09:32,890 - root - INFO - Registering QCustomComponent
2026-04-11 11:09:32,897 - root - INFO - Registering QCustomComponentContainer
2026-04-11 11:09:32,901 - root - INFO - Registering QCustomQStackedWidget
2026-04-11 11:09:32,914 - root - INFO - Registering QCustomQProgressBar
2026-04-11 11:09:32,957 - root - INFO - Registering QCustomQRGenerator
2026-04-11 11:09:33,053 - root - INFO - Registering QCustomLineChart
2026-04-11 11:09:33,076 - root - INFO - QCustomLineChart registered successfully
2026-04-11 11:09:33,077 - root - INFO - Registering QCustomBarChart
2026-04-11 11:09:33,079 - root - INFO - QCustomBarChart registered successfully
2026-04-11 11:09:33,080 - root - INFO - Registering QCustomAreaChart
2026-04-11 11:09:33,081 - root - INFO - QCustomAreaChart registered successfully
2026-04-11 11:09:33,081 - root - INFO - Registering QCustomPieChart
2026-04-11 11:09:33,082 - root - INFO - QCustomPieChart registered successfully
2026-04-11 11:09:33,082 - root - INFO - ✓ All chart widgets registered successfully!
2026-04-11 11:09:33,112 - root - DEBUG - Failed to load Product Sans font
2026-04-11 11:09:33,114 - root - DEBUG - Added SASS file to watcher: D:\Vishwa\Qt\25ThemeEngine\Qss\scss\defaultStyle.scss
2026-04-11 11:09:33,115 - root - INFO - SUCCESS: ✅ Live monitoring QSS/SCSS files
2026-04-11 11:09:33,115 - root - INFO -    • defaultStyle.scss
2026-04-11 11:09:33,117 - root - INFO - File listener disabled
2026-04-11 11:09:33,118 - root - INFO - Copied variable 'Disabled-color' from theme 'QT-Light-theme' to theme 'Light'
2026-04-11 11:09:33,118 - root - INFO - Copied variable 'CARD_RADIUS' from theme 'QT-Light-theme' to theme 'Light'
2026-04-11 11:09:33,119 - root - INFO - Copied variable 'Pressed-color' from theme 'QT-Light-theme' to theme 'Light'
2026-04-11 11:09:33,119 - root - INFO - Copied variable 'NAV_BG' from theme 'QT-Light-theme' to theme 'Light'
2026-04-11 11:09:33,120 - root - INFO - Copied variable 'HOVER_GLOW' from theme 'QT-Light-theme' to theme 'Light'
2026-04-11 11:09:33,120 - root - INFO - Copied variable 'SPACING_SM' from theme 'QT-Light-theme' to theme 'Light'
2026-04-11 11:09:33,121 - root - INFO - Copied variable 'FOOTER_BG' from theme 'QT-Light-theme' to theme 'Light'
2026-04-11 11:09:33,122 - root - INFO - Copied variable 'Hover-color' from theme 'QT-Light-theme' to theme 'Light'
2026-04-11 11:09:33,122 - root - INFO - Copied variable 'BORDER_COLOR' from theme 'QT-Light-theme' to theme 'Light'
2026-04-11 11:09:33,123 - root - INFO - Copied variable 'SPACING_MD' from theme 'QT-Light-theme' to theme 'Light'
2026-04-11 11:09:33,123 - root - INFO - Copied variable 'GRADIENT' from theme 'QT-Light-theme' to theme 'Light'
2026-04-11 11:09:33,123 - root - INFO - Copied variable 'CARD_BG' from theme 'QT-Light-theme' to theme 'Light'
2026-04-11 11:09:33,124 - root - INFO - Copied variable 'SPACING_LG' from theme 'QT-Light-theme' to theme 'Light'
2026-04-11 11:09:33,124 - root - INFO - Copied variable 'Disabled-color' from theme 'Light' to theme 'Dark'
2026-04-11 11:09:33,125 - root - INFO - Copied variable 'CARD_RADIUS' from theme 'Light' to theme 'Dark'
2026-04-11 11:09:33,125 - root - INFO - Copied variable 'Pressed-color' from theme 'Light' to theme 'Dark'
2026-04-11 11:09:33,125 - root - INFO - Copied variable 'NAV_BG' from theme 'Light' to theme 'Dark'
2026-04-11 11:09:33,126 - root - INFO - Copied variable 'HOVER_GLOW' from theme 'Light' to theme 'Dark'
2026-04-11 11:09:33,126 - root - INFO - Copied variable 'SPACING_SM' from theme 'Light' to theme 'Dark'
2026-04-11 11:09:33,127 - root - INFO - Copied variable 'FOOTER_BG' from theme 'Light' to theme 'Dark'
2026-04-11 11:09:33,127 - root - INFO - Copied variable 'Hover-color' from theme 'Light' to theme 'Dark'
2026-04-11 11:09:33,127 - root - INFO - Copied variable 'BORDER_COLOR' from theme 'Light' to theme 'Dark'
2026-04-11 11:09:33,128 - root - INFO - Copied variable 'SPACING_MD' from theme 'Light' to theme 'Dark'
2026-04-11 11:09:33,128 - root - INFO - Copied variable 'GRADIENT' from theme 'Light' to theme 'Dark'
2026-04-11 11:09:33,129 - root - INFO - Copied variable 'CARD_BG' from theme 'Light' to theme 'Dark'
2026-04-11 11:09:33,129 - root - INFO - Copied variable 'SPACING_LG' from theme 'Light' to theme 'Dark'
2026-04-11 11:09:33,130 - root - INFO - Copied variable 'Hover-color' from theme 'Light' to theme 'QT-Dark-theme'
2026-04-11 11:09:33,130 - root - INFO - Copied variable 'Disabled-color' from theme 'Light' to theme 'QT-Dark-theme'
2026-04-11 11:09:33,131 - root - INFO - Copied variable 'Pressed-color' from theme 'Light' to theme 'QT-Dark-theme'
2026-04-11 11:09:33,132 - root - INFO - Should live compile stylesheet?: False
2026-04-11 11:09:33,133 - root - INFO - Should paint Qt Designer UI?: False
2026-04-11 11:09:33,156 - root - INFO - SUCCESS: ✅ Live monitoring QSS/SCSS files
2026-04-11 11:09:33,157 - root - INFO -    • defaultStyle.scss
2026-04-11 11:09:33,157 - root - INFO - QSS file monitor started
2026-04-11 11:09:33,161 - root - INFO - Theme changed detected in QCustomQRGenerator
2026-04-11 11:09:33,161 - root - INFO - Updated fill color from palette: #ffffff
2026-04-11 11:09:33,162 - root - INFO - Updated background color from palette: #1e1e1e
2026-04-11 11:09:33,162 - root - INFO - Updated gradient start color from palette: #0078d4
2026-04-11 11:09:33,162 - root - INFO - Updated gradient end color from palette: #d45c00
2026-04-11 11:09:33,163 - root - INFO - Generating new QR code with fill: #ffffff, background: #1e1e1e
2026-04-11 11:09:33,167 - root - INFO - Using basic styling with fill: #ffffff, background: #1e1e1e
2026-04-11 11:09:33,183 - root - INFO - QR code generated successfully
2026-04-11 11:09:33,185 - root - INFO - Using cached QR code
2026-04-11 11:09:33,195 - root - INFO - Applied App Theme (Dark: True) to chart
2026-04-11 11:09:33,198 - root - INFO - Applied App Theme (Dark: True) to chart
2026-04-11 11:09:33,206 - root - INFO - Applied App Theme (Dark: True) to chart
2026-04-11 11:09:33,207 - root - INFO - Applied App Theme (Dark: True) to chart
2026-04-11 11:09:33,214 - root - INFO - Applied App Theme (Dark: True) to chart
2026-04-11 11:09:33,215 - root - INFO - Applied App Theme (Dark: True) to chart
2026-04-11 11:09:33,220 - root - INFO - Applied App Theme (Dark: True) to chart
2026-04-11 11:09:33,221 - root - INFO - Applied App Theme (Dark: True) to chart
2026-04-11 11:09:33,447 - root - INFO - SUCCESS: ✅ Live monitoring QSS/SCSS files
2026-04-11 11:09:33,448 - root - INFO -    • defaultStyle.scss
2026-04-11 11:09:33,449 - root - INFO - QSS file monitor started
2026-04-11 11:09:33,452 - root - INFO - File listener disabled
2026-04-11 11:09:33,459 - root - INFO - File listener disabled
2026-04-11 11:11:15,663 - root - INFO - SUCCESS: ✅ Live monitoring QSS/SCSS files
2026-04-11 11:11:15,663 - root - INFO -    • defaultStyle.scss
2026-04-11 11:11:15,664 - root - INFO - QSS file monitor started
2026-04-11 11:11:17,378 - root - INFO - File listener disabled
2026-04-11 11:11:17,383 - root - INFO - SUCCESS: ✅ Live monitoring QSS/SCSS files
2026-04-11 11:11:17,383 - root - INFO -    • defaultStyle.scss
2026-04-11 11:11:17,384 - root - INFO - QSS file monitor started
2026-04-11 11:11:17,405 - root - INFO - File listener disabled
2026-04-11 11:11:17,410 - root - INFO - SUCCESS: ✅ Live monitoring QSS/SCSS files
2026-04-11 11:11:17,411 - root - INFO -    • defaultStyle.scss
2026-04-11 11:11:17,411 - root - INFO - QSS file monitor started
2026-04-11 11:11:17,421 - root - INFO - Theme changed detected in QCustomQRGenerator
2026-04-11 11:11:17,422 - root - INFO - Updated fill color from palette: #ffffff
2026-04-11 11:11:17,422 - root - INFO - Updated background color from palette: #1e1e1e
2026-04-11 11:11:17,423 - root - INFO - Updated gradient start color from palette: #0078d4
2026-04-11 11:11:17,423 - root - INFO - Updated gradient end color from palette: #d45c00
2026-04-11 11:11:17,423 - root - INFO - Generating new QR code with fill: #ffffff, background: #1e1e1e
2026-04-11 11:11:17,427 - root - INFO - Using basic styling with fill: #ffffff, background: #1e1e1e
2026-04-11 11:11:17,430 - root - INFO - QR code generated successfully
2026-04-11 11:11:17,433 - root - INFO - Using cached QR code
2026-04-11 11:11:17,457 - root - INFO - File listener disabled
2026-04-11 11:18:13,051 - root - INFO - SUCCESS: ✅ Live monitoring QSS/SCSS files
2026-04-11 11:18:13,052 - root - INFO -    • defaultStyle.scss
2026-04-11 11:18:13,053 - root - INFO - File listener disabled
2026-04-11 11:18:13,053 - root - INFO - Should live compile stylesheet?: False
2026-04-11 11:18:13,054 - root - INFO - Should paint Qt Designer UI?: False
2026-04-11 11:18:13,054 - root - INFO - Should live compile stylesheet?: False
2026-04-11 11:18:13,055 - root - INFO - Should paint Qt Designer UI?: True
2026-04-11 11:18:13,055 - root - INFO - No change for QMainWindow.customSideDrawers. Value is already src\ui_LeftSideDrawer.py,src\ui_TopSideDrawer.py,src\ui_BottomSideDrawer.py,src\ui_RightSideDrawer.py.
2026-04-11 11:18:13,059 - root - ERROR - Error updating designer label: libshiboken: Internal C++ object (PySide6.QtWidgets.QLabel) already deleted.
2026-04-11 11:18:13,106 - root - ERROR - Error updating designer label: libshiboken: Internal C++ object (PySide6.QtWidgets.QLabel) already deleted.
2026-04-11 11:18:13,125 - root - ERROR - Error updating designer label: libshiboken: Internal C++ object (PySide6.QtWidgets.QLabel) already deleted.
2026-04-11 11:18:13,161 - root - INFO - Theme changed detected in QCustomQRGenerator
2026-04-11 11:18:13,161 - root - INFO - Updated fill color from palette: #ffffff
2026-04-11 11:18:13,162 - root - INFO - Updated background color from palette: #1e1e1e
2026-04-11 11:18:13,162 - root - INFO - Updated gradient start color from palette: #0078d4
2026-04-11 11:18:13,163 - root - INFO - Updated gradient end color from palette: #d45c00
2026-04-11 11:18:13,163 - root - INFO - Generating new QR code with fill: #ffffff, background: #1e1e1e
2026-04-11 11:18:13,167 - root - INFO - Using basic styling with fill: #ffffff, background: #1e1e1e
2026-04-11 11:18:13,170 - root - INFO - QR code generated successfully
2026-04-11 11:18:13,171 - root - INFO - Using cached QR code
2026-04-11 11:18:13,216 - root - ERROR - Error updating designer label: libshiboken: Internal C++ object (PySide6.QtWidgets.QLabel) already deleted.
2026-04-11 11:18:13,243 - root - ERROR - Error updating designer label: libshiboken: Internal C++ object (PySide6.QtWidgets.QLabel) already deleted.
2026-04-11 11:20:17,407 - root - ERROR - Error updating designer label: libshiboken: Internal C++ object (PySide6.QtWidgets.QLabel) already deleted.
2026-04-11 11:20:17,454 - root - INFO - Theme changed detected in QCustomQRGenerator
2026-04-11 11:20:17,454 - root - INFO - Updated fill color from palette: #ffffff
2026-04-11 11:20:17,455 - root - INFO - Updated background color from palette: #1e1e1e
2026-04-11 11:20:17,455 - root - INFO - Updated gradient start color from palette: #0078d4
2026-04-11 11:20:17,455 - root - INFO - Updated gradient end color from palette: #d45c00
2026-04-11 11:20:17,456 - root - INFO - Generating new QR code with fill: #ffffff, background: #1e1e1e
2026-04-11 11:20:17,459 - root - INFO - Using basic styling with fill: #ffffff, background: #1e1e1e
2026-04-11 11:20:17,461 - root - INFO - QR code generated successfully
2026-04-11 11:20:17,462 - root - INFO - Using cached QR code
2026-04-11 11:20:19,023 - root - ERROR - Error updating designer label: libshiboken: Internal C++ object (PySide6.QtWidgets.QLabel) already deleted.
2026-04-11 11:20:19,063 - root - INFO - Theme changed detected in QCustomQRGenerator
2026-04-11 11:20:19,064 - root - INFO - Updated fill color from palette: #ffffff
2026-04-11 11:20:19,064 - root - INFO - Updated background color from palette: #1e1e1e
2026-04-11 11:20:19,065 - root - INFO - Updated gradient start color from palette: #0078d4
2026-04-11 11:20:19,065 - root - INFO - Updated gradient end color from palette: #d45c00
2026-04-11 11:20:19,065 - root - INFO - Generating new QR code with fill: #ffffff, background: #1e1e1e
2026-04-11 11:20:19,069 - root - INFO - Using basic styling with fill: #ffffff, background: #1e1e1e
2026-04-11 11:20:19,071 - root - INFO - QR code generated successfully
2026-04-11 11:20:19,072 - root - INFO - Using cached QR code
2026-04-11 11:21:08,828 - root - ERROR - Error updating designer label: libshiboken: Internal C++ object (PySide6.QtWidgets.QLabel) already deleted.
2026-04-11 11:21:08,876 - root - INFO - Theme changed detected in QCustomQRGenerator
2026-04-11 11:21:08,877 - root - INFO - Updated fill color from palette: #ffffff
2026-04-11 11:21:08,877 - root - INFO - Updated background color from palette: #1e1e1e
2026-04-11 11:21:08,878 - root - INFO - Updated gradient start color from palette: #0078d4
2026-04-11 11:21:08,879 - root - INFO - Updated gradient end color from palette: #d45c00
2026-04-11 11:21:08,879 - root - INFO - Generating new QR code with fill: #ffffff, background: #1e1e1e
2026-04-11 11:21:08,882 - root - INFO - Using basic styling with fill: #ffffff, background: #1e1e1e
2026-04-11 11:21:08,885 - root - INFO - QR code generated successfully
2026-04-11 11:21:08,886 - root - INFO - Using cached QR code
2026-04-11 11:21:13,130 - root - ERROR - Error updating designer label: libshiboken: Internal C++ object (PySide6.QtWidgets.QLabel) already deleted.
2026-04-11 11:21:13,172 - root - INFO - Theme changed detected in QCustomQRGenerator
2026-04-11 11:21:13,172 - root - INFO - Updated fill color from palette: #ffffff
2026-04-11 11:21:13,173 - root - INFO - Updated background color from palette: #1e1e1e
2026-04-11 11:21:13,173 - root - INFO - Updated gradient start color from palette: #0078d4
2026-04-11 11:21:13,174 - root - INFO - Updated gradient end color from palette: #d45c00
2026-04-11 11:21:13,174 - root - INFO - Generating new QR code with fill: #ffffff, background: #1e1e1e
2026-04-11 11:21:13,177 - root - INFO - Using basic styling with fill: #ffffff, background: #1e1e1e
2026-04-11 11:21:13,180 - root - INFO - QR code generated successfully
2026-04-11 11:21:13,180 - root - INFO - Using cached QR code
2026-04-11 11:21:44,138 - root - INFO - SUCCESS: ✅ Live monitoring QSS/SCSS files
2026-04-11 11:21:44,139 - root - INFO -    • defaultStyle.scss
2026-04-11 11:21:44,139 - root - INFO - QSS file monitor started
2026-04-11 11:21:44,188 - root - INFO - Theme changed detected in QCustomQRGenerator
2026-04-11 11:21:44,188 - root - INFO - Updated fill color from palette: #ffffff
2026-04-11 11:21:44,189 - root - INFO - Updated background color from palette: #1e1e1e
2026-04-11 11:21:44,189 - root - INFO - Updated gradient start color from palette: #0078d4
2026-04-11 11:21:44,189 - root - INFO - Updated gradient end color from palette: #d45c00
2026-04-11 11:21:44,190 - root - INFO - Generating new QR code with fill: #ffffff, background: #1e1e1e
2026-04-11 11:21:44,193 - root - INFO - Using basic styling with fill: #ffffff, background: #1e1e1e
2026-04-11 11:21:44,196 - root - INFO - QR code generated successfully
2026-04-11 11:21:44,197 - root - INFO - Using cached QR code
2026-04-11 11:21:44,233 - root - INFO - File listener disabled
2026-04-11 11:22:06,583 - root - INFO - SUCCESS: ✅ Live monitoring QSS/SCSS files
2026-04-11 11:22:06,584 - root - INFO -    • defaultStyle.scss
2026-04-11 11:22:06,585 - root - INFO - File listener disabled
2026-04-11 11:22:06,585 - root - INFO - Should live compile stylesheet?: False
2026-04-11 11:22:06,585 - root - INFO - Should paint Qt Designer UI?: False
2026-04-11 11:22:06,586 - root - INFO - Should live compile stylesheet?: False
2026-04-11 11:22:06,587 - root - INFO - Should paint Qt Designer UI?: True
2026-04-11 11:22:06,587 - root - INFO - No change for QMainWindow.customSideDrawers. Value is already src\ui_LeftSideDrawer.py,src\ui_TopSideDrawer.py,src\ui_BottomSideDrawer.py,src\ui_RightSideDrawer.py.
2026-04-11 11:22:06,601 - root - ERROR - Error updating designer label: libshiboken: Internal C++ object (PySide6.QtWidgets.QLabel) already deleted.
2026-04-11 11:22:06,655 - root - ERROR - Error updating designer label: libshiboken: Internal C++ object (PySide6.QtWidgets.QLabel) already deleted.
2026-04-11 11:22:06,686 - root - ERROR - Error updating designer label: libshiboken: Internal C++ object (PySide6.QtWidgets.QLabel) already deleted.
2026-04-11 11:22:06,748 - root - INFO - Theme changed detected in QCustomQRGenerator
2026-04-11 11:22:06,749 - root - INFO - Updated fill color from palette: #ffffff
2026-04-11 11:22:06,749 - root - INFO - Updated background color from palette: #1e1e1e
2026-04-11 11:22:06,750 - root - INFO - Updated gradient start color from palette: #0078d4
2026-04-11 11:22:06,750 - root - INFO - Updated gradient end color from palette: #d45c00
2026-04-11 11:22:06,750 - root - INFO - Generating new QR code with fill: #ffffff, background: #1e1e1e
2026-04-11 11:22:06,754 - root - INFO - Using basic styling with fill: #ffffff, background: #1e1e1e
2026-04-11 11:22:06,756 - root - INFO - QR code generated successfully
2026-04-11 11:22:06,757 - root - INFO - Using cached QR code
2026-04-11 11:22:06,847 - root - ERROR - Error updating designer label: libshiboken: Internal C++ object (PySide6.QtWidgets.QLabel) already deleted.
2026-04-11 11:22:06,889 - root - ERROR - Error updating designer label: libshiboken: Internal C++ object (PySide6.QtWidgets.QLabel) already deleted.
2026-04-11 11:22:38,771 - root - INFO - Stopped QSS file monitoring
2026-04-11 11:29:07,088 - root - ERROR - Error updating designer label: libshiboken: Internal C++ object (PySide6.QtWidgets.QLabel) already deleted.
2026-04-11 11:29:07,136 - root - INFO - Theme changed detected in QCustomQRGenerator
2026-04-11 11:29:07,137 - root - INFO - Updated fill color from palette: #ffffff
2026-04-11 11:29:07,137 - root - INFO - Updated background color from palette: #1e1e1e
2026-04-11 11:29:07,137 - root - INFO - Updated gradient start color from palette: #0078d4
2026-04-11 11:29:07,138 - root - INFO - Updated gradient end color from palette: #d45c00
2026-04-11 11:29:07,138 - root - INFO - Generating new QR code with fill: #ffffff, background: #1e1e1e
2026-04-11 11:29:07,142 - root - INFO - Using basic styling with fill: #ffffff, background: #1e1e1e
2026-04-11 11:29:07,144 - root - INFO - QR code generated successfully
2026-04-11 11:29:07,145 - root - INFO - Using cached QR code
2026-04-11 11:29:14,063 - root - ERROR - Error updating designer label: libshiboken: Internal C++ object (PySide6.QtWidgets.QLabel) already deleted.
2026-04-11 11:29:14,107 - root - INFO - Theme changed detected in QCustomQRGenerator
2026-04-11 11:29:14,107 - root - INFO - Updated fill color from palette: #ffffff
2026-04-11 11:29:14,107 - root - INFO - Updated background color from palette: #1e1e1e
2026-04-11 11:29:14,108 - root - INFO - Updated gradient start color from palette: #0078d4
2026-04-11 11:29:14,108 - root - INFO - Updated gradient end color from palette: #d45c00
2026-04-11 11:29:14,109 - root - INFO - Generating new QR code with fill: #ffffff, background: #1e1e1e
2026-04-11 11:29:14,112 - root - INFO - Using basic styling with fill: #ffffff, background: #1e1e1e
2026-04-11 11:29:14,115 - root - INFO - QR code generated successfully
2026-04-11 11:29:14,116 - root - INFO - Using cached QR code
2026-04-11 11:33:53,127 - root - ERROR - Error updating designer label: libshiboken: Internal C++ object (PySide6.QtWidgets.QLabel) already deleted.
2026-04-11 11:33:53,181 - root - INFO - Theme changed detected in QCustomQRGenerator
2026-04-11 11:33:53,182 - root - INFO - Updated fill color from palette: #ffffff
2026-04-11 11:33:53,182 - root - INFO - Updated background color from palette: #1e1e1e
2026-04-11 11:33:53,183 - root - INFO - Updated gradient start color from palette: #0078d4
2026-04-11 11:33:53,183 - root - INFO - Updated gradient end color from palette: #d45c00
2026-04-11 11:33:53,183 - root - INFO - Generating new QR code with fill: #ffffff, background: #1e1e1e
2026-04-11 11:33:53,188 - root - INFO - Using basic styling with fill: #ffffff, background: #1e1e1e
2026-04-11 11:33:53,191 - root - INFO - QR code generated successfully
2026-04-11 11:33:53,191 - root - INFO - Using cached QR code
2026-04-11 11:35:22,058 - root - ERROR - Error updating designer label: libshiboken: Internal C++ object (PySide6.QtWidgets.QLabel) already deleted.
2026-04-11 11:35:22,112 - root - INFO - Theme changed detected in QCustomQRGenerator
2026-04-11 11:35:22,112 - root - INFO - Updated fill color from palette: #ffffff
2026-04-11 11:35:22,113 - root - INFO - Updated background color from palette: #1e1e1e
2026-04-11 11:35:22,113 - root - INFO - Updated gradient start color from palette: #0078d4
2026-04-11 11:35:22,114 - root - INFO - Updated gradient end color from palette: #d45c00
2026-04-11 11:35:22,114 - root - INFO - Generating new QR code with fill: #ffffff, background: #1e1e1e
2026-04-11 11:35:22,118 - root - INFO - Using basic styling with fill: #ffffff, background: #1e1e1e
2026-04-11 11:35:22,121 - root - INFO - QR code generated successfully
2026-04-11 11:35:22,121 - root - INFO - Using cached QR code
2026-04-16 16:07:09,163 - root - INFO - Registering Custom Widgets
2026-04-16 16:07:09,179 - root - INFO - Registering QCustomQMainWindow
2026-04-16 16:07:09,186 - root - INFO - Registering QAvatarWidget
2026-04-16 16:07:09,191 - root - INFO - Registering QBadgeWidget
2026-04-16 16:07:09,199 - root - INFO - Registering AnalogGaugeWidget
2026-04-16 16:07:09,205 - root - INFO - Registering QCustomThemeList
2026-04-16 16:07:09,213 - root - INFO - Registering QCustomThemeDarkLightToggle
2026-04-16 16:07:09,216 - root - INFO - Registering QCustomCheckBox
2026-04-16 16:07:09,219 - root - INFO - Registering QCustomSidebar
2026-04-16 16:07:09,224 - root - INFO - Registering QCustomHamburgerMenu
2026-04-16 16:07:09,230 - root - INFO - Registering QCustomHorizontalSeparator
2026-04-16 16:07:09,237 - root - INFO - Registering QCustomVerticalSeparator
2026-04-16 16:07:09,241 - root - INFO - Registering QCustomSidebarLabel
2026-04-16 16:07:09,245 - root - INFO - Registering QCustomSidebarButton
2026-04-16 16:07:09,252 - root - INFO - Registering QCustomRoundProgressBar
2026-04-16 16:07:09,260 - root - INFO - Registering QCustomComponent
2026-04-16 16:07:09,268 - root - INFO - Registering QCustomComponentContainer
2026-04-16 16:07:09,274 - root - INFO - Registering QCustomQStackedWidget
2026-04-16 16:07:09,296 - root - INFO - Registering QCustomQProgressBar
2026-04-16 16:07:09,365 - root - INFO - Registering QCustomQRGenerator
2026-04-16 16:07:09,492 - root - INFO - Registering QCustomLineChart
2026-04-16 16:07:09,518 - root - INFO - QCustomLineChart registered successfully
2026-04-16 16:07:09,519 - root - INFO - Registering QCustomBarChart
2026-04-16 16:07:09,520 - root - INFO - QCustomBarChart registered successfully
2026-04-16 16:07:09,522 - root - INFO - Registering QCustomAreaChart
2026-04-16 16:07:09,523 - root - INFO - QCustomAreaChart registered successfully
2026-04-16 16:07:09,524 - root - INFO - Registering QCustomPieChart
2026-04-16 16:07:09,525 - root - INFO - QCustomPieChart registered successfully
2026-04-16 16:07:09,526 - root - INFO - ✓ All chart widgets registered successfully!
2026-04-16 16:07:09,656 - root - DEBUG - Failed to load Product Sans font
2026-04-16 16:07:09,658 - root - DEBUG - Added SASS file to watcher: D:\Vishwa\Qt\25ThemeEngine\Qss\scss\defaultStyle.scss
2026-04-16 16:07:09,659 - root - INFO - SUCCESS: ✅ Live monitoring QSS/SCSS files
2026-04-16 16:07:09,660 - root - INFO -    • defaultStyle.scss
2026-04-16 16:07:09,662 - root - INFO - File listener disabled
2026-04-16 16:07:09,663 - root - INFO - Copied variable 'SPACING_LG' from theme 'QT-Light-theme' to theme 'Light'
2026-04-16 16:07:09,664 - root - INFO - Copied variable 'Pressed-color' from theme 'QT-Light-theme' to theme 'Light'
2026-04-16 16:07:09,665 - root - INFO - Copied variable 'SPACING_MD' from theme 'QT-Light-theme' to theme 'Light'
2026-04-16 16:07:09,666 - root - INFO - Copied variable 'NAV_BG' from theme 'QT-Light-theme' to theme 'Light'
2026-04-16 16:07:09,666 - root - INFO - Copied variable 'HOVER_GLOW' from theme 'QT-Light-theme' to theme 'Light'
2026-04-16 16:07:09,667 - root - INFO - Copied variable 'Hover-color' from theme 'QT-Light-theme' to theme 'Light'
2026-04-16 16:07:09,668 - root - INFO - Copied variable 'GRADIENT' from theme 'QT-Light-theme' to theme 'Light'
2026-04-16 16:07:09,668 - root - INFO - Copied variable 'CARD_RADIUS' from theme 'QT-Light-theme' to theme 'Light'
2026-04-16 16:07:09,669 - root - INFO - Copied variable 'SPACING_SM' from theme 'QT-Light-theme' to theme 'Light'
2026-04-16 16:07:09,670 - root - INFO - Copied variable 'BORDER_COLOR' from theme 'QT-Light-theme' to theme 'Light'
2026-04-16 16:07:09,670 - root - INFO - Copied variable 'CARD_BG' from theme 'QT-Light-theme' to theme 'Light'
2026-04-16 16:07:09,671 - root - INFO - Copied variable 'FOOTER_BG' from theme 'QT-Light-theme' to theme 'Light'
2026-04-16 16:07:09,673 - root - INFO - Copied variable 'Disabled-color' from theme 'QT-Light-theme' to theme 'Light'
2026-04-16 16:07:09,674 - root - INFO - Copied variable 'SPACING_LG' from theme 'Light' to theme 'Dark'
2026-04-16 16:07:09,674 - root - INFO - Copied variable 'Pressed-color' from theme 'Light' to theme 'Dark'
2026-04-16 16:07:09,675 - root - INFO - Copied variable 'SPACING_MD' from theme 'Light' to theme 'Dark'
2026-04-16 16:07:09,675 - root - INFO - Copied variable 'NAV_BG' from theme 'Light' to theme 'Dark'
2026-04-16 16:07:09,676 - root - INFO - Copied variable 'HOVER_GLOW' from theme 'Light' to theme 'Dark'
2026-04-16 16:07:09,677 - root - INFO - Copied variable 'Hover-color' from theme 'Light' to theme 'Dark'
2026-04-16 16:07:09,677 - root - INFO - Copied variable 'GRADIENT' from theme 'Light' to theme 'Dark'
2026-04-16 16:07:09,678 - root - INFO - Copied variable 'CARD_RADIUS' from theme 'Light' to theme 'Dark'
2026-04-16 16:07:09,679 - root - INFO - Copied variable 'SPACING_SM' from theme 'Light' to theme 'Dark'
2026-04-16 16:07:09,679 - root - INFO - Copied variable 'BORDER_COLOR' from theme 'Light' to theme 'Dark'
2026-04-16 16:07:09,680 - root - INFO - Copied variable 'CARD_BG' from theme 'Light' to theme 'Dark'
2026-04-16 16:07:09,680 - root - INFO - Copied variable 'FOOTER_BG' from theme 'Light' to theme 'Dark'
2026-04-16 16:07:09,681 - root - INFO - Copied variable 'Disabled-color' from theme 'Light' to theme 'Dark'
2026-04-16 16:07:09,682 - root - INFO - Copied variable 'Pressed-color' from theme 'Light' to theme 'QT-Dark-theme'
2026-04-16 16:07:09,682 - root - INFO - Copied variable 'Hover-color' from theme 'Light' to theme 'QT-Dark-theme'
2026-04-16 16:07:09,683 - root - INFO - Copied variable 'Disabled-color' from theme 'Light' to theme 'QT-Dark-theme'
2026-04-16 16:07:09,685 - root - INFO - Should live compile stylesheet?: False
2026-04-16 16:07:09,685 - root - INFO - Should paint Qt Designer UI?: False
2026-04-16 16:07:09,723 - root - INFO - SUCCESS: ✅ Live monitoring QSS/SCSS files
2026-04-16 16:07:09,724 - root - INFO -    • defaultStyle.scss
2026-04-16 16:07:09,724 - root - INFO - QSS file monitor started
2026-04-16 16:07:09,728 - root - INFO - Theme changed detected in QCustomQRGenerator
2026-04-16 16:07:09,729 - root - INFO - Updated fill color from palette: #ffffff
2026-04-16 16:07:09,730 - root - INFO - Updated background color from palette: #1e1e1e
2026-04-16 16:07:09,730 - root - INFO - Updated gradient start color from palette: #0078d4
2026-04-16 16:07:09,731 - root - INFO - Updated gradient end color from palette: #d45c00
2026-04-16 16:07:09,732 - root - INFO - Generating new QR code with fill: #ffffff, background: #1e1e1e
2026-04-16 16:07:09,736 - root - INFO - Using basic styling with fill: #ffffff, background: #1e1e1e
2026-04-16 16:07:09,765 - root - INFO - QR code generated successfully
2026-04-16 16:07:09,771 - root - INFO - Using cached QR code
2026-04-16 16:07:09,790 - root - INFO - Applied App Theme (Dark: True) to chart
2026-04-16 16:07:09,796 - root - INFO - Applied App Theme (Dark: True) to chart
2026-04-16 16:07:09,811 - root - INFO - Applied App Theme (Dark: True) to chart
2026-04-16 16:07:09,813 - root - INFO - Applied App Theme (Dark: True) to chart
2026-04-16 16:07:09,821 - root - INFO - Applied App Theme (Dark: True) to chart
2026-04-16 16:07:09,822 - root - INFO - Applied App Theme (Dark: True) to chart
2026-04-16 16:07:09,832 - root - INFO - Applied App Theme (Dark: True) to chart
2026-04-16 16:07:09,833 - root - INFO - Applied App Theme (Dark: True) to chart
2026-04-16 16:07:10,252 - root - INFO - SUCCESS: ✅ Live monitoring QSS/SCSS files
2026-04-16 16:07:10,254 - root - INFO -    • defaultStyle.scss
2026-04-16 16:07:10,255 - root - INFO - QSS file monitor started
2026-04-16 16:07:10,259 - root - INFO - File listener disabled
2026-04-16 16:07:10,261 - root - INFO - File listener disabled
2026-04-16 16:07:29,910 - root - INFO - SUCCESS: ✅ Live monitoring QSS/SCSS files
2026-04-16 16:07:29,911 - root - INFO -    • defaultStyle.scss
2026-04-16 16:07:29,912 - root - INFO - QSS file monitor started
2026-04-16 16:07:29,933 - root - CRITICAL - Button with name 'menuBtn' not found.
2026-04-16 16:07:33,870 - root - INFO - File listener disabled
2026-04-16 16:07:33,898 - root - INFO - SUCCESS: ✅ Live monitoring QSS/SCSS files
2026-04-16 16:07:33,899 - root - INFO -    • defaultStyle.scss
2026-04-16 16:07:33,900 - root - INFO - QSS file monitor started
2026-04-16 16:07:33,981 - root - INFO - Theme changed detected in QCustomQRGenerator
2026-04-16 16:07:33,981 - root - INFO - Updated fill color from palette: #ffffff
2026-04-16 16:07:33,982 - root - INFO - Updated background color from palette: #1e1e1e
2026-04-16 16:07:33,983 - root - INFO - Updated gradient start color from palette: #0078d4
2026-04-16 16:07:33,983 - root - INFO - Updated gradient end color from palette: #d45c00
2026-04-16 16:07:33,984 - root - INFO - Generating new QR code with fill: #ffffff, background: #1e1e1e
2026-04-16 16:07:33,988 - root - INFO - Using basic styling with fill: #ffffff, background: #1e1e1e
2026-04-16 16:07:33,991 - root - INFO - QR code generated successfully
2026-04-16 16:07:33,992 - root - INFO - Using cached QR code
2026-04-16 16:07:34,042 - root - INFO - File listener disabled
2026-04-16 16:07:34,058 - root - INFO - SUCCESS: ✅ Live monitoring QSS/SCSS files
2026-04-16 16:07:34,059 - root - INFO -    • defaultStyle.scss
2026-04-16 16:07:34,060 - root - INFO - File listener disabled
2026-04-16 16:07:34,061 - root - INFO - Should live compile stylesheet?: False
2026-04-16 16:07:34,061 - root - INFO - Should paint Qt Designer UI?: False
2026-04-16 16:07:34,063 - root - INFO - Should live compile stylesheet?: False
2026-04-16 16:07:34,064 - root - INFO - Should paint Qt Designer UI?: True
2026-04-16 16:07:34,065 - root - INFO - No change for QMainWindow.customSideDrawers. Value is already src\ui_LeftSideDrawer.py,src\ui_TopSideDrawer.py,src\ui_BottomSideDrawer.py,src\ui_RightSideDrawer.py.
2026-04-16 16:07:34,079 - root - ERROR - Error updating designer label: libshiboken: Internal C++ object (PySide6.QtWidgets.QLabel) already deleted.
2026-04-16 16:07:34,145 - root - ERROR - Error updating designer label: libshiboken: Internal C++ object (PySide6.QtWidgets.QLabel) already deleted.
2026-04-16 16:07:34,177 - root - ERROR - Error updating designer label: libshiboken: Internal C++ object (PySide6.QtWidgets.QLabel) already deleted.
2026-04-16 16:07:34,249 - root - INFO - Theme changed detected in QCustomQRGenerator
2026-04-16 16:07:34,249 - root - INFO - Updated fill color from palette: #ffffff
2026-04-16 16:07:34,250 - root - INFO - Updated background color from palette: #1e1e1e
2026-04-16 16:07:34,250 - root - INFO - Updated gradient start color from palette: #0078d4
2026-04-16 16:07:34,251 - root - INFO - Updated gradient end color from palette: #d45c00
2026-04-16 16:07:34,251 - root - INFO - Generating new QR code with fill: #ffffff, background: #1e1e1e
2026-04-16 16:07:34,255 - root - INFO - Using basic styling with fill: #ffffff, background: #1e1e1e
2026-04-16 16:07:34,259 - root - INFO - QR code generated successfully
2026-04-16 16:07:34,260 - root - INFO - Using cached QR code
2026-04-16 16:07:34,361 - root - ERROR - Error updating designer label: libshiboken: Internal C++ object (PySide6.QtWidgets.QLabel) already deleted.
2026-04-16 16:07:34,919 - root - ERROR - Error updating designer label: libshiboken: Internal C++ object (PySide6.QtWidgets.QLabel) already deleted.
2026-04-16 16:08:28,098 - root - INFO - File listener disabled
2026-04-16 16:08:30,336 - root - INFO - File listener disabled
2026-04-16 16:08:30,361 - root - INFO - File listener disabled
2026-04-16 16:08:30,386 - root - INFO - File listener disabled
2026-04-16 16:08:30,405 - root - INFO - File listener disabled
2026-04-16 16:08:30,420 - root - INFO - File listener disabled
2026-04-16 16:08:30,438 - root - INFO - File listener disabled
2026-04-16 16:08:30,455 - root - INFO - File listener disabled
2026-04-16 16:08:30,476 - root - INFO - File listener disabled
2026-04-16 16:08:30,494 - root - INFO - File listener disabled
2026-04-16 16:08:30,512 - root - INFO - File listener disabled
2026-04-16 16:08:30,532 - root - INFO - File listener disabled
2026-04-16 16:08:30,551 - root - INFO - File listener disabled
2026-04-16 16:08:30,567 - root - INFO - File listener disabled
2026-04-16 16:08:30,585 - root - INFO - File listener disabled
2026-04-16 16:08:40,093 - root - INFO - File listener disabled
2026-04-16 16:11:57,559 - root - INFO - SUCCESS: ✅ Live monitoring QSS/SCSS files
2026-04-16 16:11:57,559 - root - INFO -    • defaultStyle.scss
2026-04-16 16:11:57,560 - root - INFO - QSS file monitor started
2026-04-16 16:11:57,730 - root - INFO - Theme changed detected in QCustomQRGenerator
2026-04-16 16:11:57,732 - root - INFO - Updated fill color from palette: #ffffff
2026-04-16 16:11:57,732 - root - INFO - Updated background color from palette: #1e1e1e
2026-04-16 16:11:57,732 - root - INFO - Updated gradient start color from palette: #0078d4
2026-04-16 16:11:57,733 - root - INFO - Updated gradient end color from palette: #d45c00
2026-04-16 16:11:57,733 - root - INFO - Generating new QR code with fill: #ffffff, background: #1e1e1e
2026-04-16 16:11:57,737 - root - INFO - Using basic styling with fill: #ffffff, background: #1e1e1e
2026-04-16 16:11:57,740 - root - INFO - QR code generated successfully
2026-04-16 16:11:57,740 - root - INFO - Using cached QR code
2026-04-16 16:11:57,818 - root - INFO - File listener disabled
2026-04-16 17:39:43,591 - root - ERROR - Error updating designer label: libshiboken: Internal C++ object (PySide6.QtWidgets.QLabel) already deleted.
2026-04-16 17:39:43,758 - root - INFO - Theme changed detected in QCustomQRGenerator
2026-04-16 17:39:43,760 - root - INFO - Updated fill color from palette: #ffffff
2026-04-16 17:39:43,761 - root - INFO - Updated background color from palette: #1e1e1e
2026-04-16 17:39:43,762 - root - INFO - Updated gradient start color from palette: #0078d4
2026-04-16 17:39:43,762 - root - INFO - Updated gradient end color from palette: #d45c00
2026-04-16 17:39:43,763 - root - INFO - Generating new QR code with fill: #ffffff, background: #1e1e1e
2026-04-16 17:39:43,768 - root - INFO - Using basic styling with fill: #ffffff, background: #1e1e1e
2026-04-16 17:39:43,773 - root - INFO - QR code generated successfully
2026-04-16 17:39:43,774 - root - INFO - Using cached QR code
2026-04-16 17:39:44,697 - root - ERROR - Error updating designer label: libshiboken: Internal C++ object (PySide6.QtWidgets.QLabel) already deleted.
2026-04-16 17:39:44,836 - root - INFO - Theme changed detected in QCustomQRGenerator
2026-04-16 17:39:44,837 - root - INFO - Updated fill color from palette: #ffffff
2026-04-16 17:39:44,837 - root - INFO - Updated background color from palette: #1e1e1e
2026-04-16 17:39:44,838 - root - INFO - Updated gradient start color from palette: #0078d4
2026-04-16 17:39:44,838 - root - INFO - Updated gradient end color from palette: #d45c00
2026-04-16 17:39:44,838 - root - INFO - Generating new QR code with fill: #ffffff, background: #1e1e1e
2026-04-16 17:39:44,842 - root - INFO - Using basic styling with fill: #ffffff, background: #1e1e1e
2026-04-16 17:39:44,845 - root - INFO - QR code generated successfully
2026-04-16 17:39:44,846 - root - INFO - Using cached QR code
2026-04-16 17:39:49,399 - root - ERROR - Error updating designer label: libshiboken: Internal C++ object (PySide6.QtWidgets.QLabel) already deleted.
2026-04-16 17:39:49,534 - root - INFO - Theme changed detected in QCustomQRGenerator
2026-04-16 17:39:49,535 - root - INFO - Updated fill color from palette: #ffffff
2026-04-16 17:39:49,535 - root - INFO - Updated background color from palette: #1e1e1e
2026-04-16 17:39:49,536 - root - INFO - Updated gradient start color from palette: #0078d4
2026-04-16 17:39:49,536 - root - INFO - Updated gradient end color from palette: #d45c00
2026-04-16 17:39:49,537 - root - INFO - Generating new QR code with fill: #ffffff, background: #1e1e1e
2026-04-16 17:39:49,541 - root - INFO - Using basic styling with fill: #ffffff, background: #1e1e1e
2026-04-16 17:39:49,544 - root - INFO - QR code generated successfully
2026-04-16 17:39:49,545 - root - INFO - Using cached QR code
2026-04-16 17:40:50,635 - root - ERROR - Error updating designer label: libshiboken: Internal C++ object (PySide6.QtWidgets.QLabel) already deleted.
2026-04-16 17:40:50,779 - root - INFO - Theme changed detected in QCustomQRGenerator
2026-04-16 17:40:50,780 - root - INFO - Updated fill color from palette: #ffffff
2026-04-16 17:40:50,781 - root - INFO - Updated background color from palette: #1e1e1e
2026-04-16 17:40:50,781 - root - INFO - Updated gradient start color from palette: #0078d4
2026-04-16 17:40:50,782 - root - INFO - Updated gradient end color from palette: #d45c00
2026-04-16 17:40:50,782 - root - INFO - Generating new QR code with fill: #ffffff, background: #1e1e1e
2026-04-16 17:40:50,787 - root - INFO - Using basic styling with fill: #ffffff, background: #1e1e1e
2026-04-16 17:40:50,789 - root - INFO - QR code generated successfully
2026-04-16 17:40:50,790 - root - INFO - Using cached QR code
2026-04-16 17:41:43,573 - root - ERROR - Error updating designer label: libshiboken: Internal C++ object (PySide6.QtWidgets.QLabel) already deleted.
2026-04-16 17:41:43,719 - root - INFO - Theme changed detected in QCustomQRGenerator
2026-04-16 17:41:43,719 - root - INFO - Updated fill color from palette: #ffffff
2026-04-16 17:41:43,720 - root - INFO - Updated background color from palette: #1e1e1e
2026-04-16 17:41:43,721 - root - INFO - Updated gradient start color from palette: #0078d4
2026-04-16 17:41:43,721 - root - INFO - Updated gradient end color from palette: #d45c00
2026-04-16 17:41:43,721 - root - INFO - Generating new QR code with fill: #ffffff, background: #1e1e1e
2026-04-16 17:41:43,726 - root - INFO - Using basic styling with fill: #ffffff, background: #1e1e1e
2026-04-16 17:41:43,729 - root - INFO - QR code generated successfully
2026-04-16 17:41:43,730 - root - INFO - Using cached QR code
2026-04-16 17:41:59,648 - root - INFO - SUCCESS: ✅ Live monitoring QSS/SCSS files
2026-04-16 17:41:59,648 - root - INFO -    • defaultStyle.scss
2026-04-16 17:41:59,650 - root - INFO - File listener disabled
2026-04-16 17:41:59,653 - root - INFO - Should live compile stylesheet?: False
2026-04-16 17:41:59,653 - root - INFO - Should paint Qt Designer UI?: False
2026-04-16 17:41:59,654 - root - INFO - Should live compile stylesheet?: False
2026-04-16 17:41:59,655 - root - INFO - Should paint Qt Designer UI?: True
2026-04-16 17:41:59,656 - root - INFO - No change for QMainWindow.customSideDrawers. Value is already src\ui_LeftSideDrawer.py,src\ui_TopSideDrawer.py,src\ui_BottomSideDrawer.py,src\ui_RightSideDrawer.py.
2026-04-16 17:41:59,682 - root - ERROR - Error updating designer label: libshiboken: Internal C++ object (PySide6.QtWidgets.QLabel) already deleted.
2026-04-16 17:41:59,775 - root - ERROR - Error updating designer label: libshiboken: Internal C++ object (PySide6.QtWidgets.QLabel) already deleted.
2026-04-16 17:41:59,824 - root - ERROR - Error updating designer label: libshiboken: Internal C++ object (PySide6.QtWidgets.QLabel) already deleted.
2026-04-16 17:42:00,010 - root - INFO - Theme changed detected in QCustomQRGenerator
2026-04-16 17:42:00,011 - root - INFO - Updated fill color from palette: #ffffff
2026-04-16 17:42:00,011 - root - INFO - Updated background color from palette: #1e1e1e
2026-04-16 17:42:00,012 - root - INFO - Updated gradient start color from palette: #0078d4
2026-04-16 17:42:00,012 - root - INFO - Updated gradient end color from palette: #d45c00
2026-04-16 17:42:00,013 - root - INFO - Generating new QR code with fill: #ffffff, background: #1e1e1e
2026-04-16 17:42:00,017 - root - INFO - Using basic styling with fill: #ffffff, background: #1e1e1e
2026-04-16 17:42:00,021 - root - INFO - QR code generated successfully
2026-04-16 17:42:00,022 - root - INFO - Using cached QR code
2026-04-16 17:42:00,221 - root - ERROR - Error updating designer label: libshiboken: Internal C++ object (PySide6.QtWidgets.QLabel) already deleted.
2026-04-16 17:42:00,288 - root - ERROR - Error updating designer label: libshiboken: Internal C++ object (PySide6.QtWidgets.QLabel) already deleted.
2026-04-16 17:42:08,643 - root - INFO - Stopped QSS file monitoring
2026-04-16 17:42:13,965 - root - INFO - SUCCESS: ✅ Live monitoring QSS/SCSS files
2026-04-16 17:42:13,966 - root - INFO -    • defaultStyle.scss
2026-04-16 17:42:13,968 - root - INFO - File listener disabled
2026-04-16 17:42:13,969 - root - INFO - Should live compile stylesheet?: False
2026-04-16 17:42:13,970 - root - INFO - Should paint Qt Designer UI?: False
2026-04-16 17:42:13,972 - root - INFO - Should live compile stylesheet?: False
2026-04-16 17:42:13,973 - root - INFO - Should paint Qt Designer UI?: True
2026-04-16 17:42:13,974 - root - INFO - No change for QMainWindow.customSideDrawers. Value is already src\ui_LeftSideDrawer.py,src\ui_TopSideDrawer.py,src\ui_BottomSideDrawer.py,src\ui_RightSideDrawer.py.
2026-04-16 17:42:14,010 - root - ERROR - Error updating designer label: libshiboken: Internal C++ object (PySide6.QtWidgets.QLabel) already deleted.
2026-04-16 17:42:14,106 - root - ERROR - Error updating designer label: libshiboken: Internal C++ object (PySide6.QtWidgets.QLabel) already deleted.
2026-04-16 17:42:14,153 - root - ERROR - Error updating designer label: libshiboken: Internal C++ object (PySide6.QtWidgets.QLabel) already deleted.
2026-04-16 17:42:14,344 - root - INFO - Theme changed detected in QCustomQRGenerator
2026-04-16 17:42:14,345 - root - INFO - Updated fill color from palette: #ffffff
2026-04-16 17:42:14,345 - root - INFO - Updated background color from palette: #1e1e1e
2026-04-16 17:42:14,346 - root - INFO - Updated gradient start color from palette: #0078d4
2026-04-16 17:42:14,346 - root - INFO - Updated gradient end color from palette: #d45c00
2026-04-16 17:42:14,347 - root - INFO - Generating new QR code with fill: #ffffff, background: #1e1e1e
2026-04-16 17:42:14,351 - root - INFO - Using basic styling with fill: #ffffff, background: #1e1e1e
2026-04-16 17:42:14,355 - root - INFO - QR code generated successfully
2026-04-16 17:42:14,356 - root - INFO - Using cached QR code
2026-04-16 17:42:14,554 - root - ERROR - Error updating designer label: libshiboken: Internal C++ object (PySide6.QtWidgets.QLabel) already deleted.
2026-04-16 17:42:14,619 - root - ERROR - Error updating designer label: libshiboken: Internal C++ object (PySide6.QtWidgets.QLabel) already deleted.
2026-04-16 17:42:18,050 - root - INFO - Stopped QSS file monitoring
2026-04-16 17:42:21,404 - root - INFO - SUCCESS: ✅ Live monitoring QSS/SCSS files
2026-04-16 17:42:21,404 - root - INFO -    • defaultStyle.scss
2026-04-16 17:42:21,405 - root - INFO - File listener disabled
2026-04-16 17:42:21,405 - root - INFO - Should live compile stylesheet?: False
2026-04-16 17:42:21,406 - root - INFO - Should paint Qt Designer UI?: False
2026-04-16 17:42:21,407 - root - INFO - Should live compile stylesheet?: False
2026-04-16 17:42:21,407 - root - INFO - Should paint Qt Designer UI?: True
2026-04-16 17:42:21,408 - root - INFO - No change for QMainWindow.customSideDrawers. Value is already src\ui_LeftSideDrawer.py,src\ui_TopSideDrawer.py,src\ui_BottomSideDrawer.py,src\ui_RightSideDrawer.py.
2026-04-16 17:42:21,433 - root - ERROR - Error updating designer label: libshiboken: Internal C++ object (PySide6.QtWidgets.QLabel) already deleted.
2026-04-16 17:42:21,525 - root - ERROR - Error updating designer label: libshiboken: Internal C++ object (PySide6.QtWidgets.QLabel) already deleted.
2026-04-16 17:42:21,572 - root - ERROR - Error updating designer label: libshiboken: Internal C++ object (PySide6.QtWidgets.QLabel) already deleted.
2026-04-16 17:42:21,761 - root - INFO - Theme changed detected in QCustomQRGenerator
2026-04-16 17:42:21,762 - root - INFO - Updated fill color from palette: #ffffff
2026-04-16 17:42:21,762 - root - INFO - Updated background color from palette: #1e1e1e
2026-04-16 17:42:21,763 - root - INFO - Updated gradient start color from palette: #0078d4
2026-04-16 17:42:21,764 - root - INFO - Updated gradient end color from palette: #d45c00
2026-04-16 17:42:21,764 - root - INFO - Generating new QR code with fill: #ffffff, background: #1e1e1e
2026-04-16 17:42:21,769 - root - INFO - Using basic styling with fill: #ffffff, background: #1e1e1e
2026-04-16 17:42:21,772 - root - INFO - QR code generated successfully
2026-04-16 17:42:21,773 - root - INFO - Using cached QR code
2026-04-16 17:42:21,966 - root - ERROR - Error updating designer label: libshiboken: Internal C++ object (PySide6.QtWidgets.QLabel) already deleted.
2026-04-16 17:42:22,032 - root - ERROR - Error updating designer label: libshiboken: Internal C++ object (PySide6.QtWidgets.QLabel) already deleted.
2026-04-16 17:42:29,270 - root - INFO - Stopped QSS file monitoring
2026-04-16 17:54:52,186 - root - ERROR - Error updating designer label: libshiboken: Internal C++ object (PySide6.QtWidgets.QLabel) already deleted.
2026-04-16 17:54:52,350 - root - INFO - Theme changed detected in QCustomQRGenerator
2026-04-16 17:54:52,351 - root - INFO - Updated fill color from palette: #ffffff
2026-04-16 17:54:52,351 - root - INFO - Updated background color from palette: #1e1e1e
2026-04-16 17:54:52,352 - root - INFO - Updated gradient start color from palette: #0078d4
2026-04-16 17:54:52,352 - root - INFO - Updated gradient end color from palette: #d45c00
2026-04-16 17:54:52,353 - root - INFO - Generating new QR code with fill: #ffffff, background: #1e1e1e
2026-04-16 17:54:52,358 - root - INFO - Using basic styling with fill: #ffffff, background: #1e1e1e
2026-04-16 17:54:52,361 - root - INFO - QR code generated successfully
2026-04-16 17:54:52,362 - root - INFO - Using cached QR code
2026-04-16 17:55:00,637 - root - INFO - SUCCESS: ✅ Live monitoring QSS/SCSS files
2026-04-16 17:55:00,638 - root - INFO -    • defaultStyle.scss
2026-04-16 17:55:00,639 - root - INFO - QSS file monitor started
2026-04-16 17:55:00,915 - root - INFO - Theme changed detected in QCustomQRGenerator
2026-04-16 17:55:00,916 - root - INFO - Updated fill color from palette: #ffffff
2026-04-16 17:55:00,917 - root - INFO - Updated background color from palette: #1e1e1e
2026-04-16 17:55:00,918 - root - INFO - Updated gradient start color from palette: #0078d4
2026-04-16 17:55:00,918 - root - INFO - Updated gradient end color from palette: #d45c00
2026-04-16 17:55:00,918 - root - INFO - Generating new QR code with fill: #ffffff, background: #1e1e1e
2026-04-16 17:55:00,923 - root - INFO - Using basic styling with fill: #ffffff, background: #1e1e1e
2026-04-16 17:55:00,927 - root - INFO - QR code generated successfully
2026-04-16 17:55:00,927 - root - INFO - Using cached QR code
2026-04-16 17:55:01,015 - root - INFO - File listener disabled
2026-04-16 17:55:04,563 - root - INFO - File listener disabled
2026-04-16 17:55:04,590 - root - INFO - File listener disabled
2026-04-16 17:55:04,630 - root - INFO - File listener disabled
2026-04-16 17:55:04,671 - root - INFO - File listener disabled
2026-04-16 17:55:04,680 - root - INFO - File listener disabled
2026-04-16 17:55:04,719 - root - INFO - File listener disabled
2026-04-16 17:55:04,755 - root - INFO - File listener disabled
2026-04-16 17:55:04,792 - root - INFO - File listener disabled
2026-04-16 17:55:04,823 - root - INFO - File listener disabled
2026-04-16 17:55:04,856 - root - INFO - File listener disabled
2026-04-16 17:55:04,888 - root - INFO - File listener disabled
2026-04-16 17:55:04,922 - root - INFO - File listener disabled
2026-04-16 17:55:04,958 - root - INFO - File listener disabled
2026-04-16 17:55:04,993 - root - INFO - File listener disabled
2026-04-16 17:55:05,027 - root - INFO - File listener disabled
2026-04-16 17:55:05,061 - root - INFO - File listener disabled
2026-04-16 17:55:05,095 - root - INFO - File listener disabled
2026-04-16 17:55:05,127 - root - INFO - File listener disabled
2026-04-16 17:55:05,158 - root - INFO - File listener disabled
2026-04-16 17:55:05,903 - root - INFO - File listener disabled
2026-04-16 17:55:05,933 - root - INFO - File listener disabled
2026-04-16 17:55:05,958 - root - INFO - File listener disabled
2026-04-16 17:55:05,981 - root - INFO - File listener disabled
2026-04-16 17:55:06,008 - root - INFO - File listener disabled
2026-04-16 17:55:06,032 - root - INFO - File listener disabled
2026-04-16 17:55:06,060 - root - INFO - File listener disabled
2026-04-16 17:55:06,089 - root - INFO - File listener disabled
2026-04-16 17:55:06,103 - root - INFO - File listener disabled
2026-04-16 17:55:06,133 - root - INFO - File listener disabled
2026-04-16 17:55:06,165 - root - INFO - File listener disabled
2026-04-16 17:55:06,197 - root - INFO - File listener disabled
2026-04-16 17:55:06,231 - root - INFO - File listener disabled
2026-04-16 17:55:06,262 - root - INFO - File listener disabled
2026-04-16 17:55:06,293 - root - INFO - File listener disabled
2026-04-16 17:56:42,895 - root - ERROR - Error updating designer label: libshiboken: Internal C++ object (PySide6.QtWidgets.QLabel) already deleted.
2026-04-16 17:56:43,048 - root - INFO - Theme changed detected in QCustomQRGenerator
2026-04-16 17:56:43,049 - root - INFO - Updated fill color from palette: #ffffff
2026-04-16 17:56:43,050 - root - INFO - Updated background color from palette: #1e1e1e
2026-04-16 17:56:43,050 - root - INFO - Updated gradient start color from palette: #0078d4
2026-04-16 17:56:43,051 - root - INFO - Updated gradient end color from palette: #d45c00
2026-04-16 17:56:43,051 - root - INFO - Generating new QR code with fill: #ffffff, background: #1e1e1e
2026-04-16 17:56:43,055 - root - INFO - Using basic styling with fill: #ffffff, background: #1e1e1e
2026-04-16 17:56:43,059 - root - INFO - QR code generated successfully
2026-04-16 17:56:43,060 - root - INFO - Using cached QR code
2026-04-16 18:15:30,554 - root - INFO - Registering Custom Widgets
2026-04-16 18:15:30,558 - root - INFO - Registering QCustomQMainWindow
2026-04-16 18:15:30,571 - root - INFO - Registering QAvatarWidget
2026-04-16 18:15:30,574 - root - INFO - Registering QBadgeWidget
2026-04-16 18:15:30,579 - root - INFO - Registering AnalogGaugeWidget
2026-04-16 18:15:30,583 - root - INFO - Registering QCustomThemeList
2026-04-16 18:15:30,589 - root - INFO - Registering QCustomThemeDarkLightToggle
2026-04-16 18:15:30,591 - root - INFO - Registering QCustomCheckBox
2026-04-16 18:15:30,594 - root - INFO - Registering QCustomSidebar
2026-04-16 18:15:30,595 - root - INFO - Registering QCustomHamburgerMenu
2026-04-16 18:15:30,598 - root - INFO - Registering QCustomHorizontalSeparator
2026-04-16 18:15:30,603 - root - INFO - Registering QCustomVerticalSeparator
2026-04-16 18:15:30,606 - root - INFO - Registering QCustomSidebarLabel
2026-04-16 18:15:30,609 - root - INFO - Registering QCustomSidebarButton
2026-04-16 18:15:30,613 - root - INFO - Registering QCustomRoundProgressBar
2026-04-16 18:15:30,619 - root - INFO - Registering QCustomComponent
2026-04-16 18:15:30,626 - root - INFO - Registering QCustomComponentContainer
2026-04-16 18:15:30,629 - root - INFO - Registering QCustomQStackedWidget
2026-04-16 18:15:30,639 - root - INFO - Registering QCustomQProgressBar
2026-04-16 18:15:30,663 - root - INFO - Registering QCustomQRGenerator
2026-04-16 18:15:30,717 - root - INFO - Registering QCustomLineChart
2026-04-16 18:15:30,726 - root - INFO - QCustomLineChart registered successfully
2026-04-16 18:15:30,726 - root - INFO - Registering QCustomBarChart
2026-04-16 18:15:30,727 - root - INFO - QCustomBarChart registered successfully
2026-04-16 18:15:30,728 - root - INFO - Registering QCustomAreaChart
2026-04-16 18:15:30,728 - root - INFO - QCustomAreaChart registered successfully
2026-04-16 18:15:30,729 - root - INFO - Registering QCustomPieChart
2026-04-16 18:15:30,730 - root - INFO - QCustomPieChart registered successfully
2026-04-16 18:15:30,730 - root - INFO - ✓ All chart widgets registered successfully!
2026-04-16 18:15:30,756 - root - DEBUG - Failed to load Product Sans font
2026-04-16 18:15:30,758 - root - DEBUG - Added SASS file to watcher: D:\Vishwa\Qt\25ThemeEngine\Qss\scss\defaultStyle.scss
2026-04-16 18:15:30,758 - root - INFO - SUCCESS: ✅ Live monitoring QSS/SCSS files
2026-04-16 18:15:30,759 - root - INFO -    • defaultStyle.scss
2026-04-16 18:15:30,760 - root - INFO - File listener disabled
2026-04-16 18:15:30,760 - root - INFO - Copied variable 'CARD_RADIUS' from theme 'QT-Light-theme' to theme 'Light'
2026-04-16 18:15:30,760 - root - INFO - Copied variable 'SPACING_MD' from theme 'QT-Light-theme' to theme 'Light'
2026-04-16 18:15:30,761 - root - INFO - Copied variable 'Pressed-color' from theme 'QT-Light-theme' to theme 'Light'
2026-04-16 18:15:30,761 - root - INFO - Copied variable 'FOOTER_BG' from theme 'QT-Light-theme' to theme 'Light'
2026-04-16 18:15:30,762 - root - INFO - Copied variable 'GRADIENT' from theme 'QT-Light-theme' to theme 'Light'
2026-04-16 18:15:30,762 - root - INFO - Copied variable 'SPACING_LG' from theme 'QT-Light-theme' to theme 'Light'
2026-04-16 18:15:30,763 - root - INFO - Copied variable 'Hover-color' from theme 'QT-Light-theme' to theme 'Light'
2026-04-16 18:15:30,763 - root - INFO - Copied variable 'Disabled-color' from theme 'QT-Light-theme' to theme 'Light'
2026-04-16 18:15:30,763 - root - INFO - Copied variable 'CARD_BG' from theme 'QT-Light-theme' to theme 'Light'
2026-04-16 18:15:30,764 - root - INFO - Copied variable 'NAV_BG' from theme 'QT-Light-theme' to theme 'Light'
2026-04-16 18:15:30,764 - root - INFO - Copied variable 'SPACING_SM' from theme 'QT-Light-theme' to theme 'Light'
2026-04-16 18:15:30,765 - root - INFO - Copied variable 'HOVER_GLOW' from theme 'QT-Light-theme' to theme 'Light'
2026-04-16 18:15:30,765 - root - INFO - Copied variable 'BORDER_COLOR' from theme 'QT-Light-theme' to theme 'Light'
2026-04-16 18:15:30,766 - root - INFO - Copied variable 'CARD_RADIUS' from theme 'Light' to theme 'Dark'
2026-04-16 18:15:30,766 - root - INFO - Copied variable 'SPACING_MD' from theme 'Light' to theme 'Dark'
2026-04-16 18:15:30,767 - root - INFO - Copied variable 'Pressed-color' from theme 'Light' to theme 'Dark'
2026-04-16 18:15:30,767 - root - INFO - Copied variable 'FOOTER_BG' from theme 'Light' to theme 'Dark'
2026-04-16 18:15:30,768 - root - INFO - Copied variable 'GRADIENT' from theme 'Light' to theme 'Dark'
2026-04-16 18:15:30,768 - root - INFO - Copied variable 'SPACING_LG' from theme 'Light' to theme 'Dark'
2026-04-16 18:15:30,768 - root - INFO - Copied variable 'Hover-color' from theme 'Light' to theme 'Dark'
2026-04-16 18:15:30,769 - root - INFO - Copied variable 'Disabled-color' from theme 'Light' to theme 'Dark'
2026-04-16 18:15:30,769 - root - INFO - Copied variable 'CARD_BG' from theme 'Light' to theme 'Dark'
2026-04-16 18:15:30,770 - root - INFO - Copied variable 'NAV_BG' from theme 'Light' to theme 'Dark'
2026-04-16 18:15:30,770 - root - INFO - Copied variable 'SPACING_SM' from theme 'Light' to theme 'Dark'
2026-04-16 18:15:30,771 - root - INFO - Copied variable 'HOVER_GLOW' from theme 'Light' to theme 'Dark'
2026-04-16 18:15:30,771 - root - INFO - Copied variable 'BORDER_COLOR' from theme 'Light' to theme 'Dark'
2026-04-16 18:15:30,772 - root - INFO - Copied variable 'Hover-color' from theme 'Light' to theme 'QT-Dark-theme'
2026-04-16 18:15:30,772 - root - INFO - Copied variable 'Pressed-color' from theme 'Light' to theme 'QT-Dark-theme'
2026-04-16 18:15:30,773 - root - INFO - Copied variable 'Disabled-color' from theme 'Light' to theme 'QT-Dark-theme'
2026-04-16 18:15:30,773 - root - INFO - Should live compile stylesheet?: False
2026-04-16 18:15:30,774 - root - INFO - Should paint Qt Designer UI?: False
2026-04-16 18:15:30,782 - root - INFO - SUCCESS: ✅ Live monitoring QSS/SCSS files
2026-04-16 18:15:30,783 - root - INFO -    • defaultStyle.scss
2026-04-16 18:15:30,784 - root - INFO - QSS file monitor started
2026-04-16 18:15:30,785 - root - INFO - Theme changed detected in QCustomQRGenerator
2026-04-16 18:15:30,786 - root - INFO - Updated fill color from palette: #ffffff
2026-04-16 18:15:30,786 - root - INFO - Updated background color from palette: #1e1e1e
2026-04-16 18:15:30,787 - root - INFO - Updated gradient start color from palette: #0078d4
2026-04-16 18:15:30,787 - root - INFO - Updated gradient end color from palette: #d45c00
2026-04-16 18:15:30,788 - root - INFO - Generating new QR code with fill: #ffffff, background: #1e1e1e
2026-04-16 18:15:30,791 - root - INFO - Using basic styling with fill: #ffffff, background: #1e1e1e
2026-04-16 18:15:30,798 - root - INFO - QR code generated successfully
2026-04-16 18:15:30,802 - root - INFO - Using cached QR code
2026-04-16 18:15:30,806 - root - INFO - Applied App Theme (Dark: True) to chart
2026-04-16 18:15:30,807 - root - INFO - Applied App Theme (Dark: True) to chart
2026-04-16 18:15:30,814 - root - INFO - Applied App Theme (Dark: True) to chart
2026-04-16 18:15:30,816 - root - INFO - Applied App Theme (Dark: True) to chart
2026-04-16 18:15:30,820 - root - INFO - Applied App Theme (Dark: True) to chart
2026-04-16 18:15:30,822 - root - INFO - Applied App Theme (Dark: True) to chart
2026-04-16 18:15:30,827 - root - INFO - Applied App Theme (Dark: True) to chart
2026-04-16 18:15:30,828 - root - INFO - Applied App Theme (Dark: True) to chart
2026-04-16 18:15:31,080 - root - INFO - SUCCESS: ✅ Live monitoring QSS/SCSS files
2026-04-16 18:15:31,081 - root - INFO -    • defaultStyle.scss
2026-04-16 18:15:31,082 - root - INFO - QSS file monitor started
2026-04-16 18:15:31,084 - root - INFO - File listener disabled
2026-04-16 18:15:31,090 - root - INFO - File listener disabled
2026-04-16 18:15:47,514 - root - INFO - SUCCESS: ✅ Live monitoring QSS/SCSS files
2026-04-16 18:15:47,514 - root - INFO -    • defaultStyle.scss
2026-04-16 18:15:47,515 - root - INFO - QSS file monitor started
2026-04-16 18:15:47,529 - root - INFO - Theme changed detected in QCustomQRGenerator
2026-04-16 18:15:47,529 - root - INFO - Updated fill color from palette: #ffffff
2026-04-16 18:15:47,530 - root - INFO - Updated background color from palette: #1e1e1e
2026-04-16 18:15:47,530 - root - INFO - Updated gradient start color from palette: #0078d4
2026-04-16 18:15:47,530 - root - INFO - Updated gradient end color from palette: #d45c00
2026-04-16 18:15:47,531 - root - INFO - Generating new QR code with fill: #ffffff, background: #1e1e1e
2026-04-16 18:15:47,534 - root - INFO - Using basic styling with fill: #ffffff, background: #1e1e1e
2026-04-16 18:15:47,537 - root - INFO - QR code generated successfully
2026-04-16 18:15:47,538 - root - INFO - Using cached QR code
2026-04-16 18:15:50,959 - root - INFO - File listener disabled
2026-04-17 09:12:31,876 - root - INFO - Registering Custom Widgets
2026-04-17 09:12:31,885 - root - INFO - Registering QCustomQMainWindow
2026-04-17 09:12:31,916 - root - INFO - Registering QAvatarWidget
2026-04-17 09:12:31,919 - root - INFO - Registering QBadgeWidget
2026-04-17 09:12:31,924 - root - INFO - Registering AnalogGaugeWidget
2026-04-17 09:12:31,928 - root - INFO - Registering QCustomThemeList
2026-04-17 09:12:31,934 - root - INFO - Registering QCustomThemeDarkLightToggle
2026-04-17 09:12:31,936 - root - INFO - Registering QCustomCheckBox
2026-04-17 09:12:31,937 - root - INFO - Registering QCustomSidebar
2026-04-17 09:12:31,938 - root - INFO - Registering QCustomHamburgerMenu
2026-04-17 09:12:31,942 - root - INFO - Registering QCustomHorizontalSeparator
2026-04-17 09:12:31,945 - root - INFO - Registering QCustomVerticalSeparator
2026-04-17 09:12:31,947 - root - INFO - Registering QCustomSidebarLabel
2026-04-17 09:12:31,948 - root - INFO - Registering QCustomSidebarButton
2026-04-17 09:12:31,952 - root - INFO - Registering QCustomRoundProgressBar
2026-04-17 09:12:31,957 - root - INFO - Registering QCustomComponent
2026-04-17 09:12:31,963 - root - INFO - Registering QCustomComponentContainer
2026-04-17 09:12:31,968 - root - INFO - Registering QCustomQStackedWidget
2026-04-17 09:12:31,985 - root - INFO - Registering QCustomQProgressBar
2026-04-17 09:12:32,040 - root - INFO - Registering QCustomQRGenerator
2026-04-17 09:12:32,122 - root - INFO - Registering QCustomLineChart
2026-04-17 09:12:32,140 - root - INFO - QCustomLineChart registered successfully
2026-04-17 09:12:32,140 - root - INFO - Registering QCustomBarChart
2026-04-17 09:12:32,142 - root - INFO - QCustomBarChart registered successfully
2026-04-17 09:12:32,142 - root - INFO - Registering QCustomAreaChart
2026-04-17 09:12:32,143 - root - INFO - QCustomAreaChart registered successfully
2026-04-17 09:12:32,144 - root - INFO - Registering QCustomPieChart
2026-04-17 09:12:32,145 - root - INFO - QCustomPieChart registered successfully
2026-04-17 09:12:32,145 - root - INFO - ✓ All chart widgets registered successfully!
2026-04-17 09:12:32,242 - root - DEBUG - Failed to load Product Sans font
2026-04-17 09:12:32,244 - root - DEBUG - Added SASS file to watcher: D:\Vishwa\Qt\25ThemeEngine\Qss\scss\defaultStyle.scss
2026-04-17 09:12:32,245 - root - INFO - SUCCESS: ✅ Live monitoring QSS/SCSS files
2026-04-17 09:12:32,245 - root - INFO -    • defaultStyle.scss
2026-04-17 09:12:32,247 - root - INFO - File listener disabled
2026-04-17 09:12:32,247 - root - INFO - Copied variable 'Pressed-color' from theme 'QT-Light-theme' to theme 'Light'
2026-04-17 09:12:32,248 - root - INFO - Copied variable 'Disabled-color' from theme 'QT-Light-theme' to theme 'Light'
2026-04-17 09:12:32,248 - root - INFO - Copied variable 'CARD_BG' from theme 'QT-Light-theme' to theme 'Light'
2026-04-17 09:12:32,249 - root - INFO - Copied variable 'CARD_RADIUS' from theme 'QT-Light-theme' to theme 'Light'
2026-04-17 09:12:32,249 - root - INFO - Copied variable 'FOOTER_BG' from theme 'QT-Light-theme' to theme 'Light'
2026-04-17 09:12:32,250 - root - INFO - Copied variable 'Hover-color' from theme 'QT-Light-theme' to theme 'Light'
2026-04-17 09:12:32,250 - root - INFO - Copied variable 'SPACING_SM' from theme 'QT-Light-theme' to theme 'Light'
2026-04-17 09:12:32,251 - root - INFO - Copied variable 'GRADIENT' from theme 'QT-Light-theme' to theme 'Light'
2026-04-17 09:12:32,252 - root - INFO - Copied variable 'SPACING_MD' from theme 'QT-Light-theme' to theme 'Light'
2026-04-17 09:12:32,252 - root - INFO - Copied variable 'SPACING_LG' from theme 'QT-Light-theme' to theme 'Light'
2026-04-17 09:12:32,253 - root - INFO - Copied variable 'HOVER_GLOW' from theme 'QT-Light-theme' to theme 'Light'
2026-04-17 09:12:32,254 - root - INFO - Copied variable 'NAV_BG' from theme 'QT-Light-theme' to theme 'Light'
2026-04-17 09:12:32,255 - root - INFO - Copied variable 'BORDER_COLOR' from theme 'QT-Light-theme' to theme 'Light'
2026-04-17 09:12:32,256 - root - INFO - Copied variable 'Pressed-color' from theme 'Light' to theme 'Dark'
2026-04-17 09:12:32,257 - root - INFO - Copied variable 'Disabled-color' from theme 'Light' to theme 'Dark'
2026-04-17 09:12:32,257 - root - INFO - Copied variable 'CARD_BG' from theme 'Light' to theme 'Dark'
2026-04-17 09:12:32,259 - root - INFO - Copied variable 'CARD_RADIUS' from theme 'Light' to theme 'Dark'
2026-04-17 09:12:32,260 - root - INFO - Copied variable 'FOOTER_BG' from theme 'Light' to theme 'Dark'
2026-04-17 09:12:32,260 - root - INFO - Copied variable 'Hover-color' from theme 'Light' to theme 'Dark'
2026-04-17 09:12:32,261 - root - INFO - Copied variable 'SPACING_SM' from theme 'Light' to theme 'Dark'
2026-04-17 09:12:32,262 - root - INFO - Copied variable 'GRADIENT' from theme 'Light' to theme 'Dark'
2026-04-17 09:12:32,262 - root - INFO - Copied variable 'SPACING_MD' from theme 'Light' to theme 'Dark'
2026-04-17 09:12:32,263 - root - INFO - Copied variable 'SPACING_LG' from theme 'Light' to theme 'Dark'
2026-04-17 09:12:32,263 - root - INFO - Copied variable 'HOVER_GLOW' from theme 'Light' to theme 'Dark'
2026-04-17 09:12:32,264 - root - INFO - Copied variable 'NAV_BG' from theme 'Light' to theme 'Dark'
2026-04-17 09:12:32,265 - root - INFO - Copied variable 'BORDER_COLOR' from theme 'Light' to theme 'Dark'
2026-04-17 09:12:32,265 - root - INFO - Copied variable 'Pressed-color' from theme 'Light' to theme 'QT-Dark-theme'
2026-04-17 09:12:32,266 - root - INFO - Copied variable 'Disabled-color' from theme 'Light' to theme 'QT-Dark-theme'
2026-04-17 09:12:32,267 - root - INFO - Copied variable 'Hover-color' from theme 'Light' to theme 'QT-Dark-theme'
2026-04-17 09:12:32,268 - root - INFO - Should live compile stylesheet?: False
2026-04-17 09:12:32,269 - root - INFO - Should paint Qt Designer UI?: False
2026-04-17 09:12:32,294 - root - INFO - SUCCESS: ✅ Live monitoring QSS/SCSS files
2026-04-17 09:12:32,295 - root - INFO -    • defaultStyle.scss
2026-04-17 09:12:32,295 - root - INFO - QSS file monitor started
2026-04-17 09:12:32,299 - root - INFO - Theme changed detected in QCustomQRGenerator
2026-04-17 09:12:32,299 - root - INFO - Updated fill color from palette: #ffffff
2026-04-17 09:12:32,300 - root - INFO - Updated background color from palette: #1e1e1e
2026-04-17 09:12:32,301 - root - INFO - Updated gradient start color from palette: #0078d4
2026-04-17 09:12:32,301 - root - INFO - Updated gradient end color from palette: #d45c00
2026-04-17 09:12:32,302 - root - INFO - Generating new QR code with fill: #ffffff, background: #1e1e1e
2026-04-17 09:12:32,306 - root - INFO - Using basic styling with fill: #ffffff, background: #1e1e1e
2026-04-17 09:12:32,322 - root - INFO - QR code generated successfully
2026-04-17 09:12:32,324 - root - INFO - Using cached QR code
2026-04-17 09:12:32,336 - root - INFO - Applied App Theme (Dark: True) to chart
2026-04-17 09:12:32,340 - root - INFO - Applied App Theme (Dark: True) to chart
2026-04-17 09:12:32,350 - root - INFO - Applied App Theme (Dark: True) to chart
2026-04-17 09:12:32,352 - root - INFO - Applied App Theme (Dark: True) to chart
2026-04-17 09:12:32,358 - root - INFO - Applied App Theme (Dark: True) to chart
2026-04-17 09:12:32,360 - root - INFO - Applied App Theme (Dark: True) to chart
2026-04-17 09:12:32,367 - root - INFO - Applied App Theme (Dark: True) to chart
2026-04-17 09:12:32,368 - root - INFO - Applied App Theme (Dark: True) to chart
2026-04-17 09:12:32,671 - root - INFO - SUCCESS: ✅ Live monitoring QSS/SCSS files
2026-04-17 09:12:32,672 - root - INFO -    • defaultStyle.scss
2026-04-17 09:12:32,673 - root - INFO - QSS file monitor started
2026-04-17 09:12:32,678 - root - INFO - File listener disabled
2026-04-17 09:12:32,685 - root - INFO - File listener disabled
2026-04-17 09:34:25,518 - root - INFO - SUCCESS: ✅ Live monitoring QSS/SCSS files
2026-04-17 09:34:25,522 - root - INFO -    • defaultStyle.scss
2026-04-17 09:34:25,523 - root - INFO - QSS file monitor started
2026-04-17 09:34:26,563 - root - INFO - File listener disabled
2026-04-17 09:34:26,571 - root - INFO - SUCCESS: ✅ Live monitoring QSS/SCSS files
2026-04-17 09:34:26,571 - root - INFO -    • defaultStyle.scss
2026-04-17 09:34:26,572 - root - INFO - QSS file monitor started
2026-04-17 09:34:26,589 - root - INFO - Theme changed detected in QCustomQRGenerator
2026-04-17 09:34:26,590 - root - INFO - Updated fill color from palette: #ffffff
2026-04-17 09:34:26,590 - root - INFO - Updated background color from palette: #1e1e1e
2026-04-17 09:34:26,590 - root - INFO - Updated gradient start color from palette: #0078d4
2026-04-17 09:34:26,591 - root - INFO - Updated gradient end color from palette: #d45c00
2026-04-17 09:34:26,591 - root - INFO - Generating new QR code with fill: #ffffff, background: #1e1e1e
2026-04-17 09:34:26,594 - root - INFO - Using basic styling with fill: #ffffff, background: #1e1e1e
2026-04-17 09:34:26,596 - root - INFO - QR code generated successfully
2026-04-17 09:34:26,597 - root - INFO - Using cached QR code
2026-04-17 09:34:26,622 - root - INFO - File listener disabled
2026-04-17 09:34:26,626 - root - INFO - SUCCESS: ✅ Live monitoring QSS/SCSS files
2026-04-17 09:34:26,627 - root - INFO -    • defaultStyle.scss
2026-04-17 09:34:26,628 - root - INFO - File listener disabled
2026-04-17 09:34:26,628 - root - INFO - Should live compile stylesheet?: False
2026-04-17 09:34:26,629 - root - INFO - Should paint Qt Designer UI?: False
2026-04-17 09:34:26,630 - root - INFO - Should live compile stylesheet?: False
2026-04-17 09:34:26,630 - root - INFO - Should paint Qt Designer UI?: True
2026-04-17 09:34:26,631 - root - INFO - No change for QMainWindow.customSideDrawers. Value is already src\ui_LeftSideDrawer.py,src\ui_TopSideDrawer.py,src\ui_BottomSideDrawer.py,src\ui_RightSideDrawer.py.
2026-04-17 09:34:26,635 - root - ERROR - Error updating designer label: libshiboken: Internal C++ object (PySide6.QtWidgets.QLabel) already deleted.
2026-04-17 09:34:26,700 - root - ERROR - Error updating designer label: libshiboken: Internal C++ object (PySide6.QtWidgets.QLabel) already deleted.
2026-04-17 09:34:26,714 - root - ERROR - Error updating designer label: libshiboken: Internal C++ object (PySide6.QtWidgets.QLabel) already deleted.
2026-04-17 09:34:26,763 - root - INFO - Theme changed detected in QCustomQRGenerator
2026-04-17 09:34:26,764 - root - INFO - Updated fill color from palette: #ffffff
2026-04-17 09:34:26,764 - root - INFO - Updated background color from palette: #1e1e1e
2026-04-17 09:34:26,765 - root - INFO - Updated gradient start color from palette: #0078d4
2026-04-17 09:34:26,765 - root - INFO - Updated gradient end color from palette: #d45c00
2026-04-17 09:34:26,766 - root - INFO - Generating new QR code with fill: #ffffff, background: #1e1e1e
2026-04-17 09:34:26,769 - root - INFO - Using basic styling with fill: #ffffff, background: #1e1e1e
2026-04-17 09:34:26,772 - root - INFO - QR code generated successfully
2026-04-17 09:34:26,772 - root - INFO - Using cached QR code
2026-04-17 09:34:26,826 - root - ERROR - Error updating designer label: libshiboken: Internal C++ object (PySide6.QtWidgets.QLabel) already deleted.
2026-04-17 09:34:27,373 - root - ERROR - Error updating designer label: libshiboken: Internal C++ object (PySide6.QtWidgets.QLabel) already deleted.
2026-04-17 14:27:08,996 - root - ERROR - Error updating designer label: libshiboken: Internal C++ object (PySide6.QtWidgets.QLabel) already deleted.
2026-04-17 14:27:10,233 - root - ERROR - Error updating designer label: libshiboken: Internal C++ object (PySide6.QtWidgets.QLabel) already deleted.
2026-04-17 14:32:14,989 - root - INFO - Registering Custom Widgets
2026-04-17 14:32:14,995 - root - INFO - Registering QCustomQMainWindow
2026-04-17 14:32:14,998 - root - INFO - Registering QAvatarWidget
2026-04-17 14:32:15,000 - root - INFO - Registering QBadgeWidget
2026-04-17 14:32:15,005 - root - INFO - Registering AnalogGaugeWidget
2026-04-17 14:32:15,008 - root - INFO - Registering QCustomThemeList
2026-04-17 14:32:15,013 - root - INFO - Registering QCustomThemeDarkLightToggle
2026-04-17 14:32:15,014 - root - INFO - Registering QCustomCheckBox
2026-04-17 14:32:15,016 - root - INFO - Registering QCustomSidebar
2026-04-17 14:32:15,018 - root - INFO - Registering QCustomHamburgerMenu
2026-04-17 14:32:15,022 - root - INFO - Registering QCustomHorizontalSeparator
2026-04-17 14:32:15,025 - root - INFO - Registering QCustomVerticalSeparator
2026-04-17 14:32:15,026 - root - INFO - Registering QCustomSidebarLabel
2026-04-17 14:32:15,027 - root - INFO - Registering QCustomSidebarButton
2026-04-17 14:32:15,031 - root - INFO - Registering QCustomRoundProgressBar
2026-04-17 14:32:15,037 - root - INFO - Registering QCustomComponent
2026-04-17 14:32:15,042 - root - INFO - Registering QCustomComponentContainer
2026-04-17 14:32:15,046 - root - INFO - Registering QCustomQStackedWidget
2026-04-17 14:32:15,061 - root - INFO - Registering QCustomQProgressBar
2026-04-17 14:32:15,102 - root - INFO - Registering QCustomQRGenerator
2026-04-17 14:32:15,165 - root - INFO - Registering QCustomLineChart
2026-04-17 14:32:15,175 - root - INFO - QCustomLineChart registered successfully
2026-04-17 14:32:15,176 - root - INFO - Registering QCustomBarChart
2026-04-17 14:32:15,177 - root - INFO - QCustomBarChart registered successfully
2026-04-17 14:32:15,177 - root - INFO - Registering QCustomAreaChart
2026-04-17 14:32:15,178 - root - INFO - QCustomAreaChart registered successfully
2026-04-17 14:32:15,179 - root - INFO - Registering QCustomPieChart
2026-04-17 14:32:15,180 - root - INFO - QCustomPieChart registered successfully
2026-04-17 14:32:15,181 - root - INFO - ✓ All chart widgets registered successfully!
2026-04-17 14:32:15,224 - root - DEBUG - Failed to load Product Sans font
2026-04-17 14:32:15,226 - root - DEBUG - Added SASS file to watcher: D:\Vishwa\Qt\25ThemeEngine\Qss\scss\defaultStyle.scss
2026-04-17 14:32:15,226 - root - INFO - SUCCESS: ✅ Live monitoring QSS/SCSS files
2026-04-17 14:32:15,228 - root - INFO -    • defaultStyle.scss
2026-04-17 14:32:15,229 - root - INFO - File listener disabled
2026-04-17 14:32:15,229 - root - INFO - Copied variable 'SPACING_LG' from theme 'QT-Light-theme' to theme 'Light'
2026-04-17 14:32:15,230 - root - INFO - Copied variable 'NAV_BG' from theme 'QT-Light-theme' to theme 'Light'
2026-04-17 14:32:15,231 - root - INFO - Copied variable 'Pressed-color' from theme 'QT-Light-theme' to theme 'Light'
2026-04-17 14:32:15,233 - root - INFO - Copied variable 'Disabled-color' from theme 'QT-Light-theme' to theme 'Light'
2026-04-17 14:32:15,233 - root - INFO - Copied variable 'FOOTER_BG' from theme 'QT-Light-theme' to theme 'Light'
2026-04-17 14:32:15,234 - root - INFO - Copied variable 'BORDER_COLOR' from theme 'QT-Light-theme' to theme 'Light'
2026-04-17 14:32:15,234 - root - INFO - Copied variable 'CARD_RADIUS' from theme 'QT-Light-theme' to theme 'Light'
2026-04-17 14:32:15,234 - root - INFO - Copied variable 'CARD_BG' from theme 'QT-Light-theme' to theme 'Light'
2026-04-17 14:32:15,235 - root - INFO - Copied variable 'GRADIENT' from theme 'QT-Light-theme' to theme 'Light'
2026-04-17 14:32:15,235 - root - INFO - Copied variable 'SPACING_SM' from theme 'QT-Light-theme' to theme 'Light'
2026-04-17 14:32:15,237 - root - INFO - Copied variable 'Hover-color' from theme 'QT-Light-theme' to theme 'Light'
2026-04-17 14:32:15,237 - root - INFO - Copied variable 'SPACING_MD' from theme 'QT-Light-theme' to theme 'Light'
2026-04-17 14:32:15,237 - root - INFO - Copied variable 'HOVER_GLOW' from theme 'QT-Light-theme' to theme 'Light'
2026-04-17 14:32:15,237 - root - INFO - Copied variable 'SPACING_LG' from theme 'Light' to theme 'Dark'
2026-04-17 14:32:15,239 - root - INFO - Copied variable 'NAV_BG' from theme 'Light' to theme 'Dark'
2026-04-17 14:32:15,239 - root - INFO - Copied variable 'Pressed-color' from theme 'Light' to theme 'Dark'
2026-04-17 14:32:15,239 - root - INFO - Copied variable 'Disabled-color' from theme 'Light' to theme 'Dark'
2026-04-17 14:32:15,241 - root - INFO - Copied variable 'FOOTER_BG' from theme 'Light' to theme 'Dark'
2026-04-17 14:32:15,241 - root - INFO - Copied variable 'BORDER_COLOR' from theme 'Light' to theme 'Dark'
2026-04-17 14:32:15,241 - root - INFO - Copied variable 'CARD_RADIUS' from theme 'Light' to theme 'Dark'
2026-04-17 14:32:15,241 - root - INFO - Copied variable 'CARD_BG' from theme 'Light' to theme 'Dark'
2026-04-17 14:32:15,242 - root - INFO - Copied variable 'GRADIENT' from theme 'Light' to theme 'Dark'
2026-04-17 14:32:15,242 - root - INFO - Copied variable 'SPACING_SM' from theme 'Light' to theme 'Dark'
2026-04-17 14:32:15,244 - root - INFO - Copied variable 'Hover-color' from theme 'Light' to theme 'Dark'
2026-04-17 14:32:15,244 - root - INFO - Copied variable 'SPACING_MD' from theme 'Light' to theme 'Dark'
2026-04-17 14:32:15,245 - root - INFO - Copied variable 'HOVER_GLOW' from theme 'Light' to theme 'Dark'
2026-04-17 14:32:15,245 - root - INFO - Copied variable 'Disabled-color' from theme 'Light' to theme 'QT-Dark-theme'
2026-04-17 14:32:15,246 - root - INFO - Copied variable 'Pressed-color' from theme 'Light' to theme 'QT-Dark-theme'
2026-04-17 14:32:15,247 - root - INFO - Copied variable 'Hover-color' from theme 'Light' to theme 'QT-Dark-theme'
2026-04-17 14:32:15,248 - root - INFO - Should live compile stylesheet?: False
2026-04-17 14:32:15,248 - root - INFO - Should paint Qt Designer UI?: False
2026-04-17 14:32:15,262 - root - INFO - SUCCESS: ✅ Live monitoring QSS/SCSS files
2026-04-17 14:32:15,264 - root - INFO -    • defaultStyle.scss
2026-04-17 14:32:15,265 - root - INFO - QSS file monitor started
2026-04-17 14:32:15,267 - root - INFO - Theme changed detected in QCustomQRGenerator
2026-04-17 14:32:15,268 - root - INFO - Updated fill color from palette: #ffffff
2026-04-17 14:32:15,269 - root - INFO - Updated background color from palette: #1e1e1e
2026-04-17 14:32:15,269 - root - INFO - Updated gradient start color from palette: #0078d4
2026-04-17 14:32:15,270 - root - INFO - Updated gradient end color from palette: #d45c00
2026-04-17 14:32:15,270 - root - INFO - Generating new QR code with fill: #ffffff, background: #1e1e1e
2026-04-17 14:32:15,275 - root - INFO - Using basic styling with fill: #ffffff, background: #1e1e1e
2026-04-17 14:32:15,291 - root - INFO - QR code generated successfully
2026-04-17 14:32:15,293 - root - INFO - Using cached QR code
2026-04-17 14:32:15,303 - root - INFO - Applied App Theme (Dark: True) to chart
2026-04-17 14:32:15,306 - root - INFO - Applied App Theme (Dark: True) to chart
2026-04-17 14:32:15,315 - root - INFO - Applied App Theme (Dark: True) to chart
2026-04-17 14:32:15,317 - root - INFO - Applied App Theme (Dark: True) to chart
2026-04-17 14:32:15,324 - root - INFO - Applied App Theme (Dark: True) to chart
2026-04-17 14:32:15,326 - root - INFO - Applied App Theme (Dark: True) to chart
2026-04-17 14:32:15,332 - root - INFO - Applied App Theme (Dark: True) to chart
2026-04-17 14:32:15,334 - root - INFO - Applied App Theme (Dark: True) to chart
2026-04-17 14:32:15,658 - root - INFO - SUCCESS: ✅ Live monitoring QSS/SCSS files
2026-04-17 14:32:15,658 - root - INFO -    • defaultStyle.scss
2026-04-17 14:32:15,659 - root - INFO - QSS file monitor started
2026-04-17 14:32:15,660 - root - INFO - File listener disabled
2026-04-17 14:32:15,663 - root - INFO - File listener disabled
2026-04-17 14:33:10,344 - root - INFO - SUCCESS: ✅ Live monitoring QSS/SCSS files
2026-04-17 14:33:10,345 - root - INFO -    • defaultStyle.scss
2026-04-17 14:33:10,345 - root - INFO - QSS file monitor started
2026-04-17 14:33:14,830 - root - INFO - File listener disabled
2026-04-17 14:33:14,836 - root - INFO - SUCCESS: ✅ Live monitoring QSS/SCSS files
2026-04-17 14:33:14,837 - root - INFO -    • defaultStyle.scss
2026-04-17 14:33:14,837 - root - INFO - QSS file monitor started
2026-04-17 14:33:14,852 - root - INFO - Theme changed detected in QCustomQRGenerator
2026-04-17 14:33:14,853 - root - INFO - Updated fill color from palette: #ffffff
2026-04-17 14:33:14,853 - root - INFO - Updated background color from palette: #1e1e1e
2026-04-17 14:33:14,854 - root - INFO - Updated gradient start color from palette: #0078d4
2026-04-17 14:33:14,854 - root - INFO - Updated gradient end color from palette: #d45c00
2026-04-17 14:33:14,855 - root - INFO - Generating new QR code with fill: #ffffff, background: #1e1e1e
2026-04-17 14:33:14,859 - root - INFO - Using basic styling with fill: #ffffff, background: #1e1e1e
2026-04-17 14:33:14,863 - root - INFO - QR code generated successfully
2026-04-17 14:33:14,865 - root - INFO - Using cached QR code
2026-04-17 14:33:14,897 - root - INFO - File listener disabled
2026-04-17 14:33:14,902 - root - INFO - SUCCESS: ✅ Live monitoring QSS/SCSS files
2026-04-17 14:33:14,902 - root - INFO -    • defaultStyle.scss
2026-04-17 14:33:14,904 - root - INFO - File listener disabled
2026-04-17 14:33:14,904 - root - INFO - Should live compile stylesheet?: False
2026-04-17 14:33:14,905 - root - INFO - Should paint Qt Designer UI?: False
2026-04-17 14:33:14,906 - root - INFO - Should live compile stylesheet?: False
2026-04-17 14:33:14,907 - root - INFO - Should paint Qt Designer UI?: True
2026-04-17 14:33:14,908 - root - INFO - No change for QMainWindow.customSideDrawers. Value is already src\ui_LeftSideDrawer.py,src\ui_TopSideDrawer.py,src\ui_BottomSideDrawer.py,src\ui_RightSideDrawer.py.
2026-04-17 14:33:14,911 - root - ERROR - Error updating designer label: libshiboken: Internal C++ object (PySide6.QtWidgets.QLabel) already deleted.
2026-04-17 14:33:14,970 - root - ERROR - Error updating designer label: libshiboken: Internal C++ object (PySide6.QtWidgets.QLabel) already deleted.
2026-04-17 14:33:14,992 - root - ERROR - Error updating designer label: libshiboken: Internal C++ object (PySide6.QtWidgets.QLabel) already deleted.
2026-04-17 14:33:15,066 - root - INFO - Theme changed detected in QCustomQRGenerator
2026-04-17 14:33:15,067 - root - INFO - Updated fill color from palette: #ffffff
2026-04-17 14:33:15,068 - root - INFO - Updated background color from palette: #1e1e1e
2026-04-17 14:33:15,068 - root - INFO - Updated gradient start color from palette: #0078d4
2026-04-17 14:33:15,069 - root - INFO - Updated gradient end color from palette: #d45c00
2026-04-17 14:33:15,069 - root - INFO - Generating new QR code with fill: #ffffff, background: #1e1e1e
2026-04-17 14:33:15,074 - root - INFO - Using basic styling with fill: #ffffff, background: #1e1e1e
2026-04-17 14:33:15,079 - root - INFO - QR code generated successfully
2026-04-17 14:33:15,080 - root - INFO - Using cached QR code
2026-04-17 14:33:15,156 - root - ERROR - Error updating designer label: libshiboken: Internal C++ object (PySide6.QtWidgets.QLabel) already deleted.
2026-04-17 14:33:16,209 - root - ERROR - Error updating designer label: libshiboken: Internal C++ object (PySide6.QtWidgets.QLabel) already deleted.
2026-04-21 11:33:41,996 - root - INFO - Registering Custom Widgets
2026-04-21 11:33:41,999 - root - INFO - Registering QCustomQMainWindow
2026-04-21 11:33:42,004 - root - INFO - Registering QAvatarWidget
2026-04-21 11:33:42,006 - root - INFO - Registering QBadgeWidget
2026-04-21 11:33:42,011 - root - INFO - Registering AnalogGaugeWidget
2026-04-21 11:33:42,014 - root - INFO - Registering QCustomThemeList
2026-04-21 11:33:42,020 - root - INFO - Registering QCustomThemeDarkLightToggle
2026-04-21 11:33:42,022 - root - INFO - Registering QCustomCheckBox
2026-04-21 11:33:42,024 - root - INFO - Registering QCustomSidebar
2026-04-21 11:33:42,026 - root - INFO - Registering QCustomHamburgerMenu
2026-04-21 11:33:42,030 - root - INFO - Registering QCustomHorizontalSeparator
2026-04-21 11:33:42,036 - root - INFO - Registering QCustomVerticalSeparator
2026-04-21 11:33:42,038 - root - INFO - Registering QCustomSidebarLabel
2026-04-21 11:33:42,041 - root - INFO - Registering QCustomSidebarButton
2026-04-21 11:33:42,044 - root - INFO - Registering QCustomRoundProgressBar
2026-04-21 11:33:42,051 - root - INFO - Registering QCustomComponent
2026-04-21 11:33:42,057 - root - INFO - Registering QCustomComponentContainer
2026-04-21 11:33:42,060 - root - INFO - Registering QCustomQStackedWidget
2026-04-21 11:33:42,071 - root - INFO - Registering QCustomQProgressBar
2026-04-21 11:33:42,095 - root - INFO - Registering QCustomQRGenerator
2026-04-21 11:33:42,166 - root - INFO - Registering QCustomLineChart
2026-04-21 11:33:42,177 - root - INFO - QCustomLineChart registered successfully
2026-04-21 11:33:42,178 - root - INFO - Registering QCustomBarChart
2026-04-21 11:33:42,179 - root - INFO - QCustomBarChart registered successfully
2026-04-21 11:33:42,180 - root - INFO - Registering QCustomAreaChart
2026-04-21 11:33:42,181 - root - INFO - QCustomAreaChart registered successfully
2026-04-21 11:33:42,182 - root - INFO - Registering QCustomPieChart
2026-04-21 11:33:42,183 - root - INFO - QCustomPieChart registered successfully
2026-04-21 11:33:42,183 - root - INFO - ✓ All chart widgets registered successfully!
2026-04-21 11:33:42,283 - root - DEBUG - Failed to load Product Sans font
2026-04-21 11:33:42,284 - root - DEBUG - Added SASS file to watcher: D:\Vishwa\Qt\25ThemeEngine\Qss\scss\defaultStyle.scss
2026-04-21 11:33:42,285 - root - INFO - SUCCESS: ✅ Live monitoring QSS/SCSS files
2026-04-21 11:33:42,287 - root - INFO -    • defaultStyle.scss
2026-04-21 11:33:42,290 - root - INFO - File listener disabled
2026-04-21 11:33:42,291 - root - INFO - Copied variable 'Pressed-color' from theme 'QT-Light-theme' to theme 'Light'
2026-04-21 11:33:42,291 - root - INFO - Copied variable 'Hover-color' from theme 'QT-Light-theme' to theme 'Light'
2026-04-21 11:33:42,293 - root - INFO - Copied variable 'BORDER_COLOR' from theme 'QT-Light-theme' to theme 'Light'
2026-04-21 11:33:42,294 - root - INFO - Copied variable 'CARD_RADIUS' from theme 'QT-Light-theme' to theme 'Light'
2026-04-21 11:33:42,294 - root - INFO - Copied variable 'Disabled-color' from theme 'QT-Light-theme' to theme 'Light'
2026-04-21 11:33:42,295 - root - INFO - Copied variable 'SPACING_MD' from theme 'QT-Light-theme' to theme 'Light'
2026-04-21 11:33:42,295 - root - INFO - Copied variable 'FOOTER_BG' from theme 'QT-Light-theme' to theme 'Light'
2026-04-21 11:33:42,295 - root - INFO - Copied variable 'SPACING_LG' from theme 'QT-Light-theme' to theme 'Light'
2026-04-21 11:33:42,296 - root - INFO - Copied variable 'HOVER_GLOW' from theme 'QT-Light-theme' to theme 'Light'
2026-04-21 11:33:42,296 - root - INFO - Copied variable 'GRADIENT' from theme 'QT-Light-theme' to theme 'Light'
2026-04-21 11:33:42,297 - root - INFO - Copied variable 'NAV_BG' from theme 'QT-Light-theme' to theme 'Light'
2026-04-21 11:33:42,297 - root - INFO - Copied variable 'SPACING_SM' from theme 'QT-Light-theme' to theme 'Light'
2026-04-21 11:33:42,298 - root - INFO - Copied variable 'CARD_BG' from theme 'QT-Light-theme' to theme 'Light'
2026-04-21 11:33:42,298 - root - INFO - Copied variable 'Pressed-color' from theme 'Light' to theme 'Dark'
2026-04-21 11:33:42,298 - root - INFO - Copied variable 'Hover-color' from theme 'Light' to theme 'Dark'
2026-04-21 11:33:42,299 - root - INFO - Copied variable 'BORDER_COLOR' from theme 'Light' to theme 'Dark'
2026-04-21 11:33:42,300 - root - INFO - Copied variable 'CARD_RADIUS' from theme 'Light' to theme 'Dark'
2026-04-21 11:33:42,300 - root - INFO - Copied variable 'Disabled-color' from theme 'Light' to theme 'Dark'
2026-04-21 11:33:42,301 - root - INFO - Copied variable 'SPACING_MD' from theme 'Light' to theme 'Dark'
2026-04-21 11:33:42,302 - root - INFO - Copied variable 'FOOTER_BG' from theme 'Light' to theme 'Dark'
2026-04-21 11:33:42,302 - root - INFO - Copied variable 'SPACING_LG' from theme 'Light' to theme 'Dark'
2026-04-21 11:33:42,303 - root - INFO - Copied variable 'HOVER_GLOW' from theme 'Light' to theme 'Dark'
2026-04-21 11:33:42,303 - root - INFO - Copied variable 'GRADIENT' from theme 'Light' to theme 'Dark'
2026-04-21 11:33:42,304 - root - INFO - Copied variable 'NAV_BG' from theme 'Light' to theme 'Dark'
2026-04-21 11:33:42,305 - root - INFO - Copied variable 'SPACING_SM' from theme 'Light' to theme 'Dark'
2026-04-21 11:33:42,305 - root - INFO - Copied variable 'CARD_BG' from theme 'Light' to theme 'Dark'
2026-04-21 11:33:42,305 - root - INFO - Copied variable 'Pressed-color' from theme 'Light' to theme 'QT-Dark-theme'
2026-04-21 11:33:42,306 - root - INFO - Copied variable 'Hover-color' from theme 'Light' to theme 'QT-Dark-theme'
2026-04-21 11:33:42,306 - root - INFO - Copied variable 'Disabled-color' from theme 'Light' to theme 'QT-Dark-theme'
2026-04-21 11:33:42,307 - root - INFO - Should live compile stylesheet?: False
2026-04-21 11:33:42,307 - root - INFO - Should paint Qt Designer UI?: False
2026-04-21 11:33:42,321 - root - INFO - SUCCESS: ✅ Live monitoring QSS/SCSS files
2026-04-21 11:33:42,321 - root - INFO -    • defaultStyle.scss
2026-04-21 11:33:42,322 - root - INFO - QSS file monitor started
2026-04-21 11:33:42,324 - root - INFO - Theme changed detected in QCustomQRGenerator
2026-04-21 11:33:42,324 - root - INFO - Updated fill color from palette: #ffffff
2026-04-21 11:33:42,325 - root - INFO - Updated background color from palette: #1e1e1e
2026-04-21 11:33:42,325 - root - INFO - Updated gradient start color from palette: #0078d4
2026-04-21 11:33:42,326 - root - INFO - Updated gradient end color from palette: #d45c00
2026-04-21 11:33:42,326 - root - INFO - Generating new QR code with fill: #ffffff, background: #1e1e1e
2026-04-21 11:33:42,329 - root - INFO - Using basic styling with fill: #ffffff, background: #1e1e1e
2026-04-21 11:33:42,337 - root - INFO - QR code generated successfully
2026-04-21 11:33:42,339 - root - INFO - Using cached QR code
2026-04-21 11:33:42,354 - root - INFO - Applied App Theme (Dark: True) to chart
2026-04-21 11:33:42,357 - root - INFO - Applied App Theme (Dark: True) to chart
2026-04-21 11:33:42,366 - root - INFO - Applied App Theme (Dark: True) to chart
2026-04-21 11:33:42,368 - root - INFO - Applied App Theme (Dark: True) to chart
2026-04-21 11:33:42,373 - root - INFO - Applied App Theme (Dark: True) to chart
2026-04-21 11:33:42,374 - root - INFO - Applied App Theme (Dark: True) to chart
2026-04-21 11:33:42,381 - root - INFO - Applied App Theme (Dark: True) to chart
2026-04-21 11:33:42,382 - root - INFO - Applied App Theme (Dark: True) to chart
2026-04-21 11:33:42,673 - root - INFO - SUCCESS: ✅ Live monitoring QSS/SCSS files
2026-04-21 11:33:42,674 - root - INFO -    • defaultStyle.scss
2026-04-21 11:33:42,675 - root - INFO - QSS file monitor started
2026-04-21 11:33:42,678 - root - INFO - File listener disabled
2026-04-21 11:33:42,685 - root - INFO - File listener disabled
2026-04-21 11:34:02,116 - root - INFO - SUCCESS: ✅ Live monitoring QSS/SCSS files
2026-04-21 11:34:02,117 - root - INFO -    • defaultStyle.scss
2026-04-21 11:34:02,117 - root - INFO - QSS file monitor started
2026-04-21 11:34:05,337 - root - INFO - File listener disabled
2026-04-21 11:34:05,345 - root - INFO - SUCCESS: ✅ Live monitoring QSS/SCSS files
2026-04-21 11:34:05,346 - root - INFO -    • defaultStyle.scss
2026-04-21 11:34:05,347 - root - INFO - QSS file monitor started
2026-04-21 11:34:05,373 - root - INFO - Theme changed detected in QCustomQRGenerator
2026-04-21 11:34:05,374 - root - INFO - Updated fill color from palette: #ffffff
2026-04-21 11:34:05,374 - root - INFO - Updated background color from palette: #1e1e1e
2026-04-21 11:34:05,375 - root - INFO - Updated gradient start color from palette: #0078d4
2026-04-21 11:34:05,376 - root - INFO - Updated gradient end color from palette: #d45c00
2026-04-21 11:34:05,376 - root - INFO - Generating new QR code with fill: #ffffff, background: #1e1e1e
2026-04-21 11:34:05,382 - root - INFO - Using basic styling with fill: #ffffff, background: #1e1e1e
2026-04-21 11:34:05,387 - root - INFO - QR code generated successfully
2026-04-21 11:34:05,388 - root - INFO - Using cached QR code
2026-04-21 11:34:05,438 - root - INFO - File listener disabled
2026-04-21 11:34:05,444 - root - INFO - SUCCESS: ✅ Live monitoring QSS/SCSS files
2026-04-21 11:34:05,445 - root - INFO -    • defaultStyle.scss
2026-04-21 11:34:05,446 - root - INFO - File listener disabled
2026-04-21 11:34:05,447 - root - INFO - Should live compile stylesheet?: False
2026-04-21 11:34:05,448 - root - INFO - Should paint Qt Designer UI?: False
2026-04-21 11:34:05,449 - root - INFO - Should live compile stylesheet?: False
2026-04-21 11:34:05,450 - root - INFO - Should paint Qt Designer UI?: True
2026-04-21 11:34:05,451 - root - INFO - No change for QMainWindow.customSideDrawers. Value is already src\ui_LeftSideDrawer.py,src\ui_TopSideDrawer.py,src\ui_BottomSideDrawer.py,src\ui_RightSideDrawer.py.
2026-04-21 11:34:05,455 - root - ERROR - Error updating designer label: libshiboken: Internal C++ object (PySide6.QtWidgets.QLabel) already deleted.
2026-04-21 11:34:05,554 - root - ERROR - Error updating designer label: libshiboken: Internal C++ object (PySide6.QtWidgets.QLabel) already deleted.
2026-04-21 11:34:05,603 - root - ERROR - Error updating designer label: libshiboken: Internal C++ object (PySide6.QtWidgets.QLabel) already deleted.
2026-04-21 11:34:05,770 - root - INFO - Theme changed detected in QCustomQRGenerator
2026-04-21 11:34:05,771 - root - INFO - Updated fill color from palette: #ffffff
2026-04-21 11:34:05,772 - root - INFO - Updated background color from palette: #1e1e1e
2026-04-21 11:34:05,773 - root - INFO - Updated gradient start color from palette: #0078d4
2026-04-21 11:34:05,774 - root - INFO - Updated gradient end color from palette: #d45c00
2026-04-21 11:34:05,775 - root - INFO - Generating new QR code with fill: #ffffff, background: #1e1e1e
2026-04-21 11:34:05,782 - root - INFO - Using basic styling with fill: #ffffff, background: #1e1e1e
2026-04-21 11:34:05,787 - root - INFO - QR code generated successfully
2026-04-21 11:34:05,788 - root - INFO - Using cached QR code
2026-04-21 11:34:05,987 - root - ERROR - Error updating designer label: libshiboken: Internal C++ object (PySide6.QtWidgets.QLabel) already deleted.
2026-04-21 11:34:06,268 - root - ERROR - Error updating designer label: libshiboken: Internal C++ object (PySide6.QtWidgets.QLabel) already deleted.
2026-04-21 12:07:14,704 - root - INFO - File listener disabled
2026-04-21 12:07:14,726 - root - INFO - File listener disabled
2026-04-21 12:07:14,743 - root - INFO - File listener disabled
2026-04-21 12:07:14,758 - root - INFO - File listener disabled
2026-04-21 12:07:14,773 - root - INFO - File listener disabled
2026-04-21 12:07:14,791 - root - INFO - File listener disabled
2026-04-21 12:07:14,807 - root - INFO - File listener disabled
2026-04-21 12:07:14,823 - root - INFO - File listener disabled
2026-04-21 12:07:14,841 - root - INFO - File listener disabled
2026-04-21 12:07:14,858 - root - INFO - File listener disabled
2026-04-21 12:07:14,873 - root - INFO - File listener disabled
2026-04-21 12:07:14,888 - root - INFO - File listener disabled
2026-04-21 12:07:14,905 - root - INFO - File listener disabled
2026-04-21 12:07:14,920 - root - INFO - File listener disabled
2026-04-21 12:07:14,936 - root - INFO - File listener disabled
2026-04-21 12:07:14,951 - root - INFO - File listener disabled
2026-04-21 12:07:14,966 - root - INFO - File listener disabled
2026-04-21 12:07:14,982 - root - INFO - File listener disabled
2026-04-21 12:07:15,018 - root - INFO - File listener disabled
2026-04-21 12:07:15,349 - root - INFO - File listener disabled
2026-04-21 12:07:15,365 - root - INFO - File listener disabled
2026-04-21 12:07:15,380 - root - INFO - File listener disabled
2026-04-21 12:07:15,394 - root - INFO - File listener disabled
2026-04-21 12:07:15,410 - root - INFO - File listener disabled
2026-04-21 12:07:15,426 - root - INFO - File listener disabled
2026-04-21 12:07:15,443 - root - INFO - File listener disabled
2026-04-21 12:07:15,468 - root - INFO - File listener disabled
2026-04-21 12:07:15,482 - root - INFO - File listener disabled
2026-04-21 12:07:15,498 - root - INFO - File listener disabled
2026-04-21 12:07:15,511 - root - INFO - File listener disabled
2026-04-21 12:07:15,527 - root - INFO - File listener disabled
2026-04-21 12:07:15,543 - root - INFO - File listener disabled
2026-04-21 12:07:15,557 - root - INFO - File listener disabled
2026-04-21 12:07:15,571 - root - INFO - File listener disabled
2026-04-21 12:07:15,586 - root - INFO - File listener disabled
2026-04-21 12:07:15,600 - root - INFO - File listener disabled
2026-04-21 12:07:15,613 - root - INFO - File listener disabled
2026-04-21 12:07:15,627 - root - INFO - File listener disabled
2026-04-21 12:07:15,641 - root - INFO - File listener disabled
2026-04-21 12:07:15,655 - root - INFO - File listener disabled
2026-04-21 12:07:15,670 - root - INFO - File listener disabled
2026-04-21 12:07:15,685 - root - INFO - File listener disabled
2026-04-21 12:07:15,699 - root - INFO - File listener disabled
2026-04-21 12:07:15,713 - root - INFO - File listener disabled
2026-04-21 12:07:15,727 - root - INFO - File listener disabled
2026-04-21 12:07:15,741 - root - INFO - File listener disabled
2026-04-21 12:07:15,755 - root - INFO - File listener disabled
2026-04-21 12:07:15,769 - root - INFO - File listener disabled
2026-04-21 12:07:15,782 - root - INFO - File listener disabled
2026-04-21 12:07:15,795 - root - INFO - File listener disabled
2026-04-21 12:07:15,809 - root - INFO - File listener disabled
2026-04-21 12:07:15,823 - root - INFO - File listener disabled
2026-04-21 12:07:15,836 - root - INFO - File listener disabled
2026-04-21 12:07:16,381 - root - INFO - File listener disabled
2026-04-21 12:07:16,396 - root - INFO - File listener disabled
2026-04-21 12:07:16,410 - root - INFO - File listener disabled
2026-04-21 12:07:16,423 - root - INFO - File listener disabled
2026-04-21 12:07:16,438 - root - INFO - File listener disabled
2026-04-21 12:07:16,455 - root - INFO - File listener disabled
2026-04-21 12:07:16,473 - root - INFO - File listener disabled
2026-04-21 12:07:16,488 - root - INFO - File listener disabled
2026-04-21 12:07:16,504 - root - INFO - File listener disabled
2026-04-21 12:07:16,518 - root - INFO - File listener disabled
2026-04-21 12:07:16,534 - root - INFO - File listener disabled
2026-04-21 12:07:16,549 - root - INFO - File listener disabled
2026-04-21 12:07:16,564 - root - INFO - File listener disabled
2026-04-21 12:07:16,579 - root - INFO - File listener disabled
2026-04-21 12:07:16,594 - root - INFO - File listener disabled
2026-04-21 12:07:16,608 - root - INFO - File listener disabled
2026-04-21 12:07:16,622 - root - INFO - File listener disabled
2026-04-21 12:07:16,636 - root - INFO - File listener disabled
2026-04-21 12:07:16,652 - root - INFO - File listener disabled
2026-04-21 18:39:54,806 - root - INFO - File listener disabled
2026-04-21 18:39:54,837 - root - INFO - File listener disabled
2026-04-21 18:39:54,859 - root - INFO - File listener disabled
2026-04-21 18:39:54,888 - root - INFO - File listener disabled
2026-04-21 18:39:54,913 - root - INFO - File listener disabled
2026-04-21 18:39:54,936 - root - INFO - File listener disabled
2026-04-21 18:39:54,954 - root - INFO - File listener disabled
2026-04-21 18:39:54,972 - root - INFO - File listener disabled
2026-04-21 18:39:54,993 - root - INFO - File listener disabled
2026-04-21 18:39:55,009 - root - INFO - File listener disabled
2026-04-21 18:39:55,025 - root - INFO - File listener disabled
2026-04-21 18:39:55,042 - root - INFO - File listener disabled
2026-04-21 18:39:55,056 - root - INFO - File listener disabled
2026-04-21 18:39:55,067 - root - INFO - File listener disabled
2026-04-21 18:39:55,080 - root - INFO - File listener disabled
2026-04-21 18:39:55,091 - root - INFO - File listener disabled
2026-04-21 18:39:55,105 - root - INFO - File listener disabled
2026-04-21 18:39:55,115 - root - INFO - File listener disabled
2026-04-21 18:39:55,126 - root - INFO - File listener disabled
2026-04-21 18:39:55,138 - root - INFO - File listener disabled
2026-04-21 18:39:55,149 - root - INFO - File listener disabled
2026-04-21 18:39:55,161 - root - INFO - File listener disabled
2026-04-21 18:39:55,173 - root - INFO - File listener disabled
2026-04-21 18:39:55,184 - root - INFO - File listener disabled
2026-04-21 18:39:55,198 - root - INFO - File listener disabled
2026-04-21 18:39:55,289 - root - INFO - File listener disabled
2026-04-21 18:39:55,304 - root - INFO - File listener disabled
2026-04-21 18:39:55,318 - root - INFO - File listener disabled
2026-04-21 18:39:55,329 - root - INFO - File listener disabled
2026-04-21 18:39:55,342 - root - INFO - File listener disabled
2026-04-21 18:39:55,358 - root - INFO - File listener disabled
2026-04-21 18:39:55,373 - root - INFO - File listener disabled
2026-04-21 18:39:55,424 - root - INFO - File listener disabled
2026-04-21 18:39:55,446 - root - INFO - File listener disabled
2026-04-21 18:39:55,488 - root - INFO - File listener disabled
2026-04-21 18:39:55,519 - root - INFO - File listener disabled
2026-04-21 18:39:55,559 - root - INFO - File listener disabled
2026-04-21 18:39:55,581 - root - INFO - File listener disabled
2026-04-21 18:39:55,625 - root - INFO - File listener disabled
2026-04-21 18:39:55,688 - root - INFO - File listener disabled
2026-04-21 18:39:58,363 - root - INFO - File listener disabled
2026-04-21 18:39:58,380 - root - INFO - File listener disabled
2026-04-21 18:39:58,393 - root - INFO - File listener disabled
2026-04-21 18:39:58,404 - root - INFO - File listener disabled
2026-04-21 18:39:58,417 - root - INFO - File listener disabled
2026-04-21 18:39:58,429 - root - INFO - File listener disabled
2026-04-21 18:39:58,440 - root - INFO - File listener disabled
2026-04-21 18:39:58,455 - root - INFO - File listener disabled
2026-04-21 18:39:58,459 - root - INFO - File listener disabled
2026-04-21 18:39:58,472 - root - INFO - File listener disabled
2026-04-21 18:39:58,482 - root - INFO - File listener disabled
2026-04-21 18:39:58,494 - root - INFO - File listener disabled
2026-04-21 18:39:58,504 - root - INFO - File listener disabled
2026-04-21 18:39:58,515 - root - INFO - File listener disabled
2026-04-21 18:39:58,526 - root - INFO - File listener disabled
2026-04-21 18:39:58,536 - root - INFO - File listener disabled
2026-04-21 18:39:58,547 - root - INFO - File listener disabled
2026-04-21 18:39:58,560 - root - INFO - File listener disabled
2026-04-21 18:39:58,570 - root - INFO - File listener disabled
2026-04-21 18:39:58,581 - root - INFO - File listener disabled
2026-04-21 18:39:58,594 - root - INFO - File listener disabled
2026-04-21 18:39:58,605 - root - INFO - File listener disabled
2026-04-21 18:39:58,617 - root - INFO - File listener disabled
2026-04-21 18:39:58,628 - root - INFO - File listener disabled
2026-04-21 18:39:58,641 - root - INFO - File listener disabled
2026-04-21 18:39:58,652 - root - INFO - File listener disabled
2026-04-21 18:39:58,663 - root - INFO - File listener disabled
2026-04-21 18:39:58,675 - root - INFO - File listener disabled
2026-04-21 18:39:58,687 - root - INFO - File listener disabled
2026-04-21 18:39:58,698 - root - INFO - File listener disabled
2026-04-21 18:39:58,711 - root - INFO - File listener disabled
2026-04-21 18:39:58,726 - root - INFO - File listener disabled
2026-04-21 18:39:58,741 - root - INFO - File listener disabled
2026-04-21 18:39:58,753 - root - INFO - File listener disabled
2026-04-21 18:39:58,765 - root - INFO - File listener disabled
2026-04-21 18:39:58,776 - root - INFO - File listener disabled
2026-04-21 18:39:58,789 - root - INFO - File listener disabled
2026-04-21 18:39:58,801 - root - INFO - File listener disabled
2026-04-21 18:39:58,814 - root - INFO - File listener disabled
2026-04-21 18:39:58,829 - root - INFO - File listener disabled
2026-04-21 18:39:58,840 - root - INFO - File listener disabled
2026-04-21 18:39:58,853 - root - INFO - File listener disabled
2026-04-21 18:39:58,865 - root - INFO - File listener disabled
2026-04-21 18:39:58,877 - root - INFO - File listener disabled
2026-04-21 18:39:58,889 - root - INFO - File listener disabled
2026-04-21 18:39:58,899 - root - INFO - File listener disabled
2026-04-21 18:39:58,990 - root - INFO - File listener disabled
2026-04-21 18:39:59,017 - root - INFO - File listener disabled
2026-04-21 18:39:59,033 - root - INFO - File listener disabled
2026-04-21 18:39:59,048 - root - INFO - File listener disabled
2026-04-21 18:39:59,061 - root - INFO - File listener disabled
2026-04-21 18:39:59,076 - root - INFO - File listener disabled
2026-04-21 18:39:59,089 - root - INFO - File listener disabled
2026-04-22 11:35:06,002 - root - INFO - File listener disabled
2026-04-22 11:35:06,022 - root - INFO - File listener disabled
2026-04-22 11:35:06,042 - root - INFO - File listener disabled
2026-04-22 11:35:06,060 - root - INFO - File listener disabled
2026-04-22 11:35:06,078 - root - INFO - File listener disabled
2026-04-22 11:35:06,096 - root - INFO - File listener disabled
2026-04-22 11:35:06,115 - root - INFO - File listener disabled
2026-04-22 11:35:06,133 - root - INFO - File listener disabled
2026-04-22 11:35:06,152 - root - INFO - File listener disabled
2026-04-22 11:35:06,169 - root - INFO - File listener disabled
2026-04-22 11:35:06,186 - root - INFO - File listener disabled
2026-04-22 11:35:06,202 - root - INFO - File listener disabled
2026-04-22 11:35:06,218 - root - INFO - File listener disabled
2026-04-22 11:35:06,236 - root - INFO - File listener disabled
2026-04-22 11:35:06,252 - root - INFO - File listener disabled
2026-04-22 11:35:06,270 - root - INFO - File listener disabled
2026-04-22 11:35:06,276 - root - INFO - File listener disabled
2026-04-22 11:35:06,293 - root - INFO - File listener disabled
2026-04-22 11:35:06,300 - root - INFO - File listener disabled
2026-04-22 11:35:06,315 - root - INFO - File listener disabled
2026-04-22 11:35:06,333 - root - INFO - File listener disabled
2026-04-22 11:35:06,350 - root - INFO - File listener disabled
2026-04-22 11:35:06,366 - root - INFO - File listener disabled
2026-04-22 11:35:06,382 - root - INFO - File listener disabled
2026-04-22 11:35:06,399 - root - INFO - File listener disabled
2026-04-22 11:35:06,416 - root - INFO - File listener disabled
2026-04-22 11:35:06,434 - root - INFO - File listener disabled
2026-04-22 11:35:06,449 - root - INFO - File listener disabled
2026-04-22 11:35:06,463 - root - INFO - File listener disabled
2026-04-22 11:35:06,480 - root - INFO - File listener disabled
2026-04-22 11:35:06,493 - root - INFO - File listener disabled
2026-04-22 11:35:06,635 - root - INFO - File listener disabled
2026-04-22 11:35:06,661 - root - INFO - File listener disabled
2026-04-22 11:35:06,682 - root - INFO - File listener disabled
2026-04-22 11:35:06,699 - root - INFO - File listener disabled
2026-04-22 11:35:06,718 - root - INFO - File listener disabled
2026-04-22 11:35:06,725 - root - INFO - File listener disabled
2026-04-22 11:35:06,745 - root - INFO - File listener disabled
2026-04-22 11:35:06,761 - root - INFO - File listener disabled
2026-04-22 11:35:06,776 - root - INFO - File listener disabled
2026-04-22 11:35:06,793 - root - INFO - File listener disabled
2026-04-22 11:35:06,810 - root - INFO - File listener disabled
2026-04-22 11:35:06,825 - root - INFO - File listener disabled
2026-04-22 11:35:06,839 - root - INFO - File listener disabled
2026-04-22 11:35:06,855 - root - INFO - File listener disabled
2026-04-22 11:35:06,870 - root - INFO - File listener disabled
2026-04-22 11:35:06,887 - root - INFO - File listener disabled
2026-04-22 11:35:06,903 - root - INFO - File listener disabled
2026-04-22 11:35:06,921 - root - INFO - File listener disabled
2026-04-22 11:35:06,935 - root - INFO - File listener disabled
2026-04-22 11:35:06,949 - root - INFO - File listener disabled
2026-04-22 11:35:07,014 - root - INFO - File listener disabled
2026-04-22 11:35:07,032 - root - INFO - File listener disabled
2026-04-22 11:35:07,048 - root - INFO - File listener disabled
2026-04-22 11:35:07,062 - root - INFO - File listener disabled
2026-04-22 11:35:07,078 - root - INFO - File listener disabled
2026-04-22 11:35:07,094 - root - INFO - File listener disabled
2026-04-22 11:35:07,110 - root - INFO - File listener disabled
2026-04-22 11:35:07,124 - root - INFO - File listener disabled
2026-04-22 11:35:07,139 - root - INFO - File listener disabled
2026-04-22 11:35:07,154 - root - INFO - File listener disabled
2026-04-22 11:35:07,179 - root - INFO - File listener disabled
2026-04-22 11:35:07,193 - root - INFO - File listener disabled
2026-04-22 11:35:07,209 - root - INFO - File listener disabled
2026-04-22 11:35:07,223 - root - INFO - File listener disabled
2026-04-22 11:35:07,238 - root - INFO - File listener disabled
2026-04-22 11:35:07,252 - root - INFO - File listener disabled
2026-04-22 11:35:07,269 - root - INFO - File listener disabled
2026-04-22 11:35:07,285 - root - INFO - File listener disabled
2026-04-22 11:35:07,301 - root - INFO - File listener disabled
2026-04-22 11:35:07,316 - root - INFO - File listener disabled
2026-04-22 11:35:07,332 - root - INFO - File listener disabled
2026-04-22 11:35:07,339 - root - INFO - File listener disabled
2026-04-22 11:35:07,354 - root - INFO - File listener disabled
2026-04-22 11:35:07,369 - root - INFO - File listener disabled
2026-04-22 11:35:07,384 - root - INFO - File listener disabled
2026-04-22 11:35:08,402 - root - INFO - File listener disabled
2026-04-22 11:35:08,420 - root - INFO - File listener disabled
2026-04-22 11:35:08,436 - root - INFO - File listener disabled
2026-04-22 11:35:08,454 - root - INFO - File listener disabled
2026-04-22 11:35:08,461 - root - INFO - File listener disabled
2026-04-22 11:35:08,476 - root - INFO - File listener disabled
2026-04-22 11:35:08,494 - root - INFO - File listener disabled
2026-04-22 11:35:08,511 - root - INFO - File listener disabled
2026-04-22 11:35:08,528 - root - INFO - File listener disabled
2026-04-22 11:35:08,545 - root - INFO - File listener disabled
2026-04-22 11:35:08,562 - root - INFO - File listener disabled
2026-04-22 11:35:08,578 - root - INFO - File listener disabled
2026-04-22 11:35:08,599 - root - INFO - File listener disabled
2026-04-22 11:35:08,618 - root - INFO - File listener disabled
2026-04-22 11:35:08,990 - root - INFO - File listener disabled
2026-04-22 11:35:09,016 - root - INFO - File listener disabled
2026-04-22 11:35:09,034 - root - INFO - File listener disabled
2026-04-22 11:35:09,052 - root - INFO - File listener disabled
2026-04-22 11:35:09,072 - root - INFO - File listener disabled
2026-04-22 11:35:09,090 - root - INFO - File listener disabled
2026-04-22 11:35:09,108 - root - INFO - File listener disabled
2026-04-22 11:35:09,123 - root - INFO - File listener disabled
2026-04-22 11:35:09,140 - root - INFO - File listener disabled
2026-04-22 11:35:09,158 - root - INFO - File listener disabled
2026-04-22 11:35:09,173 - root - INFO - File listener disabled
2026-04-22 11:35:09,193 - root - INFO - File listener disabled
2026-04-22 11:35:09,220 - root - INFO - File listener disabled
2026-04-22 11:35:09,245 - root - INFO - File listener disabled
2026-04-22 11:35:09,284 - root - INFO - File listener disabled
2026-04-22 11:35:09,306 - root - INFO - File listener disabled
2026-04-22 11:35:09,352 - root - INFO - File listener disabled
2026-04-22 11:35:09,376 - root - INFO - File listener disabled
2026-04-22 11:35:09,394 - root - INFO - File listener disabled
2026-04-22 11:35:09,412 - root - INFO - File listener disabled
2026-04-22 11:35:09,429 - root - INFO - File listener disabled
2026-04-22 11:35:09,445 - root - INFO - File listener disabled
2026-04-22 11:35:09,462 - root - INFO - File listener disabled
2026-04-22 11:35:09,482 - root - INFO - File listener disabled
2026-04-22 11:35:09,496 - root - INFO - File listener disabled
2026-04-22 11:35:09,512 - root - INFO - File listener disabled
2026-04-22 11:35:09,528 - root - INFO - File listener disabled
2026-04-22 11:35:10,040 - root - INFO - File listener disabled
2026-04-22 11:35:10,064 - root - INFO - File listener disabled
2026-04-22 11:35:10,082 - root - INFO - File listener disabled
2026-04-22 11:35:10,102 - root - INFO - File listener disabled
2026-04-22 11:35:10,119 - root - INFO - File listener disabled
2026-04-22 11:35:10,135 - root - INFO - File listener disabled
2026-04-22 11:35:10,152 - root - INFO - File listener disabled
2026-04-22 11:35:10,166 - root - INFO - File listener disabled
2026-04-22 11:35:10,184 - root - INFO - File listener disabled
2026-04-22 11:35:10,199 - root - INFO - File listener disabled
2026-04-22 11:35:10,226 - root - INFO - File listener disabled
2026-04-22 11:35:11,995 - root - INFO - File listener disabled
2026-04-22 11:35:12,015 - root - INFO - File listener disabled
2026-04-22 11:35:12,040 - root - INFO - File listener disabled
2026-04-22 11:35:12,062 - root - INFO - File listener disabled
2026-04-22 11:35:12,078 - root - INFO - File listener disabled
2026-04-22 11:35:12,094 - root - INFO - File listener disabled
2026-04-22 11:35:12,112 - root - INFO - File listener disabled
2026-04-22 12:00:15,817 - root - INFO - File listener disabled
2026-04-22 12:00:15,836 - root - INFO - File listener disabled
2026-04-22 12:00:15,853 - root - INFO - File listener disabled
2026-04-22 12:00:15,870 - root - INFO - File listener disabled
2026-04-22 12:00:15,888 - root - INFO - File listener disabled
2026-04-22 12:00:15,905 - root - INFO - File listener disabled
2026-04-22 12:00:15,922 - root - INFO - File listener disabled
2026-04-22 12:00:15,940 - root - INFO - File listener disabled
2026-04-22 12:00:15,956 - root - INFO - File listener disabled
2026-04-22 12:00:15,972 - root - INFO - File listener disabled
2026-04-22 12:00:15,987 - root - INFO - File listener disabled
2026-04-22 12:00:16,004 - root - INFO - File listener disabled
2026-04-22 12:00:16,019 - root - INFO - File listener disabled
2026-04-22 12:00:16,034 - root - INFO - File listener disabled
2026-04-22 12:00:16,050 - root - INFO - File listener disabled
2026-04-22 12:00:16,065 - root - INFO - File listener disabled
2026-04-22 12:00:16,080 - root - INFO - File listener disabled
2026-04-22 12:00:16,097 - root - INFO - File listener disabled
2026-04-22 12:00:16,114 - root - INFO - File listener disabled
2026-04-22 12:00:16,129 - root - INFO - File listener disabled
2026-04-22 12:00:16,143 - root - INFO - File listener disabled
2026-04-22 12:00:16,159 - root - INFO - File listener disabled
2026-04-22 12:00:16,174 - root - INFO - File listener disabled
2026-04-22 12:00:16,189 - root - INFO - File listener disabled
2026-04-22 12:00:16,204 - root - INFO - File listener disabled
2026-04-22 12:00:16,217 - root - INFO - File listener disabled
2026-04-22 12:00:16,230 - root - INFO - File listener disabled
2026-04-22 12:00:16,247 - root - INFO - File listener disabled
2026-04-22 12:00:16,261 - root - INFO - File listener disabled
2026-04-22 12:00:16,277 - root - INFO - File listener disabled
2026-04-22 12:00:16,293 - root - INFO - File listener disabled
2026-04-22 12:00:16,310 - root - INFO - File listener disabled
2026-04-22 12:00:16,317 - root - INFO - File listener disabled
2026-04-22 12:00:16,333 - root - INFO - File listener disabled
2026-04-22 12:00:16,350 - root - INFO - File listener disabled
2026-04-22 12:00:16,368 - root - INFO - File listener disabled
2026-04-22 12:00:16,384 - root - INFO - File listener disabled
2026-04-22 12:00:16,398 - root - INFO - File listener disabled
2026-04-22 12:00:16,413 - root - INFO - File listener disabled
2026-04-22 12:00:16,429 - root - INFO - File listener disabled
2026-04-22 12:00:16,446 - root - INFO - File listener disabled
2026-04-22 12:00:16,463 - root - INFO - File listener disabled
2026-04-22 12:00:16,481 - root - INFO - File listener disabled
2026-04-22 12:00:16,496 - root - INFO - File listener disabled
2026-04-22 12:00:16,512 - root - INFO - File listener disabled
2026-04-22 12:00:16,526 - root - INFO - File listener disabled
2026-04-22 12:00:16,548 - root - INFO - File listener disabled
2026-04-22 12:00:16,579 - root - INFO - File listener disabled
2026-04-22 12:00:16,600 - root - INFO - File listener disabled
2026-04-22 12:00:16,608 - root - INFO - File listener disabled
2026-04-22 12:00:16,966 - root - INFO - File listener disabled
2026-04-22 12:00:16,983 - root - INFO - File listener disabled
2026-04-22 12:00:16,998 - root - INFO - File listener disabled
2026-04-22 12:00:17,014 - root - INFO - File listener disabled
2026-04-22 12:00:17,030 - root - INFO - File listener disabled
2026-04-22 12:00:17,045 - root - INFO - File listener disabled
2026-04-22 12:00:17,060 - root - INFO - File listener disabled
2026-04-22 12:00:17,074 - root - INFO - File listener disabled
2026-04-22 12:00:17,092 - root - INFO - File listener disabled
2026-04-22 12:00:17,107 - root - INFO - File listener disabled
2026-04-22 12:00:17,124 - root - INFO - File listener disabled
2026-04-22 12:00:17,139 - root - INFO - File listener disabled
2026-04-22 12:00:17,154 - root - INFO - File listener disabled
2026-04-22 12:00:17,168 - root - INFO - File listener disabled
2026-04-22 12:00:17,182 - root - INFO - File listener disabled
2026-04-22 12:00:17,196 - root - INFO - File listener disabled
2026-04-22 12:00:17,213 - root - INFO - File listener disabled
2026-04-22 12:00:17,228 - root - INFO - File listener disabled
2026-04-22 12:00:17,244 - root - INFO - File listener disabled
2026-04-22 12:00:17,259 - root - INFO - File listener disabled
2026-04-22 12:00:17,275 - root - INFO - File listener disabled
2026-04-22 12:00:17,289 - root - INFO - File listener disabled
2026-04-22 12:00:17,304 - root - INFO - File listener disabled
2026-04-22 12:00:17,318 - root - INFO - File listener disabled
2026-04-22 12:00:17,332 - root - INFO - File listener disabled
2026-04-22 12:00:17,345 - root - INFO - File listener disabled
2026-04-22 12:00:17,360 - root - INFO - File listener disabled
2026-04-22 12:00:17,374 - root - INFO - File listener disabled
2026-04-22 12:00:17,388 - root - INFO - File listener disabled
2026-04-22 12:00:17,728 - root - INFO - File listener disabled
2026-04-22 12:00:17,744 - root - INFO - File listener disabled
2026-04-22 12:00:17,761 - root - INFO - File listener disabled
2026-04-22 12:00:17,777 - root - INFO - File listener disabled
2026-04-22 12:00:17,793 - root - INFO - File listener disabled
2026-04-22 12:00:17,810 - root - INFO - File listener disabled
2026-04-22 12:00:17,825 - root - INFO - File listener disabled
2026-04-22 12:00:17,840 - root - INFO - File listener disabled
2026-04-22 12:00:17,857 - root - INFO - File listener disabled
2026-04-22 12:00:17,872 - root - INFO - File listener disabled
2026-04-22 12:00:17,887 - root - INFO - File listener disabled
2026-04-22 12:00:17,903 - root - INFO - File listener disabled
2026-04-22 12:00:17,919 - root - INFO - File listener disabled
2026-04-22 12:00:17,936 - root - INFO - File listener disabled
2026-04-22 12:00:17,951 - root - INFO - File listener disabled
2026-04-22 12:00:17,966 - root - INFO - File listener disabled
2026-04-22 12:00:17,983 - root - INFO - File listener disabled
2026-04-22 12:00:17,998 - root - INFO - File listener disabled
2026-04-22 12:00:18,013 - root - INFO - File listener disabled
2026-04-22 12:00:18,097 - root - INFO - File listener disabled
2026-04-22 12:00:18,158 - root - INFO - File listener disabled
2026-04-22 12:00:18,239 - root - INFO - File listener disabled
2026-04-22 12:00:18,254 - root - INFO - File listener disabled
2026-04-22 12:00:18,269 - root - INFO - File listener disabled
2026-04-22 12:00:18,285 - root - INFO - File listener disabled
2026-04-22 12:00:18,306 - root - INFO - File listener disabled
2026-04-22 12:00:18,324 - root - INFO - File listener disabled
2026-04-22 12:00:18,339 - root - INFO - File listener disabled
2026-04-22 12:00:18,355 - root - INFO - File listener disabled
2026-04-22 12:00:18,370 - root - INFO - File listener disabled
2026-04-22 12:00:18,494 - root - INFO - File listener disabled
2026-04-22 12:00:18,515 - root - INFO - File listener disabled
2026-04-22 12:00:18,530 - root - INFO - File listener disabled
2026-04-22 12:00:18,545 - root - INFO - File listener disabled
2026-04-22 12:00:18,559 - root - INFO - File listener disabled
2026-04-22 12:00:18,574 - root - INFO - File listener disabled
2026-04-22 12:00:18,592 - root - INFO - File listener disabled
2026-04-22 12:00:18,608 - root - INFO - File listener disabled
2026-04-22 12:00:18,626 - root - INFO - File listener disabled
2026-04-22 12:00:18,644 - root - INFO - File listener disabled
2026-04-22 12:00:18,662 - root - INFO - File listener disabled
2026-04-22 12:00:18,699 - root - INFO - File listener disabled
2026-04-22 12:00:18,756 - root - INFO - File listener disabled
2026-04-22 12:00:18,775 - root - INFO - File listener disabled
2026-04-22 12:00:18,795 - root - INFO - File listener disabled
2026-04-22 12:00:18,814 - root - INFO - File listener disabled
2026-04-22 12:00:18,833 - root - INFO - File listener disabled
2026-04-22 12:00:18,852 - root - INFO - File listener disabled
2026-04-22 12:00:18,868 - root - INFO - File listener disabled
2026-04-22 12:00:18,884 - root - INFO - File listener disabled
2026-04-22 12:00:18,901 - root - INFO - File listener disabled
2026-04-22 12:00:18,949 - root - INFO - File listener disabled
2026-04-22 12:00:44,880 - root - INFO - File listener disabled
2026-04-22 12:00:44,934 - root - INFO - File listener disabled
2026-04-22 12:00:44,959 - root - INFO - File listener disabled
2026-04-22 12:00:44,981 - root - INFO - File listener disabled
2026-04-22 12:00:44,998 - root - INFO - File listener disabled
2026-04-22 12:00:45,007 - root - INFO - File listener disabled
2026-04-22 12:00:45,023 - root - INFO - File listener disabled
2026-04-22 12:00:45,039 - root - INFO - File listener disabled
2026-04-22 12:00:45,056 - root - INFO - File listener disabled
2026-04-22 12:00:45,074 - root - INFO - File listener disabled
2026-04-22 12:00:45,091 - root - INFO - File listener disabled
2026-04-22 12:00:45,109 - root - INFO - File listener disabled
2026-04-22 12:00:45,126 - root - INFO - File listener disabled
2026-04-22 12:00:45,142 - root - INFO - File listener disabled
2026-04-22 12:00:45,158 - root - INFO - File listener disabled
2026-04-22 12:00:45,176 - root - INFO - File listener disabled
2026-04-22 12:00:45,193 - root - INFO - File listener disabled
2026-04-22 12:00:45,209 - root - INFO - File listener disabled
2026-04-22 12:00:45,226 - root - INFO - File listener disabled
2026-04-22 12:00:45,244 - root - INFO - File listener disabled
2026-04-22 12:00:45,261 - root - INFO - File listener disabled
2026-04-22 12:00:45,279 - root - INFO - File listener disabled
2026-04-22 12:00:45,295 - root - INFO - File listener disabled
2026-04-22 12:00:45,313 - root - INFO - File listener disabled
2026-04-22 12:00:45,329 - root - INFO - File listener disabled
2026-04-22 12:00:45,347 - root - INFO - File listener disabled
2026-04-22 12:00:45,365 - root - INFO - File listener disabled
2026-04-22 12:00:45,396 - root - INFO - File listener disabled
2026-04-22 12:00:45,474 - root - INFO - File listener disabled
2026-04-22 12:00:45,500 - root - INFO - File listener disabled
2026-04-22 12:00:45,519 - root - INFO - File listener disabled
2026-04-22 12:00:45,527 - root - INFO - File listener disabled
2026-04-22 12:00:45,545 - root - INFO - File listener disabled
2026-04-22 12:00:45,563 - root - INFO - File listener disabled
2026-04-22 12:00:45,579 - root - INFO - File listener disabled
2026-04-22 12:00:45,597 - root - INFO - File listener disabled
2026-04-22 12:00:45,614 - root - INFO - File listener disabled
2026-04-22 12:00:45,631 - root - INFO - File listener disabled
2026-04-22 12:00:46,408 - root - INFO - File listener disabled
2026-04-22 12:00:46,434 - root - INFO - File listener disabled
2026-04-22 12:00:46,452 - root - INFO - File listener disabled
2026-04-22 12:00:46,471 - root - INFO - File listener disabled
2026-04-22 12:00:46,489 - root - INFO - File listener disabled
2026-04-22 12:00:46,511 - root - INFO - File listener disabled
2026-04-22 12:00:46,531 - root - INFO - File listener disabled
2026-04-22 12:00:46,549 - root - INFO - File listener disabled
2026-04-22 12:00:46,567 - root - INFO - File listener disabled
2026-04-22 12:00:46,585 - root - INFO - File listener disabled
2026-04-22 12:00:46,602 - root - INFO - File listener disabled
2026-04-22 12:00:46,622 - root - INFO - File listener disabled
2026-04-22 12:00:46,638 - root - INFO - File listener disabled
2026-04-22 12:00:46,654 - root - INFO - File listener disabled
2026-04-22 12:00:46,670 - root - INFO - File listener disabled
2026-04-22 12:00:46,688 - root - INFO - File listener disabled
2026-04-22 12:00:46,704 - root - INFO - File listener disabled
2026-04-22 12:00:46,722 - root - INFO - File listener disabled
2026-04-22 12:00:46,739 - root - INFO - File listener disabled
2026-04-22 12:00:46,757 - root - INFO - File listener disabled
2026-04-22 12:00:46,774 - root - INFO - File listener disabled
2026-04-22 12:00:46,791 - root - INFO - File listener disabled
2026-04-22 12:00:46,808 - root - INFO - File listener disabled
2026-04-22 12:00:46,824 - root - INFO - File listener disabled
2026-04-22 12:00:46,840 - root - INFO - File listener disabled
2026-04-22 12:00:46,855 - root - INFO - File listener disabled
2026-04-22 12:00:46,872 - root - INFO - File listener disabled
2026-04-22 12:00:46,888 - root - INFO - File listener disabled
2026-04-22 12:00:46,904 - root - INFO - File listener disabled
2026-04-22 12:00:46,920 - root - INFO - File listener disabled
2026-04-22 12:00:46,937 - root - INFO - File listener disabled
2026-04-22 12:00:46,952 - root - INFO - File listener disabled
2026-04-22 12:00:46,966 - root - INFO - File listener disabled
2026-04-22 12:00:46,982 - root - INFO - File listener disabled
2026-04-22 12:00:46,998 - root - INFO - File listener disabled
2026-04-22 12:00:47,014 - root - INFO - File listener disabled
2026-04-22 12:00:47,030 - root - INFO - File listener disabled
2026-04-22 12:00:47,045 - root - INFO - File listener disabled
2026-04-22 12:00:47,060 - root - INFO - File listener disabled
2026-04-22 12:00:47,076 - root - INFO - File listener disabled
2026-04-22 12:00:47,090 - root - INFO - File listener disabled
2026-04-22 12:00:47,106 - root - INFO - File listener disabled
2026-04-22 12:00:47,120 - root - INFO - File listener disabled
2026-04-22 12:00:47,135 - root - INFO - File listener disabled
2026-04-22 12:00:47,149 - root - INFO - File listener disabled
2026-04-22 12:00:47,165 - root - INFO - File listener disabled
2026-04-22 12:00:47,180 - root - INFO - File listener disabled
2026-04-22 12:00:47,195 - root - INFO - File listener disabled
2026-04-22 12:00:47,211 - root - INFO - File listener disabled
2026-04-22 12:00:47,226 - root - INFO - File listener disabled
2026-04-22 12:00:47,241 - root - INFO - File listener disabled
2026-04-22 12:00:47,255 - root - INFO - File listener disabled
2026-04-22 12:00:47,271 - root - INFO - File listener disabled
2026-04-22 12:00:47,287 - root - INFO - File listener disabled
2026-04-22 12:00:47,303 - root - INFO - File listener disabled
2026-04-22 12:00:47,318 - root - INFO - File listener disabled
2026-04-22 12:00:47,332 - root - INFO - File listener disabled
2026-04-22 12:00:47,347 - root - INFO - File listener disabled
2026-04-22 12:00:47,361 - root - INFO - File listener disabled
2026-04-22 12:00:47,376 - root - INFO - File listener disabled
2026-04-22 12:00:47,391 - root - INFO - File listener disabled
2026-04-22 12:00:47,405 - root - INFO - File listener disabled
2026-04-22 12:00:47,420 - root - INFO - File listener disabled
2026-04-22 12:00:47,438 - root - INFO - File listener disabled
2026-04-22 12:00:47,451 - root - INFO - File listener disabled
2026-04-22 12:00:47,519 - root - INFO - File listener disabled
2026-04-22 12:00:47,616 - root - INFO - File listener disabled
2026-04-22 12:00:47,800 - root - INFO - File listener disabled
2026-04-22 12:00:47,816 - root - INFO - File listener disabled
2026-04-22 12:00:47,832 - root - INFO - File listener disabled
2026-04-22 12:00:47,846 - root - INFO - File listener disabled
2026-04-22 12:00:47,860 - root - INFO - File listener disabled
2026-04-22 12:00:47,874 - root - INFO - File listener disabled
2026-04-22 12:00:47,885 - root - INFO - File listener disabled
2026-04-22 12:00:47,897 - root - INFO - File listener disabled
2026-04-22 12:00:47,923 - root - INFO - File listener disabled
2026-04-22 12:00:47,935 - root - INFO - File listener disabled
2026-04-22 12:00:47,945 - root - INFO - File listener disabled
2026-04-22 12:00:47,957 - root - INFO - File listener disabled
2026-04-22 12:00:47,969 - root - INFO - File listener disabled
2026-04-22 12:00:47,980 - root - INFO - File listener disabled
2026-04-22 12:00:47,992 - root - INFO - File listener disabled
2026-04-22 12:00:48,005 - root - INFO - File listener disabled
2026-04-22 12:00:48,016 - root - INFO - File listener disabled
2026-04-22 12:00:48,030 - root - INFO - File listener disabled
2026-04-22 12:00:48,043 - root - INFO - File listener disabled
2026-04-22 12:00:48,093 - root - INFO - File listener disabled
2026-04-22 12:00:48,151 - root - INFO - File listener disabled
2026-04-22 12:00:48,188 - root - INFO - File listener disabled
2026-04-22 12:00:48,213 - root - INFO - File listener disabled
2026-04-22 12:00:48,445 - root - INFO - File listener disabled
2026-04-22 12:00:48,518 - root - INFO - File listener disabled
2026-04-22 12:00:48,532 - root - INFO - File listener disabled
2026-04-22 12:00:48,547 - root - INFO - File listener disabled
2026-04-22 12:00:48,598 - root - INFO - File listener disabled
2026-04-22 12:00:48,613 - root - INFO - File listener disabled
2026-04-22 12:00:48,625 - root - INFO - File listener disabled
2026-04-22 12:00:48,638 - root - INFO - File listener disabled
2026-04-22 12:00:48,650 - root - INFO - File listener disabled
2026-04-22 12:00:48,662 - root - INFO - File listener disabled
2026-04-22 12:00:48,674 - root - INFO - File listener disabled
2026-04-22 12:00:48,685 - root - INFO - File listener disabled
2026-04-22 12:00:48,696 - root - INFO - File listener disabled
2026-04-22 12:00:48,708 - root - INFO - File listener disabled
2026-04-22 12:00:48,719 - root - INFO - File listener disabled
2026-04-22 12:00:48,730 - root - INFO - File listener disabled
2026-04-22 12:00:48,744 - root - INFO - File listener disabled
2026-04-22 12:00:48,756 - root - INFO - File listener disabled
2026-04-22 12:00:48,767 - root - INFO - File listener disabled
2026-04-22 12:00:48,779 - root - INFO - File listener disabled
2026-04-22 12:00:48,790 - root - INFO - File listener disabled
2026-04-22 12:00:48,803 - root - INFO - File listener disabled
2026-04-22 12:00:48,814 - root - INFO - File listener disabled
2026-04-22 12:00:48,826 - root - INFO - File listener disabled
2026-04-22 12:00:48,838 - root - INFO - File listener disabled
2026-04-22 12:00:48,850 - root - INFO - File listener disabled
2026-04-22 12:00:48,862 - root - INFO - File listener disabled
2026-04-22 12:00:48,873 - root - INFO - File listener disabled
2026-04-22 12:00:48,884 - root - INFO - File listener disabled
2026-04-22 12:00:48,896 - root - INFO - File listener disabled
2026-04-22 12:00:48,909 - root - INFO - File listener disabled
2026-04-22 12:00:48,921 - root - INFO - File listener disabled
2026-04-22 12:00:48,932 - root - INFO - File listener disabled
2026-04-22 12:00:48,943 - root - INFO - File listener disabled
2026-04-22 12:00:48,956 - root - INFO - File listener disabled
2026-04-22 12:00:48,968 - root - INFO - File listener disabled
2026-04-22 12:00:48,979 - root - INFO - File listener disabled
2026-04-22 12:00:48,992 - root - INFO - File listener disabled
2026-04-22 12:00:49,003 - root - INFO - File listener disabled
2026-04-22 12:00:49,015 - root - INFO - File listener disabled
2026-04-22 12:00:49,026 - root - INFO - File listener disabled
2026-04-22 12:00:49,039 - root - INFO - File listener disabled
2026-04-22 12:00:49,049 - root - INFO - File listener disabled
2026-04-22 12:00:49,061 - root - INFO - File listener disabled
2026-04-22 12:00:49,072 - root - INFO - File listener disabled
2026-04-22 12:00:49,084 - root - INFO - File listener disabled
2026-04-22 12:00:49,095 - root - INFO - File listener disabled
2026-04-22 12:00:49,108 - root - INFO - File listener disabled
2026-04-22 12:00:49,121 - root - INFO - File listener disabled
2026-04-22 12:00:49,131 - root - INFO - File listener disabled
2026-04-22 12:00:49,142 - root - INFO - File listener disabled
2026-04-22 12:00:49,153 - root - INFO - File listener disabled
2026-04-22 12:00:49,166 - root - INFO - File listener disabled
2026-04-22 12:00:49,176 - root - INFO - File listener disabled
2026-04-22 12:00:49,185 - root - INFO - File listener disabled
2026-04-22 12:00:49,194 - root - INFO - File listener disabled
2026-04-22 12:00:49,202 - root - INFO - File listener disabled
2026-04-22 12:00:49,211 - root - INFO - File listener disabled
2026-04-22 12:00:49,220 - root - INFO - File listener disabled
2026-04-22 12:00:49,229 - root - INFO - File listener disabled
2026-04-22 12:00:49,238 - root - INFO - File listener disabled
2026-04-22 12:00:49,246 - root - INFO - File listener disabled
2026-04-22 12:00:49,256 - root - INFO - File listener disabled
2026-04-22 12:00:49,266 - root - INFO - File listener disabled
2026-04-22 12:00:49,276 - root - INFO - File listener disabled
2026-04-22 12:00:49,291 - root - INFO - File listener disabled
2026-04-22 12:00:49,300 - root - INFO - File listener disabled
2026-04-22 12:00:49,315 - root - INFO - File listener disabled
2026-04-22 12:00:49,324 - root - INFO - File listener disabled
2026-04-22 12:00:49,347 - root - INFO - File listener disabled
2026-04-22 12:00:49,362 - root - INFO - File listener disabled
2026-04-22 12:00:49,378 - root - INFO - File listener disabled
2026-04-22 12:00:49,395 - root - INFO - File listener disabled
2026-04-22 12:00:49,407 - root - INFO - File listener disabled
2026-04-22 12:00:49,426 - root - INFO - File listener disabled
2026-04-22 12:00:49,436 - root - INFO - File listener disabled
2026-04-22 12:00:49,450 - root - INFO - File listener disabled
2026-04-22 12:00:49,459 - root - INFO - File listener disabled
2026-04-22 12:00:49,468 - root - INFO - File listener disabled
2026-04-22 12:00:49,477 - root - INFO - File listener disabled
2026-04-22 12:00:49,485 - root - INFO - File listener disabled
2026-04-22 12:00:49,498 - root - INFO - File listener disabled
2026-04-22 12:00:49,508 - root - INFO - File listener disabled
2026-04-22 12:00:49,515 - root - INFO - File listener disabled
2026-04-22 12:00:49,524 - root - INFO - File listener disabled
2026-04-22 12:00:49,530 - root - INFO - File listener disabled
2026-04-22 12:00:49,539 - root - INFO - File listener disabled
2026-04-22 12:00:49,546 - root - INFO - File listener disabled
2026-04-22 12:00:49,555 - root - INFO - File listener disabled
2026-04-22 12:00:49,563 - root - INFO - File listener disabled
2026-04-22 12:00:49,571 - root - INFO - File listener disabled
2026-04-22 12:00:49,580 - root - INFO - File listener disabled
2026-04-22 12:00:49,588 - root - INFO - File listener disabled
2026-04-22 12:00:49,596 - root - INFO - File listener disabled
2026-04-22 12:00:49,604 - root - INFO - File listener disabled
2026-04-22 12:00:50,108 - root - INFO - File listener disabled
2026-04-22 12:00:50,120 - root - INFO - File listener disabled
2026-04-22 12:00:50,132 - root - INFO - File listener disabled
2026-04-22 12:00:50,146 - root - INFO - File listener disabled
2026-04-22 12:00:50,153 - root - INFO - File listener disabled
2026-04-22 12:00:50,166 - root - INFO - File listener disabled
2026-04-22 12:00:50,181 - root - INFO - File listener disabled
2026-04-22 12:00:50,194 - root - INFO - File listener disabled
2026-04-22 12:00:50,207 - root - INFO - File listener disabled
2026-04-22 12:00:50,222 - root - INFO - File listener disabled
2026-04-22 12:00:50,238 - root - INFO - File listener disabled
2026-04-22 12:00:50,256 - root - INFO - File listener disabled
2026-04-22 12:00:50,273 - root - INFO - File listener disabled
2026-04-22 12:00:50,286 - root - INFO - File listener disabled
2026-04-22 12:00:50,300 - root - INFO - File listener disabled
2026-04-22 12:00:50,316 - root - INFO - File listener disabled
2026-04-22 12:00:50,330 - root - INFO - File listener disabled
2026-04-22 12:00:50,344 - root - INFO - File listener disabled
2026-04-22 12:00:50,359 - root - INFO - File listener disabled
2026-04-22 12:00:50,375 - root - INFO - File listener disabled
2026-04-22 12:00:50,389 - root - INFO - File listener disabled
2026-04-22 12:00:50,404 - root - INFO - File listener disabled
2026-04-22 12:00:50,409 - root - INFO - File listener disabled
2026-04-22 12:00:50,424 - root - INFO - File listener disabled
2026-04-22 12:00:50,439 - root - INFO - File listener disabled
2026-04-22 12:00:50,453 - root - INFO - File listener disabled
2026-04-22 12:00:50,468 - root - INFO - File listener disabled
2026-04-22 12:00:50,483 - root - INFO - File listener disabled
2026-04-22 12:00:50,498 - root - INFO - File listener disabled
2026-04-22 12:00:50,514 - root - INFO - File listener disabled
2026-04-22 12:00:50,534 - root - INFO - File listener disabled
2026-04-22 12:00:50,553 - root - INFO - File listener disabled
2026-04-22 12:00:50,570 - root - INFO - File listener disabled
2026-04-22 12:00:50,596 - root - INFO - File listener disabled
2026-04-22 12:00:50,604 - root - INFO - File listener disabled
2026-04-22 12:00:50,620 - root - INFO - File listener disabled
2026-04-22 12:00:50,638 - root - INFO - File listener disabled
2026-04-22 12:00:50,645 - root - INFO - File listener disabled
2026-04-22 12:00:50,660 - root - INFO - File listener disabled
2026-04-22 12:00:50,669 - root - INFO - File listener disabled
2026-04-22 12:00:50,689 - root - INFO - File listener disabled
2026-04-22 12:00:50,710 - root - INFO - File listener disabled
2026-04-22 12:00:50,729 - root - INFO - File listener disabled
2026-04-22 12:00:50,746 - root - INFO - File listener disabled
2026-04-22 12:00:50,764 - root - INFO - File listener disabled
2026-04-22 12:00:50,782 - root - INFO - File listener disabled
2026-04-22 12:00:50,799 - root - INFO - File listener disabled
2026-04-22 12:00:50,817 - root - INFO - File listener disabled
2026-04-22 12:00:50,835 - root - INFO - File listener disabled
2026-04-22 12:00:50,853 - root - INFO - File listener disabled
2026-04-22 12:00:50,872 - root - INFO - File listener disabled
2026-04-22 12:00:50,889 - root - INFO - File listener disabled
2026-04-22 12:00:50,907 - root - INFO - File listener disabled
2026-04-22 12:00:50,926 - root - INFO - File listener disabled
2026-04-22 12:00:50,945 - root - INFO - File listener disabled
2026-04-22 12:00:50,962 - root - INFO - File listener disabled
2026-04-22 12:00:50,981 - root - INFO - File listener disabled
2026-04-22 12:00:51,003 - root - INFO - File listener disabled
2026-04-22 12:00:51,463 - root - INFO - File listener disabled
2026-04-22 12:00:51,485 - root - INFO - File listener disabled
2026-04-22 12:00:51,503 - root - INFO - File listener disabled
2026-04-22 12:00:51,520 - root - INFO - File listener disabled
2026-04-22 12:00:51,537 - root - INFO - File listener disabled
2026-04-22 12:00:51,555 - root - INFO - File listener disabled
2026-04-22 12:00:51,572 - root - INFO - File listener disabled
2026-04-22 12:00:51,589 - root - INFO - File listener disabled
2026-04-22 12:00:51,605 - root - INFO - File listener disabled
2026-04-22 12:00:51,610 - root - INFO - File listener disabled
2026-04-22 12:00:51,626 - root - INFO - File listener disabled
2026-04-22 12:00:52,278 - root - INFO - File listener disabled
2026-04-22 12:00:52,298 - root - INFO - File listener disabled
2026-04-22 12:00:52,316 - root - INFO - File listener disabled
2026-04-22 12:00:52,334 - root - INFO - File listener disabled
2026-04-22 12:00:52,353 - root - INFO - File listener disabled
2026-04-22 12:00:52,369 - root - INFO - File listener disabled
2026-04-22 12:00:52,385 - root - INFO - File listener disabled
2026-04-22 12:00:52,400 - root - INFO - File listener disabled
2026-04-22 12:00:52,414 - root - INFO - File listener disabled
2026-04-22 12:00:52,429 - root - INFO - File listener disabled
2026-04-22 12:00:52,444 - root - INFO - File listener disabled
2026-04-22 12:00:53,375 - root - INFO - File listener disabled
2026-04-22 12:00:53,390 - root - INFO - File listener disabled
2026-04-22 12:00:53,404 - root - INFO - File listener disabled
2026-04-22 12:00:53,417 - root - INFO - File listener disabled
2026-04-22 12:00:53,433 - root - INFO - File listener disabled
2026-04-22 12:00:53,448 - root - INFO - File listener disabled
2026-04-22 12:00:53,463 - root - INFO - File listener disabled
2026-04-22 12:00:53,480 - root - INFO - File listener disabled
2026-04-22 12:00:53,495 - root - INFO - File listener disabled
2026-04-22 12:00:53,510 - root - INFO - File listener disabled
2026-04-22 12:00:53,526 - root - INFO - File listener disabled
2026-04-22 12:00:53,540 - root - INFO - File listener disabled
2026-04-22 12:00:53,556 - root - INFO - File listener disabled
2026-04-22 12:00:53,571 - root - INFO - File listener disabled
2026-04-22 12:00:53,590 - root - INFO - File listener disabled
2026-04-22 12:00:53,597 - root - INFO - File listener disabled
2026-04-22 12:00:53,614 - root - INFO - File listener disabled
2026-04-22 12:00:53,631 - root - INFO - File listener disabled
2026-04-22 12:00:53,648 - root - INFO - File listener disabled
2026-04-22 12:00:53,665 - root - INFO - File listener disabled
2026-04-22 12:00:53,680 - root - INFO - File listener disabled
2026-04-22 12:00:53,696 - root - INFO - File listener disabled
2026-04-22 12:00:54,112 - root - INFO - File listener disabled
2026-04-22 12:00:54,130 - root - INFO - File listener disabled
2026-04-22 12:00:54,148 - root - INFO - File listener disabled
2026-04-22 12:00:54,167 - root - INFO - File listener disabled
2026-04-22 12:00:54,174 - root - INFO - File listener disabled
2026-04-22 12:00:54,193 - root - INFO - File listener disabled
2026-04-22 12:00:54,211 - root - INFO - File listener disabled
2026-04-22 12:00:54,230 - root - INFO - File listener disabled
2026-04-22 12:00:54,247 - root - INFO - File listener disabled
2026-04-22 12:00:54,262 - root - INFO - File listener disabled
2026-04-22 12:00:54,276 - root - INFO - File listener disabled
2026-04-22 12:11:02,352 - root - INFO - File listener disabled
2026-04-22 12:14:43,275 - root - ERROR - Error updating designer label: libshiboken: Internal C++ object (PySide6.QtWidgets.QLabel) already deleted.
2026-04-22 12:14:43,375 - root - INFO - Theme changed detected in QCustomQRGenerator
2026-04-22 12:14:43,376 - root - INFO - Updated fill color from palette: #ffffff
2026-04-22 12:14:43,376 - root - INFO - Updated background color from palette: #1e1e1e
2026-04-22 12:14:43,377 - root - INFO - Updated gradient start color from palette: #0078d4
2026-04-22 12:14:43,377 - root - INFO - Updated gradient end color from palette: #d45c00
2026-04-22 12:14:43,378 - root - INFO - Generating new QR code with fill: #ffffff, background: #1e1e1e
2026-04-22 12:14:43,382 - root - INFO - Using basic styling with fill: #ffffff, background: #1e1e1e
2026-04-22 12:14:43,386 - root - INFO - QR code generated successfully
2026-04-22 12:14:43,387 - root - INFO - Using cached QR code
2026-04-22 12:41:10,257 - root - INFO - Registering Custom Widgets
2026-04-22 12:41:10,260 - root - INFO - Registering QCustomQMainWindow
2026-04-22 12:41:10,267 - root - INFO - Registering QAvatarWidget
2026-04-22 12:41:10,273 - root - INFO - Registering QBadgeWidget
2026-04-22 12:41:10,277 - root - INFO - Registering AnalogGaugeWidget
2026-04-22 12:41:10,281 - root - INFO - Registering QCustomThemeList
2026-04-22 12:41:10,287 - root - INFO - Registering QCustomThemeDarkLightToggle
2026-04-22 12:41:10,290 - root - INFO - Registering QCustomCheckBox
2026-04-22 12:41:10,292 - root - INFO - Registering QCustomSidebar
2026-04-22 12:41:10,295 - root - INFO - Registering QCustomHamburgerMenu
2026-04-22 12:41:10,299 - root - INFO - Registering QCustomHorizontalSeparator
2026-04-22 12:41:10,302 - root - INFO - Registering QCustomVerticalSeparator
2026-04-22 12:41:10,304 - root - INFO - Registering QCustomSidebarLabel
2026-04-22 12:41:10,306 - root - INFO - Registering QCustomSidebarButton
2026-04-22 12:41:10,311 - root - INFO - Registering QCustomRoundProgressBar
2026-04-22 12:41:10,316 - root - INFO - Registering QCustomComponent
2026-04-22 12:41:10,320 - root - INFO - Registering QCustomComponentContainer
2026-04-22 12:41:10,323 - root - INFO - Registering QCustomQStackedWidget
2026-04-22 12:41:10,331 - root - INFO - Registering QCustomQProgressBar
2026-04-22 12:41:10,360 - root - INFO - Registering QCustomQRGenerator
2026-04-22 12:41:10,421 - root - INFO - Registering QCustomLineChart
2026-04-22 12:41:10,428 - root - INFO - QCustomLineChart registered successfully
2026-04-22 12:41:10,429 - root - INFO - Registering QCustomBarChart
2026-04-22 12:41:10,430 - root - INFO - QCustomBarChart registered successfully
2026-04-22 12:41:10,431 - root - INFO - Registering QCustomAreaChart
2026-04-22 12:41:10,433 - root - INFO - QCustomAreaChart registered successfully
2026-04-22 12:41:10,433 - root - INFO - Registering QCustomPieChart
2026-04-22 12:41:10,434 - root - INFO - QCustomPieChart registered successfully
2026-04-22 12:41:10,434 - root - INFO - ✓ All chart widgets registered successfully!
2026-04-22 12:41:10,459 - root - DEBUG - Failed to load Product Sans font
2026-04-22 12:41:10,460 - root - DEBUG - Added SASS file to watcher: D:\Vishwa\Qt\25ThemeEngine\Qss\scss\defaultStyle.scss
2026-04-22 12:41:10,461 - root - INFO - SUCCESS: ✅ Live monitoring QSS/SCSS files
2026-04-22 12:41:10,462 - root - INFO -    • defaultStyle.scss
2026-04-22 12:41:10,463 - root - INFO - File listener disabled
2026-04-22 12:41:10,464 - root - INFO - Copied variable 'CARD_RADIUS' from theme 'QT-Light-theme' to theme 'Light'
2026-04-22 12:41:10,464 - root - INFO - Copied variable 'BORDER_COLOR' from theme 'QT-Light-theme' to theme 'Light'
2026-04-22 12:41:10,465 - root - INFO - Copied variable 'Pressed-color' from theme 'QT-Light-theme' to theme 'Light'
2026-04-22 12:41:10,465 - root - INFO - Copied variable 'SPACING_SM' from theme 'QT-Light-theme' to theme 'Light'
2026-04-22 12:41:10,466 - root - INFO - Copied variable 'HOVER_GLOW' from theme 'QT-Light-theme' to theme 'Light'
2026-04-22 12:41:10,466 - root - INFO - Copied variable 'SPACING_MD' from theme 'QT-Light-theme' to theme 'Light'
2026-04-22 12:41:10,466 - root - INFO - Copied variable 'Disabled-color' from theme 'QT-Light-theme' to theme 'Light'
2026-04-22 12:41:10,467 - root - INFO - Copied variable 'SPACING_LG' from theme 'QT-Light-theme' to theme 'Light'
2026-04-22 12:41:10,467 - root - INFO - Copied variable 'Hover-color' from theme 'QT-Light-theme' to theme 'Light'
2026-04-22 12:41:10,467 - root - INFO - Copied variable 'GRADIENT' from theme 'QT-Light-theme' to theme 'Light'
2026-04-22 12:41:10,468 - root - INFO - Copied variable 'FOOTER_BG' from theme 'QT-Light-theme' to theme 'Light'
2026-04-22 12:41:10,468 - root - INFO - Copied variable 'CARD_BG' from theme 'QT-Light-theme' to theme 'Light'
2026-04-22 12:41:10,469 - root - INFO - Copied variable 'NAV_BG' from theme 'QT-Light-theme' to theme 'Light'
2026-04-22 12:41:10,469 - root - INFO - Copied variable 'CARD_RADIUS' from theme 'Light' to theme 'Dark'
2026-04-22 12:41:10,469 - root - INFO - Copied variable 'BORDER_COLOR' from theme 'Light' to theme 'Dark'
2026-04-22 12:41:10,470 - root - INFO - Copied variable 'Pressed-color' from theme 'Light' to theme 'Dark'
2026-04-22 12:41:10,470 - root - INFO - Copied variable 'SPACING_SM' from theme 'Light' to theme 'Dark'
2026-04-22 12:41:10,471 - root - INFO - Copied variable 'HOVER_GLOW' from theme 'Light' to theme 'Dark'
2026-04-22 12:41:10,471 - root - INFO - Copied variable 'SPACING_MD' from theme 'Light' to theme 'Dark'
2026-04-22 12:41:10,471 - root - INFO - Copied variable 'Disabled-color' from theme 'Light' to theme 'Dark'
2026-04-22 12:41:10,472 - root - INFO - Copied variable 'SPACING_LG' from theme 'Light' to theme 'Dark'
2026-04-22 12:41:10,472 - root - INFO - Copied variable 'Hover-color' from theme 'Light' to theme 'Dark'
2026-04-22 12:41:10,473 - root - INFO - Copied variable 'GRADIENT' from theme 'Light' to theme 'Dark'
2026-04-22 12:41:10,473 - root - INFO - Copied variable 'FOOTER_BG' from theme 'Light' to theme 'Dark'
2026-04-22 12:41:10,473 - root - INFO - Copied variable 'CARD_BG' from theme 'Light' to theme 'Dark'
2026-04-22 12:41:10,473 - root - INFO - Copied variable 'NAV_BG' from theme 'Light' to theme 'Dark'
2026-04-22 12:41:10,473 - root - INFO - Copied variable 'Pressed-color' from theme 'Light' to theme 'QT-Dark-theme'
2026-04-22 12:41:10,474 - root - INFO - Copied variable 'Hover-color' from theme 'Light' to theme 'QT-Dark-theme'
2026-04-22 12:41:10,475 - root - INFO - Copied variable 'Disabled-color' from theme 'Light' to theme 'QT-Dark-theme'
2026-04-22 12:41:10,475 - root - INFO - Should live compile stylesheet?: False
2026-04-22 12:41:10,476 - root - INFO - Should paint Qt Designer UI?: False
2026-04-22 12:41:10,485 - root - INFO - SUCCESS: ✅ Live monitoring QSS/SCSS files
2026-04-22 12:41:10,485 - root - INFO -    • defaultStyle.scss
2026-04-22 12:41:10,486 - root - INFO - QSS file monitor started
2026-04-22 12:41:10,487 - root - INFO - Theme changed detected in QCustomQRGenerator
2026-04-22 12:41:10,488 - root - INFO - Updated fill color from palette: #ffffff
2026-04-22 12:41:10,488 - root - INFO - Updated background color from palette: #1e1e1e
2026-04-22 12:41:10,488 - root - INFO - Updated gradient start color from palette: #0078d4
2026-04-22 12:41:10,489 - root - INFO - Updated gradient end color from palette: #d45c00
2026-04-22 12:41:10,489 - root - INFO - Generating new QR code with fill: #ffffff, background: #1e1e1e
2026-04-22 12:41:10,492 - root - INFO - Using basic styling with fill: #ffffff, background: #1e1e1e
2026-04-22 12:41:10,501 - root - INFO - QR code generated successfully
2026-04-22 12:41:10,505 - root - INFO - Using cached QR code
2026-04-22 12:41:10,510 - root - INFO - Applied App Theme (Dark: True) to chart
2026-04-22 12:41:10,511 - root - INFO - Applied App Theme (Dark: True) to chart
2026-04-22 12:41:10,515 - root - INFO - Applied App Theme (Dark: True) to chart
2026-04-22 12:41:10,516 - root - INFO - Applied App Theme (Dark: True) to chart
2026-04-22 12:41:10,522 - root - INFO - Applied App Theme (Dark: True) to chart
2026-04-22 12:41:10,525 - root - INFO - Applied App Theme (Dark: True) to chart
2026-04-22 12:41:10,530 - root - INFO - Applied App Theme (Dark: True) to chart
2026-04-22 12:41:10,530 - root - INFO - Applied App Theme (Dark: True) to chart
2026-04-22 12:41:10,803 - root - INFO - SUCCESS: ✅ Live monitoring QSS/SCSS files
2026-04-22 12:41:10,804 - root - INFO -    • defaultStyle.scss
2026-04-22 12:41:10,805 - root - INFO - QSS file monitor started
2026-04-22 12:41:10,807 - root - INFO - File listener disabled
2026-04-22 12:41:10,809 - root - INFO - File listener disabled
2026-04-22 12:41:23,469 - root - INFO - SUCCESS: ✅ Live monitoring QSS/SCSS files
2026-04-22 12:41:23,470 - root - INFO -    • defaultStyle.scss
2026-04-22 12:41:23,470 - root - INFO - QSS file monitor started
2026-04-22 12:41:23,486 - root - INFO - Theme changed detected in QCustomQRGenerator
2026-04-22 12:41:23,487 - root - INFO - Updated fill color from palette: #ffffff
2026-04-22 12:41:23,487 - root - INFO - Updated background color from palette: #1e1e1e
2026-04-22 12:41:23,487 - root - INFO - Updated gradient start color from palette: #0078d4
2026-04-22 12:41:23,489 - root - INFO - Updated gradient end color from palette: #d45c00
2026-04-22 12:41:23,489 - root - INFO - Generating new QR code with fill: #ffffff, background: #1e1e1e
2026-04-22 12:41:23,492 - root - INFO - Using basic styling with fill: #ffffff, background: #1e1e1e
2026-04-22 12:41:23,494 - root - INFO - QR code generated successfully
2026-04-22 12:41:23,495 - root - INFO - Using cached QR code
2026-04-22 12:41:27,421 - root - INFO - File listener disabled
2026-04-22 12:41:27,425 - root - INFO - SUCCESS: ✅ Live monitoring QSS/SCSS files
2026-04-22 12:41:27,425 - root - INFO -    • defaultStyle.scss
2026-04-22 12:41:27,426 - root - INFO - File listener disabled
2026-04-22 12:41:27,427 - root - INFO - Should live compile stylesheet?: False
2026-04-22 12:41:27,427 - root - INFO - Should paint Qt Designer UI?: False
2026-04-22 12:41:27,428 - root - INFO - Should live compile stylesheet?: False
2026-04-22 12:41:27,428 - root - INFO - Should paint Qt Designer UI?: True
2026-04-22 12:41:27,429 - root - INFO - No change for QMainWindow.customSideDrawers. Value is already src\ui_LeftSideDrawer.py,src\ui_TopSideDrawer.py,src\ui_BottomSideDrawer.py,src\ui_RightSideDrawer.py.
2026-04-22 12:41:27,431 - root - ERROR - Error updating designer label: libshiboken: Internal C++ object (PySide6.QtWidgets.QLabel) already deleted.
2026-04-22 12:41:27,469 - root - ERROR - Error updating designer label: libshiboken: Internal C++ object (PySide6.QtWidgets.QLabel) already deleted.
2026-04-22 12:41:27,483 - root - ERROR - Error updating designer label: libshiboken: Internal C++ object (PySide6.QtWidgets.QLabel) already deleted.
2026-04-22 12:41:27,546 - root - INFO - Theme changed detected in QCustomQRGenerator
2026-04-22 12:41:27,547 - root - INFO - Updated fill color from palette: #ffffff
2026-04-22 12:41:27,547 - root - INFO - Updated background color from palette: #1e1e1e
2026-04-22 12:41:27,547 - root - INFO - Updated gradient start color from palette: #0078d4
2026-04-22 12:41:27,549 - root - INFO - Updated gradient end color from palette: #d45c00
2026-04-22 12:41:27,549 - root - INFO - Generating new QR code with fill: #ffffff, background: #1e1e1e
2026-04-22 12:41:27,553 - root - INFO - Using basic styling with fill: #ffffff, background: #1e1e1e
2026-04-22 12:41:27,554 - root - INFO - QR code generated successfully
2026-04-22 12:41:27,555 - root - INFO - Using cached QR code
2026-04-22 12:41:27,615 - root - ERROR - Error updating designer label: libshiboken: Internal C++ object (PySide6.QtWidgets.QLabel) already deleted.
2026-04-22 12:41:27,831 - root - ERROR - Error updating designer label: libshiboken: Internal C++ object (PySide6.QtWidgets.QLabel) already deleted.
2026-04-22 12:41:34,933 - root - ERROR - Error updating designer label: libshiboken: Internal C++ object (PySide6.QtWidgets.QLabel) already deleted.
2026-04-22 12:41:35,012 - root - INFO - Theme changed detected in QCustomQRGenerator
2026-04-22 12:41:35,013 - root - INFO - Updated fill color from palette: #ffffff
2026-04-22 12:41:35,013 - root - INFO - Updated background color from palette: #1e1e1e
2026-04-22 12:41:35,013 - root - INFO - Updated gradient start color from palette: #0078d4
2026-04-22 12:41:35,014 - root - INFO - Updated gradient end color from palette: #d45c00
2026-04-22 12:41:35,014 - root - INFO - Generating new QR code with fill: #ffffff, background: #1e1e1e
2026-04-22 12:41:35,017 - root - INFO - Using basic styling with fill: #ffffff, background: #1e1e1e
2026-04-22 12:41:35,020 - root - INFO - QR code generated successfully
2026-04-22 12:41:35,021 - root - INFO - Using cached QR code
2026-04-22 14:13:52,984 - root - INFO - SUCCESS: ✅ Live monitoring QSS/SCSS files
2026-04-22 14:13:52,994 - root - INFO -    • defaultStyle.scss
2026-04-22 14:13:52,995 - root - INFO - QSS file monitor started
2026-04-22 14:13:53,067 - root - INFO - File listener disabled
2026-04-22 14:26:32,022 - root - INFO - Applied App Theme (Dark: True) to chart
2026-04-22 14:26:32,036 - root - INFO - Applied App Theme (Dark: True) to chart
2026-04-25 10:14:45,213 - root - INFO - Registering Custom Widgets
2026-04-25 10:14:45,222 - root - INFO - Registering QCustomQMainWindow
2026-04-25 10:14:45,230 - root - INFO - Registering QAvatarWidget
2026-04-25 10:14:45,236 - root - INFO - Registering QBadgeWidget
2026-04-25 10:14:45,241 - root - INFO - Registering AnalogGaugeWidget
2026-04-25 10:14:45,246 - root - INFO - Registering QCustomThemeList
2026-04-25 10:14:45,252 - root - INFO - Registering QCustomThemeDarkLightToggle
2026-04-25 10:14:45,255 - root - INFO - Registering QCustomCheckBox
2026-04-25 10:14:45,258 - root - INFO - Registering QCustomSidebar
2026-04-25 10:14:45,260 - root - INFO - Registering QCustomHamburgerMenu
2026-04-25 10:14:45,264 - root - INFO - Registering QCustomHorizontalSeparator
2026-04-25 10:14:45,268 - root - INFO - Registering QCustomVerticalSeparator
2026-04-25 10:14:45,272 - root - INFO - Registering QCustomSidebarLabel
2026-04-25 10:14:45,276 - root - INFO - Registering QCustomSidebarButton
2026-04-25 10:14:45,281 - root - INFO - Registering QCustomRoundProgressBar
2026-04-25 10:14:45,287 - root - INFO - Registering QCustomComponent
2026-04-25 10:14:45,293 - root - INFO - Registering QCustomComponentContainer
2026-04-25 10:14:45,299 - root - INFO - Registering QCustomQStackedWidget
2026-04-25 10:14:45,318 - root - INFO - Registering QCustomQProgressBar
2026-04-25 10:14:45,380 - root - INFO - Registering QCustomQRGenerator
2026-04-25 10:14:45,483 - root - INFO - Registering QCustomLineChart
2026-04-25 10:14:45,500 - root - INFO - QCustomLineChart registered successfully
2026-04-25 10:14:45,501 - root - INFO - Registering QCustomBarChart
2026-04-25 10:14:45,502 - root - INFO - QCustomBarChart registered successfully
2026-04-25 10:14:45,503 - root - INFO - Registering QCustomAreaChart
2026-04-25 10:14:45,504 - root - INFO - QCustomAreaChart registered successfully
2026-04-25 10:14:45,504 - root - INFO - Registering QCustomPieChart
2026-04-25 10:14:45,505 - root - INFO - QCustomPieChart registered successfully
2026-04-25 10:14:45,506 - root - INFO - ✓ All chart widgets registered successfully!
2026-04-25 10:14:45,629 - root - DEBUG - Failed to load Product Sans font
2026-04-25 10:14:45,633 - root - DEBUG - Added SASS file to watcher: D:\Vishwa\Qt\25ThemeEngine\Qss\scss\defaultStyle.scss
2026-04-25 10:14:45,633 - root - INFO - SUCCESS: ✅ Live monitoring QSS/SCSS files
2026-04-25 10:14:45,634 - root - INFO -    • defaultStyle.scss
2026-04-25 10:14:45,635 - root - INFO - File listener disabled
2026-04-25 10:14:45,636 - root - INFO - Copied variable 'FOOTER_BG' from theme 'QT-Light-theme' to theme 'Light'
2026-04-25 10:14:45,636 - root - INFO - Copied variable 'CARD_BG' from theme 'QT-Light-theme' to theme 'Light'
2026-04-25 10:14:45,637 - root - INFO - Copied variable 'BORDER_COLOR' from theme 'QT-Light-theme' to theme 'Light'
2026-04-25 10:14:45,637 - root - INFO - Copied variable 'SPACING_MD' from theme 'QT-Light-theme' to theme 'Light'
2026-04-25 10:14:45,638 - root - INFO - Copied variable 'Pressed-color' from theme 'QT-Light-theme' to theme 'Light'
2026-04-25 10:14:45,638 - root - INFO - Copied variable 'SPACING_LG' from theme 'QT-Light-theme' to theme 'Light'
2026-04-25 10:14:45,639 - root - INFO - Copied variable 'HOVER_GLOW' from theme 'QT-Light-theme' to theme 'Light'
2026-04-25 10:14:45,639 - root - INFO - Copied variable 'NAV_BG' from theme 'QT-Light-theme' to theme 'Light'
2026-04-25 10:14:45,639 - root - INFO - Copied variable 'SPACING_SM' from theme 'QT-Light-theme' to theme 'Light'
2026-04-25 10:14:45,640 - root - INFO - Copied variable 'GRADIENT' from theme 'QT-Light-theme' to theme 'Light'
2026-04-25 10:14:45,640 - root - INFO - Copied variable 'CARD_RADIUS' from theme 'QT-Light-theme' to theme 'Light'
2026-04-25 10:14:45,641 - root - INFO - Copied variable 'Disabled-color' from theme 'QT-Light-theme' to theme 'Light'
2026-04-25 10:14:45,641 - root - INFO - Copied variable 'Hover-color' from theme 'QT-Light-theme' to theme 'Light'
2026-04-25 10:14:45,642 - root - INFO - Copied variable 'FOOTER_BG' from theme 'Light' to theme 'Dark'
2026-04-25 10:14:45,642 - root - INFO - Copied variable 'CARD_BG' from theme 'Light' to theme 'Dark'
2026-04-25 10:14:45,643 - root - INFO - Copied variable 'BORDER_COLOR' from theme 'Light' to theme 'Dark'
2026-04-25 10:14:45,643 - root - INFO - Copied variable 'SPACING_MD' from theme 'Light' to theme 'Dark'
2026-04-25 10:14:45,644 - root - INFO - Copied variable 'Pressed-color' from theme 'Light' to theme 'Dark'
2026-04-25 10:14:45,645 - root - INFO - Copied variable 'SPACING_LG' from theme 'Light' to theme 'Dark'
2026-04-25 10:14:45,645 - root - INFO - Copied variable 'HOVER_GLOW' from theme 'Light' to theme 'Dark'
2026-04-25 10:14:45,646 - root - INFO - Copied variable 'NAV_BG' from theme 'Light' to theme 'Dark'
2026-04-25 10:14:45,646 - root - INFO - Copied variable 'SPACING_SM' from theme 'Light' to theme 'Dark'
2026-04-25 10:14:45,647 - root - INFO - Copied variable 'GRADIENT' from theme 'Light' to theme 'Dark'
2026-04-25 10:14:45,647 - root - INFO - Copied variable 'CARD_RADIUS' from theme 'Light' to theme 'Dark'
2026-04-25 10:14:45,648 - root - INFO - Copied variable 'Disabled-color' from theme 'Light' to theme 'Dark'
2026-04-25 10:14:45,648 - root - INFO - Copied variable 'Hover-color' from theme 'Light' to theme 'Dark'
2026-04-25 10:14:45,648 - root - INFO - Copied variable 'Pressed-color' from theme 'Light' to theme 'QT-Dark-theme'
2026-04-25 10:14:45,649 - root - INFO - Copied variable 'Hover-color' from theme 'Light' to theme 'QT-Dark-theme'
2026-04-25 10:14:45,649 - root - INFO - Copied variable 'Disabled-color' from theme 'Light' to theme 'QT-Dark-theme'
2026-04-25 10:14:45,650 - root - INFO - Should live compile stylesheet?: False
2026-04-25 10:14:45,651 - root - INFO - Should paint Qt Designer UI?: False
2026-04-25 10:14:45,682 - root - INFO - SUCCESS: ✅ Live monitoring QSS/SCSS files
2026-04-25 10:14:45,682 - root - INFO -    • defaultStyle.scss
2026-04-25 10:14:45,682 - root - INFO - QSS file monitor started
2026-04-25 10:14:45,686 - root - INFO - Theme changed detected in QCustomQRGenerator
2026-04-25 10:14:45,687 - root - INFO - Updated fill color from palette: #ffffff
2026-04-25 10:14:45,687 - root - INFO - Updated background color from palette: #1e1e1e
2026-04-25 10:14:45,688 - root - INFO - Updated gradient start color from palette: #0078d4
2026-04-25 10:14:45,688 - root - INFO - Updated gradient end color from palette: #d45c00
2026-04-25 10:14:45,689 - root - INFO - Generating new QR code with fill: #ffffff, background: #1e1e1e
2026-04-25 10:14:45,693 - root - INFO - Using basic styling with fill: #ffffff, background: #1e1e1e
2026-04-25 10:14:45,711 - root - INFO - QR code generated successfully
2026-04-25 10:14:45,713 - root - INFO - Using cached QR code
2026-04-25 10:14:45,725 - root - INFO - Applied App Theme (Dark: True) to chart
2026-04-25 10:14:45,728 - root - INFO - Applied App Theme (Dark: True) to chart
2026-04-25 10:14:45,738 - root - INFO - Applied App Theme (Dark: True) to chart
2026-04-25 10:14:45,740 - root - INFO - Applied App Theme (Dark: True) to chart
2026-04-25 10:14:45,746 - root - INFO - Applied App Theme (Dark: True) to chart
2026-04-25 10:14:45,747 - root - INFO - Applied App Theme (Dark: True) to chart
2026-04-25 10:14:45,755 - root - INFO - Applied App Theme (Dark: True) to chart
2026-04-25 10:14:45,756 - root - INFO - Applied App Theme (Dark: True) to chart
2026-04-25 10:14:46,219 - root - INFO - SUCCESS: ✅ Live monitoring QSS/SCSS files
2026-04-25 10:14:46,220 - root - INFO -    • defaultStyle.scss
2026-04-25 10:14:46,220 - root - INFO - QSS file monitor started
2026-04-25 10:14:46,223 - root - INFO - File listener disabled
2026-04-25 10:14:46,227 - root - INFO - File listener disabled
2026-04-25 10:15:22,843 - root - INFO - SUCCESS: ✅ Live monitoring QSS/SCSS files
2026-04-25 10:15:22,844 - root - INFO -    • defaultStyle.scss
2026-04-25 10:15:22,845 - root - INFO - QSS file monitor started
2026-04-25 10:15:26,345 - root - INFO - File listener disabled
2026-04-25 10:15:26,352 - root - INFO - SUCCESS: ✅ Live monitoring QSS/SCSS files
2026-04-25 10:15:26,353 - root - INFO -    • defaultStyle.scss
2026-04-25 10:15:26,353 - root - INFO - QSS file monitor started
2026-04-25 10:15:26,377 - root - INFO - Theme changed detected in QCustomQRGenerator
2026-04-25 10:15:26,378 - root - INFO - Updated fill color from palette: #ffffff
2026-04-25 10:15:26,378 - root - INFO - Updated background color from palette: #1e1e1e
2026-04-25 10:15:26,379 - root - INFO - Updated gradient start color from palette: #0078d4
2026-04-25 10:15:26,379 - root - INFO - Updated gradient end color from palette: #d45c00
2026-04-25 10:15:26,380 - root - INFO - Generating new QR code with fill: #ffffff, background: #1e1e1e
2026-04-25 10:15:26,383 - root - INFO - Using basic styling with fill: #ffffff, background: #1e1e1e
2026-04-25 10:15:26,386 - root - INFO - QR code generated successfully
2026-04-25 10:15:26,386 - root - INFO - Using cached QR code
2026-04-25 10:15:26,421 - root - INFO - File listener disabled
2026-04-25 10:15:26,426 - root - INFO - SUCCESS: ✅ Live monitoring QSS/SCSS files
2026-04-25 10:15:26,427 - root - INFO -    • defaultStyle.scss
2026-04-25 10:15:26,429 - root - INFO - File listener disabled
2026-04-25 10:15:26,429 - root - INFO - Should live compile stylesheet?: False
2026-04-25 10:15:26,430 - root - INFO - Should paint Qt Designer UI?: False
2026-04-25 10:15:26,431 - root - INFO - Should live compile stylesheet?: False
2026-04-25 10:15:26,431 - root - INFO - Should paint Qt Designer UI?: True
2026-04-25 10:15:26,432 - root - INFO - No change for QMainWindow.customSideDrawers. Value is already src\ui_LeftSideDrawer.py,src\ui_TopSideDrawer.py,src\ui_BottomSideDrawer.py,src\ui_RightSideDrawer.py.
2026-04-25 10:15:26,435 - root - ERROR - Error updating designer label: libshiboken: Internal C++ object (PySide6.QtWidgets.QLabel) already deleted.
2026-04-25 10:15:26,487 - root - ERROR - Error updating designer label: libshiboken: Internal C++ object (PySide6.QtWidgets.QLabel) already deleted.
2026-04-25 10:15:26,502 - root - ERROR - Error updating designer label: libshiboken: Internal C++ object (PySide6.QtWidgets.QLabel) already deleted.
2026-04-25 10:15:26,568 - root - INFO - Theme changed detected in QCustomQRGenerator
2026-04-25 10:15:26,568 - root - INFO - Updated fill color from palette: #ffffff
2026-04-25 10:15:26,569 - root - INFO - Updated background color from palette: #1e1e1e
2026-04-25 10:15:26,569 - root - INFO - Updated gradient start color from palette: #0078d4
2026-04-25 10:15:26,570 - root - INFO - Updated gradient end color from palette: #d45c00
2026-04-25 10:15:26,570 - root - INFO - Generating new QR code with fill: #ffffff, background: #1e1e1e
2026-04-25 10:15:26,573 - root - INFO - Using basic styling with fill: #ffffff, background: #1e1e1e
2026-04-25 10:15:26,576 - root - INFO - QR code generated successfully
2026-04-25 10:15:26,577 - root - INFO - Using cached QR code
2026-04-25 10:15:26,658 - root - ERROR - Error updating designer label: libshiboken: Internal C++ object (PySide6.QtWidgets.QLabel) already deleted.
2026-04-25 10:15:27,271 - root - ERROR - Error updating designer label: libshiboken: Internal C++ object (PySide6.QtWidgets.QLabel) already deleted.
2026-04-25 15:33:59,368 - root - INFO - File listener disabled
2026-04-25 16:36:39,787 - root - INFO - File listener disabled
2026-04-25 16:36:39,818 - root - INFO - File listener disabled
2026-04-25 16:36:39,835 - root - INFO - File listener disabled
2026-04-25 16:36:39,854 - root - INFO - File listener disabled
2026-04-25 16:36:39,860 - root - INFO - File listener disabled
2026-04-25 16:36:39,876 - root - INFO - File listener disabled
2026-04-25 16:36:39,893 - root - INFO - File listener disabled
2026-04-25 16:36:39,911 - root - INFO - File listener disabled
2026-04-25 16:36:39,927 - root - INFO - File listener disabled
2026-04-25 16:36:39,944 - root - INFO - File listener disabled
2026-04-25 16:36:39,964 - root - INFO - File listener disabled
2026-04-25 16:36:39,980 - root - INFO - File listener disabled
2026-04-25 16:36:39,995 - root - INFO - File listener disabled
2026-04-25 16:36:40,009 - root - INFO - File listener disabled
2026-04-25 16:36:40,024 - root - INFO - File listener disabled
2026-04-25 16:36:40,045 - root - INFO - File listener disabled
2026-04-25 16:36:40,065 - root - INFO - File listener disabled
2026-04-25 16:36:40,095 - root - INFO - File listener disabled
2026-04-25 16:36:40,112 - root - INFO - File listener disabled
2026-04-25 16:36:40,166 - root - INFO - File listener disabled
2026-04-25 16:36:40,223 - root - INFO - File listener disabled
2026-04-25 16:36:40,328 - root - INFO - File listener disabled
2026-04-25 16:36:40,434 - root - INFO - File listener disabled
2026-04-25 16:36:40,472 - root - INFO - File listener disabled
2026-04-25 16:36:40,493 - root - INFO - File listener disabled
2026-04-25 16:36:40,528 - root - INFO - File listener disabled
2026-04-25 16:36:40,563 - root - INFO - File listener disabled
2026-04-25 16:36:40,596 - root - INFO - File listener disabled
2026-04-25 16:36:40,617 - root - INFO - File listener disabled
2026-04-25 16:36:40,644 - root - INFO - File listener disabled
2026-04-25 16:36:40,726 - root - INFO - File listener disabled
2026-04-25 16:36:40,783 - root - INFO - File listener disabled
2026-04-25 16:36:40,812 - root - INFO - File listener disabled
2026-04-27 12:30:48,771 - root - INFO - Registering Custom Widgets
2026-04-27 12:30:48,775 - root - INFO - Registering QCustomQMainWindow
2026-04-27 12:30:48,780 - root - INFO - Registering QAvatarWidget
2026-04-27 12:30:48,784 - root - INFO - Registering QBadgeWidget
2026-04-27 12:30:48,787 - root - INFO - Registering AnalogGaugeWidget
2026-04-27 12:30:48,790 - root - INFO - Registering QCustomThemeList
2026-04-27 12:30:48,795 - root - INFO - Registering QCustomThemeDarkLightToggle
2026-04-27 12:30:48,796 - root - INFO - Registering QCustomCheckBox
2026-04-27 12:30:48,799 - root - INFO - Registering QCustomSidebar
2026-04-27 12:30:48,801 - root - INFO - Registering QCustomHamburgerMenu
2026-04-27 12:30:48,804 - root - INFO - Registering QCustomHorizontalSeparator
2026-04-27 12:30:48,806 - root - INFO - Registering QCustomVerticalSeparator
2026-04-27 12:30:48,808 - root - INFO - Registering QCustomSidebarLabel
2026-04-27 12:30:48,811 - root - INFO - Registering QCustomSidebarButton
2026-04-27 12:30:48,817 - root - INFO - Registering QCustomRoundProgressBar
2026-04-27 12:30:48,823 - root - INFO - Registering QCustomComponent
2026-04-27 12:30:48,827 - root - INFO - Registering QCustomComponentContainer
2026-04-27 12:30:48,831 - root - INFO - Registering QCustomQStackedWidget
2026-04-27 12:30:48,844 - root - INFO - Registering QCustomQProgressBar
2026-04-27 12:30:48,888 - root - INFO - Registering QCustomQRGenerator
2026-04-27 12:30:48,975 - root - INFO - Registering QCustomLineChart
2026-04-27 12:30:48,990 - root - INFO - QCustomLineChart registered successfully
2026-04-27 12:30:48,991 - root - INFO - Registering QCustomBarChart
2026-04-27 12:30:48,991 - root - INFO - QCustomBarChart registered successfully
2026-04-27 12:30:48,992 - root - INFO - Registering QCustomAreaChart
2026-04-27 12:30:48,993 - root - INFO - QCustomAreaChart registered successfully
2026-04-27 12:30:48,993 - root - INFO - Registering QCustomPieChart
2026-04-27 12:30:48,994 - root - INFO - QCustomPieChart registered successfully
2026-04-27 12:30:48,995 - root - INFO - ✓ All chart widgets registered successfully!
2026-04-27 12:30:49,091 - root - DEBUG - Failed to load Product Sans font
2026-04-27 12:30:49,092 - root - DEBUG - Added SASS file to watcher: D:\Vishwa\Qt\25ThemeEngine\Qss\scss\defaultStyle.scss
2026-04-27 12:30:49,093 - root - INFO - SUCCESS: ✅ Live monitoring QSS/SCSS files
2026-04-27 12:30:49,093 - root - INFO -    • defaultStyle.scss
2026-04-27 12:30:49,094 - root - INFO - File listener disabled
2026-04-27 12:30:49,095 - root - INFO - Copied variable 'GRADIENT' from theme 'QT-Light-theme' to theme 'Light'
2026-04-27 12:30:49,095 - root - INFO - Copied variable 'SPACING_MD' from theme 'QT-Light-theme' to theme 'Light'
2026-04-27 12:30:49,096 - root - INFO - Copied variable 'Pressed-color' from theme 'QT-Light-theme' to theme 'Light'
2026-04-27 12:30:49,096 - root - INFO - Copied variable 'CARD_RADIUS' from theme 'QT-Light-theme' to theme 'Light'
2026-04-27 12:30:49,097 - root - INFO - Copied variable 'FOOTER_BG' from theme 'QT-Light-theme' to theme 'Light'
2026-04-27 12:30:49,097 - root - INFO - Copied variable 'Disabled-color' from theme 'QT-Light-theme' to theme 'Light'
2026-04-27 12:30:49,098 - root - INFO - Copied variable 'CARD_BG' from theme 'QT-Light-theme' to theme 'Light'
2026-04-27 12:30:49,098 - root - INFO - Copied variable 'HOVER_GLOW' from theme 'QT-Light-theme' to theme 'Light'
2026-04-27 12:30:49,099 - root - INFO - Copied variable 'SPACING_SM' from theme 'QT-Light-theme' to theme 'Light'
2026-04-27 12:30:49,100 - root - INFO - Copied variable 'SPACING_LG' from theme 'QT-Light-theme' to theme 'Light'
2026-04-27 12:30:49,101 - root - INFO - Copied variable 'Hover-color' from theme 'QT-Light-theme' to theme 'Light'
2026-04-27 12:30:49,102 - root - INFO - Copied variable 'BORDER_COLOR' from theme 'QT-Light-theme' to theme 'Light'
2026-04-27 12:30:49,102 - root - INFO - Copied variable 'NAV_BG' from theme 'QT-Light-theme' to theme 'Light'
2026-04-27 12:30:49,102 - root - INFO - Copied variable 'GRADIENT' from theme 'Light' to theme 'Dark'
2026-04-27 12:30:49,103 - root - INFO - Copied variable 'SPACING_MD' from theme 'Light' to theme 'Dark'
2026-04-27 12:30:49,103 - root - INFO - Copied variable 'Pressed-color' from theme 'Light' to theme 'Dark'
2026-04-27 12:30:49,104 - root - INFO - Copied variable 'CARD_RADIUS' from theme 'Light' to theme 'Dark'
2026-04-27 12:30:49,104 - root - INFO - Copied variable 'FOOTER_BG' from theme 'Light' to theme 'Dark'
2026-04-27 12:30:49,104 - root - INFO - Copied variable 'Disabled-color' from theme 'Light' to theme 'Dark'
2026-04-27 12:30:49,105 - root - INFO - Copied variable 'CARD_BG' from theme 'Light' to theme 'Dark'
2026-04-27 12:30:49,105 - root - INFO - Copied variable 'HOVER_GLOW' from theme 'Light' to theme 'Dark'
2026-04-27 12:30:49,105 - root - INFO - Copied variable 'SPACING_SM' from theme 'Light' to theme 'Dark'
2026-04-27 12:30:49,106 - root - INFO - Copied variable 'SPACING_LG' from theme 'Light' to theme 'Dark'
2026-04-27 12:30:49,106 - root - INFO - Copied variable 'Hover-color' from theme 'Light' to theme 'Dark'
2026-04-27 12:30:49,107 - root - INFO - Copied variable 'BORDER_COLOR' from theme 'Light' to theme 'Dark'
2026-04-27 12:30:49,107 - root - INFO - Copied variable 'NAV_BG' from theme 'Light' to theme 'Dark'
2026-04-27 12:30:49,107 - root - INFO - Copied variable 'Hover-color' from theme 'Light' to theme 'QT-Dark-theme'
2026-04-27 12:30:49,108 - root - INFO - Copied variable 'Disabled-color' from theme 'Light' to theme 'QT-Dark-theme'
2026-04-27 12:30:49,108 - root - INFO - Copied variable 'Pressed-color' from theme 'Light' to theme 'QT-Dark-theme'
2026-04-27 12:30:49,109 - root - INFO - Should live compile stylesheet?: False
2026-04-27 12:30:49,110 - root - INFO - Should paint Qt Designer UI?: False
2026-04-27 12:30:49,137 - root - INFO - SUCCESS: ✅ Live monitoring QSS/SCSS files
2026-04-27 12:30:49,137 - root - INFO -    • defaultStyle.scss
2026-04-27 12:30:49,138 - root - INFO - QSS file monitor started
2026-04-27 12:30:49,140 - root - INFO - Theme changed detected in QCustomQRGenerator
2026-04-27 12:30:49,141 - root - INFO - Updated fill color from palette: #ffffff
2026-04-27 12:30:49,141 - root - INFO - Updated background color from palette: #1e1e1e
2026-04-27 12:30:49,141 - root - INFO - Updated gradient start color from palette: #0078d4
2026-04-27 12:30:49,142 - root - INFO - Updated gradient end color from palette: #d45c00
2026-04-27 12:30:49,143 - root - INFO - Generating new QR code with fill: #ffffff, background: #1e1e1e
2026-04-27 12:30:49,147 - root - INFO - Using basic styling with fill: #ffffff, background: #1e1e1e
2026-04-27 12:30:49,165 - root - INFO - QR code generated successfully
2026-04-27 12:30:49,167 - root - INFO - Using cached QR code
2026-04-27 12:30:49,177 - root - INFO - Applied App Theme (Dark: True) to chart
2026-04-27 12:30:49,180 - root - INFO - Applied App Theme (Dark: True) to chart
2026-04-27 12:30:49,187 - root - INFO - Applied App Theme (Dark: True) to chart
2026-04-27 12:30:49,188 - root - INFO - Applied App Theme (Dark: True) to chart
2026-04-27 12:30:49,195 - root - INFO - Applied App Theme (Dark: True) to chart
2026-04-27 12:30:49,196 - root - INFO - Applied App Theme (Dark: True) to chart
2026-04-27 12:30:49,201 - root - INFO - Applied App Theme (Dark: True) to chart
2026-04-27 12:30:49,202 - root - INFO - Applied App Theme (Dark: True) to chart
2026-04-27 12:30:49,715 - root - INFO - SUCCESS: ✅ Live monitoring QSS/SCSS files
2026-04-27 12:30:49,717 - root - INFO -    • defaultStyle.scss
2026-04-27 12:30:49,717 - root - INFO - QSS file monitor started
2026-04-27 12:30:49,722 - root - INFO - File listener disabled
2026-04-27 12:30:49,726 - root - INFO - File listener disabled
2026-04-27 12:49:30,840 - root - INFO - SUCCESS: ✅ Live monitoring QSS/SCSS files
2026-04-27 12:49:30,841 - root - INFO -    • defaultStyle.scss
2026-04-27 12:49:30,841 - root - INFO - QSS file monitor started
2026-04-27 12:49:30,862 - root - INFO - Theme changed detected in QCustomQRGenerator
2026-04-27 12:49:30,863 - root - INFO - Updated fill color from palette: #ffffff
2026-04-27 12:49:30,863 - root - INFO - Updated background color from palette: #1e1e1e
2026-04-27 12:49:30,864 - root - INFO - Updated gradient start color from palette: #0078d4
2026-04-27 12:49:30,864 - root - INFO - Updated gradient end color from palette: #d45c00
2026-04-27 12:49:30,864 - root - INFO - Generating new QR code with fill: #ffffff, background: #1e1e1e
2026-04-27 12:49:30,867 - root - INFO - Using basic styling with fill: #ffffff, background: #1e1e1e
2026-04-27 12:49:30,870 - root - INFO - QR code generated successfully
2026-04-27 12:49:30,871 - root - INFO - Using cached QR code
2026-04-27 12:49:34,563 - root - INFO - File listener disabled
2026-04-27 12:49:34,567 - root - INFO - SUCCESS: ✅ Live monitoring QSS/SCSS files
2026-04-27 12:49:34,567 - root - INFO -    • defaultStyle.scss
2026-04-27 12:49:34,568 - root - INFO - File listener disabled
2026-04-27 12:49:34,568 - root - INFO - Should live compile stylesheet?: False
2026-04-27 12:49:34,569 - root - INFO - Should paint Qt Designer UI?: False
2026-04-27 12:49:34,569 - root - INFO - Should live compile stylesheet?: False
2026-04-27 12:49:34,570 - root - INFO - Should paint Qt Designer UI?: True
2026-04-27 12:49:34,570 - root - INFO - No change for QMainWindow.customSideDrawers. Value is already src\ui_LeftSideDrawer.py,src\ui_TopSideDrawer.py,src\ui_BottomSideDrawer.py,src\ui_RightSideDrawer.py.
2026-04-27 12:49:34,572 - root - ERROR - Error updating designer label: libshiboken: Internal C++ object (PySide6.QtWidgets.QLabel) already deleted.
2026-04-27 12:49:34,614 - root - ERROR - Error updating designer label: libshiboken: Internal C++ object (PySide6.QtWidgets.QLabel) already deleted.
2026-04-27 12:49:34,628 - root - ERROR - Error updating designer label: libshiboken: Internal C++ object (PySide6.QtWidgets.QLabel) already deleted.
2026-04-27 12:49:34,632 - root - ERROR - Error importing from file D:\Vishwa\Qt\25ThemeEngine\src\ui_MainBody.py: invalid decimal literal (ui_MainBody.py, line 846)
2026-04-27 12:49:34,633 - root - ERROR - Failed to load the UI class from the specified file.
2026-04-27 12:49:34,642 - root - ERROR - Error updating designer label: libshiboken: Internal C++ object (PySide6.QtWidgets.QLabel) already deleted.
2026-04-27 12:49:35,109 - root - ERROR - Error updating designer label: libshiboken: Internal C++ object (PySide6.QtWidgets.QLabel) already deleted.
2026-04-27 12:50:16,171 - root - ERROR - Error updating designer label: libshiboken: Internal C++ object (PySide6.QtWidgets.QLabel) already deleted.
2026-04-27 12:50:16,175 - root - ERROR - Error importing from file D:\Vishwa\Qt\25ThemeEngine\src\ui_MainBody.py: invalid decimal literal (ui_MainBody.py, line 846)
2026-04-27 12:50:16,175 - root - ERROR - Failed to load the UI class from the specified file.
2026-04-27 12:52:25,654 - root - ERROR - Error updating designer label: libshiboken: Internal C++ object (PySide6.QtWidgets.QLabel) already deleted.
2026-04-27 12:52:25,658 - root - ERROR - Error importing from file D:\Vishwa\Qt\25ThemeEngine\src\ui_MainBody.py: invalid decimal literal (ui_MainBody.py, line 846)
2026-04-27 12:52:25,659 - root - ERROR - Failed to load the UI class from the specified file.
2026-04-27 12:53:15,607 - root - ERROR - Error updating designer label: libshiboken: Internal C++ object (PySide6.QtWidgets.QLabel) already deleted.
2026-04-27 12:53:15,611 - root - ERROR - Error importing from file D:\Vishwa\Qt\25ThemeEngine\src\ui_MainBody.py: invalid decimal literal (ui_MainBody.py, line 846)
2026-04-27 12:53:15,612 - root - ERROR - Failed to load the UI class from the specified file.
2026-04-27 12:53:30,765 - root - ERROR - Error updating designer label: libshiboken: Internal C++ object (PySide6.QtWidgets.QLabel) already deleted.
2026-04-27 12:53:30,768 - root - ERROR - Error importing from file D:\Vishwa\Qt\25ThemeEngine\src\ui_MainBody.py: invalid decimal literal (ui_MainBody.py, line 846)
2026-04-27 12:53:30,769 - root - ERROR - Failed to load the UI class from the specified file.
2026-04-27 12:54:55,175 - root - ERROR - Error updating designer label: libshiboken: Internal C++ object (PySide6.QtWidgets.QLabel) already deleted.
2026-04-27 12:54:55,180 - root - ERROR - Error importing from file D:\Vishwa\Qt\25ThemeEngine\src\ui_MainBody.py: invalid decimal literal (ui_MainBody.py, line 846)
2026-04-27 12:54:55,181 - root - ERROR - Failed to load the UI class from the specified file.
2026-04-27 12:55:20,350 - root - ERROR - Error updating designer label: libshiboken: Internal C++ object (PySide6.QtWidgets.QLabel) already deleted.
2026-04-27 12:55:20,354 - root - ERROR - Error importing from file D:\Vishwa\Qt\25ThemeEngine\src\ui_MainBody.py: invalid decimal literal (ui_MainBody.py, line 846)
2026-04-27 12:55:20,355 - root - ERROR - Failed to load the UI class from the specified file.
2026-04-27 12:56:21,610 - root - ERROR - Error updating designer label: libshiboken: Internal C++ object (PySide6.QtWidgets.QLabel) already deleted.
2026-04-27 12:56:21,615 - root - ERROR - Error importing from file D:\Vishwa\Qt\25ThemeEngine\src\ui_MainBody.py: invalid decimal literal (ui_MainBody.py, line 846)
2026-04-27 12:56:21,616 - root - ERROR - Failed to load the UI class from the specified file.
2026-04-27 12:58:02,660 - root - ERROR - Error updating designer label: libshiboken: Internal C++ object (PySide6.QtWidgets.QLabel) already deleted.
2026-04-27 12:58:02,663 - root - ERROR - Error importing from file D:\Vishwa\Qt\25ThemeEngine\src\ui_MainBody.py: invalid decimal literal (ui_MainBody.py, line 848)
2026-04-27 12:58:02,664 - root - ERROR - Failed to load the UI class from the specified file.
2026-04-27 12:58:04,116 - root - ERROR - Error updating designer label: libshiboken: Internal C++ object (PySide6.QtWidgets.QLabel) already deleted.
2026-04-27 12:58:04,119 - root - ERROR - Error importing from file D:\Vishwa\Qt\25ThemeEngine\src\ui_MainBody.py: invalid decimal literal (ui_MainBody.py, line 848)
2026-04-27 12:58:04,120 - root - ERROR - Failed to load the UI class from the specified file.
2026-04-27 13:00:15,081 - root - INFO - File listener disabled
2026-04-27 13:00:57,437 - root - ERROR - Error updating designer label: libshiboken: Internal C++ object (PySide6.QtWidgets.QLabel) already deleted.
2026-04-27 13:00:57,536 - root - INFO - Theme changed detected in QCustomQRGenerator
2026-04-27 13:00:57,537 - root - INFO - Updated fill color from palette: #ffffff
2026-04-27 13:00:57,538 - root - INFO - Updated background color from palette: #1e1e1e
2026-04-27 13:00:57,538 - root - INFO - Updated gradient start color from palette: #0078d4
2026-04-27 13:00:57,538 - root - INFO - Updated gradient end color from palette: #d45c00
2026-04-27 13:00:57,539 - root - INFO - Generating new QR code with fill: #ffffff, background: #1e1e1e
2026-04-27 13:00:57,542 - root - INFO - Using basic styling with fill: #ffffff, background: #1e1e1e
2026-04-27 13:00:57,545 - root - INFO - QR code generated successfully
2026-04-27 13:00:57,546 - root - INFO - Using cached QR code
2026-04-27 13:01:18,341 - root - ERROR - Error updating designer label: libshiboken: Internal C++ object (PySide6.QtWidgets.QLabel) already deleted.
2026-04-27 13:01:18,424 - root - INFO - Theme changed detected in QCustomQRGenerator
2026-04-27 13:01:18,425 - root - INFO - Updated fill color from palette: #ffffff
2026-04-27 13:01:18,425 - root - INFO - Updated background color from palette: #1e1e1e
2026-04-27 13:01:18,426 - root - INFO - Updated gradient start color from palette: #0078d4
2026-04-27 13:01:18,426 - root - INFO - Updated gradient end color from palette: #d45c00
2026-04-27 13:01:18,427 - root - INFO - Generating new QR code with fill: #ffffff, background: #1e1e1e
2026-04-27 13:01:18,430 - root - INFO - Using basic styling with fill: #ffffff, background: #1e1e1e
2026-04-27 13:01:18,432 - root - INFO - QR code generated successfully
2026-04-27 13:01:18,433 - root - INFO - Using cached QR code
2026-04-27 13:04:12,868 - root - INFO - File listener disabled
2026-04-28 10:30:12,347 - root - INFO - Registering Custom Widgets
2026-04-28 10:30:12,352 - root - INFO - Registering QCustomQMainWindow
2026-04-28 10:30:12,357 - root - INFO - Registering QAvatarWidget
2026-04-28 10:30:12,359 - root - INFO - Registering QBadgeWidget
2026-04-28 10:30:12,365 - root - INFO - Registering AnalogGaugeWidget
2026-04-28 10:30:12,369 - root - INFO - Registering QCustomThemeList
2026-04-28 10:30:12,372 - root - INFO - Registering QCustomThemeDarkLightToggle
2026-04-28 10:30:12,375 - root - INFO - Registering QCustomCheckBox
2026-04-28 10:30:12,377 - root - INFO - Registering QCustomSidebar
2026-04-28 10:30:12,379 - root - INFO - Registering QCustomHamburgerMenu
2026-04-28 10:30:12,382 - root - INFO - Registering QCustomHorizontalSeparator
2026-04-28 10:30:12,385 - root - INFO - Registering QCustomVerticalSeparator
2026-04-28 10:30:12,387 - root - INFO - Registering QCustomSidebarLabel
2026-04-28 10:30:12,389 - root - INFO - Registering QCustomSidebarButton
2026-04-28 10:30:12,393 - root - INFO - Registering QCustomRoundProgressBar
2026-04-28 10:30:12,398 - root - INFO - Registering QCustomComponent
2026-04-28 10:30:12,401 - root - INFO - Registering QCustomComponentContainer
2026-04-28 10:30:12,405 - root - INFO - Registering QCustomQStackedWidget
2026-04-28 10:30:12,414 - root - INFO - Registering QCustomQProgressBar
2026-04-28 10:30:12,436 - root - INFO - Registering QCustomQRGenerator
2026-04-28 10:30:12,492 - root - INFO - Registering QCustomLineChart
2026-04-28 10:30:12,503 - root - INFO - QCustomLineChart registered successfully
2026-04-28 10:30:12,506 - root - INFO - Registering QCustomBarChart
2026-04-28 10:30:12,508 - root - INFO - QCustomBarChart registered successfully
2026-04-28 10:30:12,508 - root - INFO - Registering QCustomAreaChart
2026-04-28 10:30:12,509 - root - INFO - QCustomAreaChart registered successfully
2026-04-28 10:30:12,509 - root - INFO - Registering QCustomPieChart
2026-04-28 10:30:12,510 - root - INFO - QCustomPieChart registered successfully
2026-04-28 10:30:12,510 - root - INFO - ✓ All chart widgets registered successfully!
2026-04-28 10:30:12,594 - root - DEBUG - Failed to load Product Sans font
2026-04-28 10:30:12,595 - root - DEBUG - Added SASS file to watcher: D:\Vishwa\Qt\25ThemeEngine\Qss\scss\defaultStyle.scss
2026-04-28 10:30:12,595 - root - INFO - SUCCESS: ✅ Live monitoring QSS/SCSS files
2026-04-28 10:30:12,595 - root - INFO -    • defaultStyle.scss
2026-04-28 10:30:12,596 - root - INFO - File listener disabled
2026-04-28 10:30:12,597 - root - INFO - Copied variable 'FOOTER_BG' from theme 'QT-Light-theme' to theme 'Light'
2026-04-28 10:30:12,597 - root - INFO - Copied variable 'SPACING_SM' from theme 'QT-Light-theme' to theme 'Light'
2026-04-28 10:30:12,598 - root - INFO - Copied variable 'CARD_BG' from theme 'QT-Light-theme' to theme 'Light'
2026-04-28 10:30:12,598 - root - INFO - Copied variable 'SPACING_MD' from theme 'QT-Light-theme' to theme 'Light'
2026-04-28 10:30:12,599 - root - INFO - Copied variable 'Disabled-color' from theme 'QT-Light-theme' to theme 'Light'
2026-04-28 10:30:12,599 - root - INFO - Copied variable 'HOVER_GLOW' from theme 'QT-Light-theme' to theme 'Light'
2026-04-28 10:30:12,599 - root - INFO - Copied variable 'GRADIENT' from theme 'QT-Light-theme' to theme 'Light'
2026-04-28 10:30:12,600 - root - INFO - Copied variable 'CARD_RADIUS' from theme 'QT-Light-theme' to theme 'Light'
2026-04-28 10:30:12,600 - root - INFO - Copied variable 'Pressed-color' from theme 'QT-Light-theme' to theme 'Light'
2026-04-28 10:30:12,601 - root - INFO - Copied variable 'NAV_BG' from theme 'QT-Light-theme' to theme 'Light'
2026-04-28 10:30:12,601 - root - INFO - Copied variable 'BORDER_COLOR' from theme 'QT-Light-theme' to theme 'Light'
2026-04-28 10:30:12,601 - root - INFO - Copied variable 'Hover-color' from theme 'QT-Light-theme' to theme 'Light'
2026-04-28 10:30:12,602 - root - INFO - Copied variable 'SPACING_LG' from theme 'QT-Light-theme' to theme 'Light'
2026-04-28 10:30:12,602 - root - INFO - Copied variable 'FOOTER_BG' from theme 'Light' to theme 'Dark'
2026-04-28 10:30:12,603 - root - INFO - Copied variable 'SPACING_SM' from theme 'Light' to theme 'Dark'
2026-04-28 10:30:12,603 - root - INFO - Copied variable 'CARD_BG' from theme 'Light' to theme 'Dark'
2026-04-28 10:30:12,604 - root - INFO - Copied variable 'SPACING_MD' from theme 'Light' to theme 'Dark'
2026-04-28 10:30:12,604 - root - INFO - Copied variable 'Disabled-color' from theme 'Light' to theme 'Dark'
2026-04-28 10:30:12,606 - root - INFO - Copied variable 'HOVER_GLOW' from theme 'Light' to theme 'Dark'
2026-04-28 10:30:12,606 - root - INFO - Copied variable 'GRADIENT' from theme 'Light' to theme 'Dark'
2026-04-28 10:30:12,607 - root - INFO - Copied variable 'CARD_RADIUS' from theme 'Light' to theme 'Dark'
2026-04-28 10:30:12,607 - root - INFO - Copied variable 'Pressed-color' from theme 'Light' to theme 'Dark'
2026-04-28 10:30:12,608 - root - INFO - Copied variable 'NAV_BG' from theme 'Light' to theme 'Dark'
2026-04-28 10:30:12,608 - root - INFO - Copied variable 'BORDER_COLOR' from theme 'Light' to theme 'Dark'
2026-04-28 10:30:12,609 - root - INFO - Copied variable 'Hover-color' from theme 'Light' to theme 'Dark'
2026-04-28 10:30:12,609 - root - INFO - Copied variable 'SPACING_LG' from theme 'Light' to theme 'Dark'
2026-04-28 10:30:12,610 - root - INFO - Copied variable 'Pressed-color' from theme 'Light' to theme 'QT-Dark-theme'
2026-04-28 10:30:12,610 - root - INFO - Copied variable 'Disabled-color' from theme 'Light' to theme 'QT-Dark-theme'
2026-04-28 10:30:12,611 - root - INFO - Copied variable 'Hover-color' from theme 'Light' to theme 'QT-Dark-theme'
2026-04-28 10:30:12,612 - root - INFO - Should live compile stylesheet?: False
2026-04-28 10:30:12,612 - root - INFO - Should paint Qt Designer UI?: False
2026-04-28 10:30:12,627 - root - INFO - SUCCESS: ✅ Live monitoring QSS/SCSS files
2026-04-28 10:30:12,627 - root - INFO -    • defaultStyle.scss
2026-04-28 10:30:12,628 - root - INFO - QSS file monitor started
2026-04-28 10:30:12,630 - root - INFO - Theme changed detected in QCustomQRGenerator
2026-04-28 10:30:12,630 - root - INFO - Updated fill color from palette: #ffffff
2026-04-28 10:30:12,631 - root - INFO - Updated background color from palette: #1e1e1e
2026-04-28 10:30:12,631 - root - INFO - Updated gradient start color from palette: #0078d4
2026-04-28 10:30:12,632 - root - INFO - Updated gradient end color from palette: #d45c00
2026-04-28 10:30:12,632 - root - INFO - Generating new QR code with fill: #ffffff, background: #1e1e1e
2026-04-28 10:30:12,635 - root - INFO - Using basic styling with fill: #ffffff, background: #1e1e1e
2026-04-28 10:30:12,642 - root - INFO - QR code generated successfully
2026-04-28 10:30:12,645 - root - INFO - Using cached QR code
2026-04-28 10:30:12,661 - root - INFO - Applied App Theme (Dark: True) to chart
2026-04-28 10:30:12,665 - root - INFO - Applied App Theme (Dark: True) to chart
2026-04-28 10:30:12,674 - root - INFO - Applied App Theme (Dark: True) to chart
2026-04-28 10:30:12,675 - root - INFO - Applied App Theme (Dark: True) to chart
2026-04-28 10:30:12,682 - root - INFO - Applied App Theme (Dark: True) to chart
2026-04-28 10:30:12,684 - root - INFO - Applied App Theme (Dark: True) to chart
2026-04-28 10:30:12,689 - root - INFO - Applied App Theme (Dark: True) to chart
2026-04-28 10:30:12,691 - root - INFO - Applied App Theme (Dark: True) to chart
2026-04-28 10:30:12,952 - root - INFO - SUCCESS: ✅ Live monitoring QSS/SCSS files
2026-04-28 10:30:12,953 - root - INFO -    • defaultStyle.scss
2026-04-28 10:30:12,953 - root - INFO - QSS file monitor started
2026-04-28 10:30:12,956 - root - INFO - File listener disabled
2026-04-28 10:30:12,959 - root - INFO - File listener disabled
2026-04-28 10:30:38,291 - root - INFO - SUCCESS: ✅ Live monitoring QSS/SCSS files
2026-04-28 10:30:38,292 - root - INFO -    • defaultStyle.scss
2026-04-28 10:30:38,292 - root - INFO - QSS file monitor started
2026-04-28 10:30:38,313 - root - INFO - Theme changed detected in QCustomQRGenerator
2026-04-28 10:30:38,313 - root - INFO - Updated fill color from palette: #ffffff
2026-04-28 10:30:38,314 - root - INFO - Updated background color from palette: #1e1e1e
2026-04-28 10:30:38,314 - root - INFO - Updated gradient start color from palette: #0078d4
2026-04-28 10:30:38,314 - root - INFO - Updated gradient end color from palette: #d45c00
2026-04-28 10:30:38,315 - root - INFO - Generating new QR code with fill: #ffffff, background: #1e1e1e
2026-04-28 10:30:38,318 - root - INFO - Using basic styling with fill: #ffffff, background: #1e1e1e
2026-04-28 10:30:38,320 - root - INFO - QR code generated successfully
2026-04-28 10:30:38,321 - root - INFO - Using cached QR code
2026-04-28 10:30:41,771 - root - INFO - File listener disabled
2026-04-28 10:30:41,774 - root - INFO - SUCCESS: ✅ Live monitoring QSS/SCSS files
2026-04-28 10:30:41,774 - root - INFO -    • defaultStyle.scss
2026-04-28 10:30:41,775 - root - INFO - File listener disabled
2026-04-28 10:30:41,776 - root - INFO - Should live compile stylesheet?: False
2026-04-28 10:30:41,776 - root - INFO - Should paint Qt Designer UI?: False
2026-04-28 10:30:41,777 - root - INFO - Should live compile stylesheet?: False
2026-04-28 10:30:41,777 - root - INFO - Should paint Qt Designer UI?: True
2026-04-28 10:30:41,778 - root - INFO - No change for QMainWindow.customSideDrawers. Value is already src\ui_LeftSideDrawer.py,src\ui_TopSideDrawer.py,src\ui_BottomSideDrawer.py,src\ui_RightSideDrawer.py.
2026-04-28 10:30:41,780 - root - ERROR - Error updating designer label: libshiboken: Internal C++ object (PySide6.QtWidgets.QLabel) already deleted.
2026-04-28 10:30:41,821 - root - ERROR - Error updating designer label: libshiboken: Internal C++ object (PySide6.QtWidgets.QLabel) already deleted.
2026-04-28 10:30:41,836 - root - ERROR - Error updating designer label: libshiboken: Internal C++ object (PySide6.QtWidgets.QLabel) already deleted.
2026-04-28 10:30:41,890 - root - INFO - Theme changed detected in QCustomQRGenerator
2026-04-28 10:30:41,891 - root - INFO - Updated fill color from palette: #ffffff
2026-04-28 10:30:41,891 - root - INFO - Updated background color from palette: #1e1e1e
2026-04-28 10:30:41,892 - root - INFO - Updated gradient start color from palette: #0078d4
2026-04-28 10:30:41,892 - root - INFO - Updated gradient end color from palette: #d45c00
2026-04-28 10:30:41,892 - root - INFO - Generating new QR code with fill: #ffffff, background: #1e1e1e
2026-04-28 10:30:41,896 - root - INFO - Using basic styling with fill: #ffffff, background: #1e1e1e
2026-04-28 10:30:41,898 - root - INFO - QR code generated successfully
2026-04-28 10:30:41,899 - root - INFO - Using cached QR code
2026-04-28 10:30:41,989 - root - ERROR - Error updating designer label: libshiboken: Internal C++ object (PySide6.QtWidgets.QLabel) already deleted.
2026-04-28 10:30:42,183 - root - ERROR - Error updating designer label: libshiboken: Internal C++ object (PySide6.QtWidgets.QLabel) already deleted.
2026-04-28 11:07:50,431 - root - ERROR - Error updating designer label: libshiboken: Internal C++ object (PySide6.QtWidgets.QLabel) already deleted.
2026-04-28 11:07:50,520 - root - INFO - Theme changed detected in QCustomQRGenerator
2026-04-28 11:07:50,520 - root - INFO - Updated fill color from palette: #ffffff
2026-04-28 11:07:50,521 - root - INFO - Updated background color from palette: #1e1e1e
2026-04-28 11:07:50,521 - root - INFO - Updated gradient start color from palette: #0078d4
2026-04-28 11:07:50,522 - root - INFO - Updated gradient end color from palette: #d45c00
2026-04-28 11:07:50,522 - root - INFO - Generating new QR code with fill: #ffffff, background: #1e1e1e
2026-04-28 11:07:50,525 - root - INFO - Using basic styling with fill: #ffffff, background: #1e1e1e
2026-04-28 11:07:50,529 - root - INFO - QR code generated successfully
2026-04-28 11:07:50,530 - root - INFO - Using cached QR code
2026-04-28 16:49:17,292 - root - ERROR - Error updating designer label: libshiboken: Internal C++ object (PySide6.QtWidgets.QLabel) already deleted.
2026-04-28 16:49:17,393 - root - INFO - Theme changed detected in QCustomQRGenerator
2026-04-28 16:49:17,393 - root - INFO - Updated fill color from palette: #ffffff
2026-04-28 16:49:17,394 - root - INFO - Updated background color from palette: #1e1e1e
2026-04-28 16:49:17,394 - root - INFO - Updated gradient start color from palette: #0078d4
2026-04-28 16:49:17,394 - root - INFO - Updated gradient end color from palette: #d45c00
2026-04-28 16:49:17,395 - root - INFO - Generating new QR code with fill: #ffffff, background: #1e1e1e
2026-04-28 16:49:17,398 - root - INFO - Using basic styling with fill: #ffffff, background: #1e1e1e
2026-04-28 16:49:17,401 - root - INFO - QR code generated successfully
2026-04-28 16:49:17,402 - root - INFO - Using cached QR code
2026-04-28 16:49:19,951 - root - ERROR - Error updating designer label: libshiboken: Internal C++ object (PySide6.QtWidgets.QLabel) already deleted.
2026-04-28 16:49:20,034 - root - INFO - Theme changed detected in QCustomQRGenerator
2026-04-28 16:49:20,035 - root - INFO - Updated fill color from palette: #ffffff
2026-04-28 16:49:20,036 - root - INFO - Updated background color from palette: #1e1e1e
2026-04-28 16:49:20,036 - root - INFO - Updated gradient start color from palette: #0078d4
2026-04-28 16:49:20,037 - root - INFO - Updated gradient end color from palette: #d45c00
2026-04-28 16:49:20,037 - root - INFO - Generating new QR code with fill: #ffffff, background: #1e1e1e
2026-04-28 16:49:20,041 - root - INFO - Using basic styling with fill: #ffffff, background: #1e1e1e
2026-04-28 16:49:20,043 - root - INFO - QR code generated successfully
2026-04-28 16:49:20,044 - root - INFO - Using cached QR code
2026-04-28 16:49:22,354 - root - ERROR - Error updating designer label: libshiboken: Internal C++ object (PySide6.QtWidgets.QLabel) already deleted.
2026-04-28 16:49:22,432 - root - INFO - Theme changed detected in QCustomQRGenerator
2026-04-28 16:49:22,433 - root - INFO - Updated fill color from palette: #ffffff
2026-04-28 16:49:22,433 - root - INFO - Updated background color from palette: #1e1e1e
2026-04-28 16:49:22,434 - root - INFO - Updated gradient start color from palette: #0078d4
2026-04-28 16:49:22,434 - root - INFO - Updated gradient end color from palette: #d45c00
2026-04-28 16:49:22,434 - root - INFO - Generating new QR code with fill: #ffffff, background: #1e1e1e
2026-04-28 16:49:22,437 - root - INFO - Using basic styling with fill: #ffffff, background: #1e1e1e
2026-04-28 16:49:22,440 - root - INFO - QR code generated successfully
2026-04-28 16:49:22,441 - root - INFO - Using cached QR code
2026-04-28 16:49:41,722 - root - ERROR - Error updating designer label: libshiboken: Internal C++ object (PySide6.QtWidgets.QLabel) already deleted.
2026-04-28 16:49:44,283 - root - ERROR - Error updating designer label: libshiboken: Internal C++ object (PySide6.QtWidgets.QLabel) already deleted.
2026-04-28 16:49:47,859 - root - ERROR - Error updating designer label: libshiboken: Internal C++ object (PySide6.QtWidgets.QLabel) already deleted.
2026-04-28 16:49:52,204 - root - ERROR - Error updating designer label: libshiboken: Internal C++ object (PySide6.QtWidgets.QLabel) already deleted.
2026-04-28 16:49:52,307 - root - INFO - Theme changed detected in QCustomQRGenerator
2026-04-28 16:49:52,307 - root - INFO - Updated fill color from palette: #ffffff
2026-04-28 16:49:52,308 - root - INFO - Updated background color from palette: #1e1e1e
2026-04-28 16:49:52,308 - root - INFO - Updated gradient start color from palette: #0078d4
2026-04-28 16:49:52,308 - root - INFO - Updated gradient end color from palette: #d45c00
2026-04-28 16:49:52,309 - root - INFO - Generating new QR code with fill: #ffffff, background: #1e1e1e
2026-04-28 16:49:52,312 - root - INFO - Using basic styling with fill: #ffffff, background: #1e1e1e
2026-04-28 16:49:52,315 - root - INFO - QR code generated successfully
2026-04-28 16:49:52,316 - root - INFO - Using cached QR code
2026-04-28 16:50:14,372 - root - ERROR - Error updating designer label: libshiboken: Internal C++ object (PySide6.QtWidgets.QLabel) already deleted.
2026-04-28 16:50:14,447 - root - INFO - Theme changed detected in QCustomQRGenerator
2026-04-28 16:50:14,447 - root - INFO - Updated fill color from palette: #ffffff
2026-04-28 16:50:14,448 - root - INFO - Updated background color from palette: #1e1e1e
2026-04-28 16:50:14,448 - root - INFO - Updated gradient start color from palette: #0078d4
2026-04-28 16:50:14,449 - root - INFO - Updated gradient end color from palette: #d45c00
2026-04-28 16:50:14,449 - root - INFO - Generating new QR code with fill: #ffffff, background: #1e1e1e
2026-04-28 16:50:14,452 - root - INFO - Using basic styling with fill: #ffffff, background: #1e1e1e
2026-04-28 16:50:14,454 - root - INFO - QR code generated successfully
2026-04-28 16:50:14,455 - root - INFO - Using cached QR code
2026-04-28 16:50:16,162 - root - ERROR - Error updating designer label: libshiboken: Internal C++ object (PySide6.QtWidgets.QLabel) already deleted.
2026-04-28 16:50:16,235 - root - INFO - Theme changed detected in QCustomQRGenerator
2026-04-28 16:50:16,236 - root - INFO - Updated fill color from palette: #ffffff
2026-04-28 16:50:16,236 - root - INFO - Updated background color from palette: #1e1e1e
2026-04-28 16:50:16,237 - root - INFO - Updated gradient start color from palette: #0078d4
2026-04-28 16:50:16,237 - root - INFO - Updated gradient end color from palette: #d45c00
2026-04-28 16:50:16,237 - root - INFO - Generating new QR code with fill: #ffffff, background: #1e1e1e
2026-04-28 16:50:16,241 - root - INFO - Using basic styling with fill: #ffffff, background: #1e1e1e
2026-04-28 16:50:16,243 - root - INFO - QR code generated successfully
2026-04-28 16:50:16,244 - root - INFO - Using cached QR code
2026-04-28 16:51:43,156 - root - INFO - Registering Custom Widgets
2026-04-28 16:51:43,159 - root - INFO - Registering QCustomQMainWindow
2026-04-28 16:51:43,172 - root - INFO - Registering QAvatarWidget
2026-04-28 16:51:43,175 - root - INFO - Registering QBadgeWidget
2026-04-28 16:51:43,180 - root - INFO - Registering AnalogGaugeWidget
2026-04-28 16:51:43,185 - root - INFO - Registering QCustomThemeList
2026-04-28 16:51:43,189 - root - INFO - Registering QCustomThemeDarkLightToggle
2026-04-28 16:51:43,192 - root - INFO - Registering QCustomCheckBox
2026-04-28 16:51:43,193 - root - INFO - Registering QCustomSidebar
2026-04-28 16:51:43,195 - root - INFO - Registering QCustomHamburgerMenu
2026-04-28 16:51:43,199 - root - INFO - Registering QCustomHorizontalSeparator
2026-04-28 16:51:43,202 - root - INFO - Registering QCustomVerticalSeparator
2026-04-28 16:51:43,204 - root - INFO - Registering QCustomSidebarLabel
2026-04-28 16:51:43,205 - root - INFO - Registering QCustomSidebarButton
2026-04-28 16:51:43,209 - root - INFO - Registering QCustomRoundProgressBar
2026-04-28 16:51:43,213 - root - INFO - Registering QCustomComponent
2026-04-28 16:51:43,218 - root - INFO - Registering QCustomComponentContainer
2026-04-28 16:51:43,220 - root - INFO - Registering QCustomQStackedWidget
2026-04-28 16:51:43,228 - root - INFO - Registering QCustomQProgressBar
2026-04-28 16:51:43,249 - root - INFO - Registering QCustomQRGenerator
2026-04-28 16:51:43,302 - root - INFO - Registering QCustomLineChart
2026-04-28 16:51:43,308 - root - INFO - QCustomLineChart registered successfully
2026-04-28 16:51:43,308 - root - INFO - Registering QCustomBarChart
2026-04-28 16:51:43,309 - root - INFO - QCustomBarChart registered successfully
2026-04-28 16:51:43,310 - root - INFO - Registering QCustomAreaChart
2026-04-28 16:51:43,310 - root - INFO - QCustomAreaChart registered successfully
2026-04-28 16:51:43,311 - root - INFO - Registering QCustomPieChart
2026-04-28 16:51:43,311 - root - INFO - QCustomPieChart registered successfully
2026-04-28 16:51:43,312 - root - INFO - ✓ All chart widgets registered successfully!
2026-04-28 16:51:43,356 - root - DEBUG - Failed to load Product Sans font
2026-04-28 16:51:43,358 - root - DEBUG - Added SASS file to watcher: D:\Vishwa\Qt\25ThemeEngine\Qss\scss\defaultStyle.scss
2026-04-28 16:51:43,358 - root - INFO - SUCCESS: ✅ Live monitoring QSS/SCSS files
2026-04-28 16:51:43,359 - root - INFO -    • defaultStyle.scss
2026-04-28 16:51:43,359 - root - INFO - File listener disabled
2026-04-28 16:51:43,360 - root - INFO - Copied variable 'HOVER_GLOW' from theme 'QT-Light-theme' to theme 'Light'
2026-04-28 16:51:43,360 - root - INFO - Copied variable 'SPACING_MD' from theme 'QT-Light-theme' to theme 'Light'
2026-04-28 16:51:43,361 - root - INFO - Copied variable 'SPACING_LG' from theme 'QT-Light-theme' to theme 'Light'
2026-04-28 16:51:43,361 - root - INFO - Copied variable 'Hover-color' from theme 'QT-Light-theme' to theme 'Light'
2026-04-28 16:51:43,361 - root - INFO - Copied variable 'CARD_BG' from theme 'QT-Light-theme' to theme 'Light'
2026-04-28 16:51:43,362 - root - INFO - Copied variable 'CARD_RADIUS' from theme 'QT-Light-theme' to theme 'Light'
2026-04-28 16:51:43,363 - root - INFO - Copied variable 'Disabled-color' from theme 'QT-Light-theme' to theme 'Light'
2026-04-28 16:51:43,363 - root - INFO - Copied variable 'FOOTER_BG' from theme 'QT-Light-theme' to theme 'Light'
2026-04-28 16:51:43,364 - root - INFO - Copied variable 'SPACING_SM' from theme 'QT-Light-theme' to theme 'Light'
2026-04-28 16:51:43,365 - root - INFO - Copied variable 'Pressed-color' from theme 'QT-Light-theme' to theme 'Light'
2026-04-28 16:51:43,366 - root - INFO - Copied variable 'BORDER_COLOR' from theme 'QT-Light-theme' to theme 'Light'
2026-04-28 16:51:43,366 - root - INFO - Copied variable 'GRADIENT' from theme 'QT-Light-theme' to theme 'Light'
2026-04-28 16:51:43,366 - root - INFO - Copied variable 'NAV_BG' from theme 'QT-Light-theme' to theme 'Light'
2026-04-28 16:51:43,367 - root - INFO - Copied variable 'HOVER_GLOW' from theme 'Light' to theme 'Dark'
2026-04-28 16:51:43,367 - root - INFO - Copied variable 'SPACING_MD' from theme 'Light' to theme 'Dark'
2026-04-28 16:51:43,368 - root - INFO - Copied variable 'SPACING_LG' from theme 'Light' to theme 'Dark'
2026-04-28 16:51:43,368 - root - INFO - Copied variable 'Hover-color' from theme 'Light' to theme 'Dark'
2026-04-28 16:51:43,368 - root - INFO - Copied variable 'CARD_BG' from theme 'Light' to theme 'Dark'
2026-04-28 16:51:43,369 - root - INFO - Copied variable 'CARD_RADIUS' from theme 'Light' to theme 'Dark'
2026-04-28 16:51:43,369 - root - INFO - Copied variable 'Disabled-color' from theme 'Light' to theme 'Dark'
2026-04-28 16:51:43,369 - root - INFO - Copied variable 'FOOTER_BG' from theme 'Light' to theme 'Dark'
2026-04-28 16:51:43,370 - root - INFO - Copied variable 'SPACING_SM' from theme 'Light' to theme 'Dark'
2026-04-28 16:51:43,370 - root - INFO - Copied variable 'Pressed-color' from theme 'Light' to theme 'Dark'
2026-04-28 16:51:43,371 - root - INFO - Copied variable 'BORDER_COLOR' from theme 'Light' to theme 'Dark'
2026-04-28 16:51:43,371 - root - INFO - Copied variable 'GRADIENT' from theme 'Light' to theme 'Dark'
2026-04-28 16:51:43,371 - root - INFO - Copied variable 'NAV_BG' from theme 'Light' to theme 'Dark'
2026-04-28 16:51:43,372 - root - INFO - Copied variable 'Disabled-color' from theme 'Light' to theme 'QT-Dark-theme'
2026-04-28 16:51:43,372 - root - INFO - Copied variable 'Pressed-color' from theme 'Light' to theme 'QT-Dark-theme'
2026-04-28 16:51:43,373 - root - INFO - Copied variable 'Hover-color' from theme 'Light' to theme 'QT-Dark-theme'
2026-04-28 16:51:43,373 - root - INFO - Should live compile stylesheet?: False
2026-04-28 16:51:43,374 - root - INFO - Should paint Qt Designer UI?: False
2026-04-28 16:51:43,382 - root - INFO - SUCCESS: ✅ Live monitoring QSS/SCSS files
2026-04-28 16:51:43,383 - root - INFO -    • defaultStyle.scss
2026-04-28 16:51:43,383 - root - INFO - QSS file monitor started
2026-04-28 16:51:43,385 - root - INFO - Theme changed detected in QCustomQRGenerator
2026-04-28 16:51:43,386 - root - INFO - Updated fill color from palette: #ffffff
2026-04-28 16:51:43,386 - root - INFO - Updated background color from palette: #1e1e1e
2026-04-28 16:51:43,386 - root - INFO - Updated gradient start color from palette: #0078d4
2026-04-28 16:51:43,387 - root - INFO - Updated gradient end color from palette: #d45c00
2026-04-28 16:51:43,387 - root - INFO - Generating new QR code with fill: #ffffff, background: #1e1e1e
2026-04-28 16:51:43,390 - root - INFO - Using basic styling with fill: #ffffff, background: #1e1e1e
2026-04-28 16:51:43,399 - root - INFO - QR code generated successfully
2026-04-28 16:51:43,402 - root - INFO - Using cached QR code
2026-04-28 16:51:43,406 - root - INFO - Applied App Theme (Dark: True) to chart
2026-04-28 16:51:43,407 - root - INFO - Applied App Theme (Dark: True) to chart
2026-04-28 16:51:43,413 - root - INFO - Applied App Theme (Dark: True) to chart
2026-04-28 16:51:43,414 - root - INFO - Applied App Theme (Dark: True) to chart
2026-04-28 16:51:43,418 - root - INFO - Applied App Theme (Dark: True) to chart
2026-04-28 16:51:43,419 - root - INFO - Applied App Theme (Dark: True) to chart
2026-04-28 16:51:43,425 - root - INFO - Applied App Theme (Dark: True) to chart
2026-04-28 16:51:43,426 - root - INFO - Applied App Theme (Dark: True) to chart
2026-04-28 16:51:46,946 - root - INFO - SUCCESS: ✅ Live monitoring QSS/SCSS files
2026-04-28 16:51:46,947 - root - INFO -    • defaultStyle.scss
2026-04-28 16:51:46,948 - root - INFO - File listener disabled
2026-04-28 16:51:46,948 - root - INFO - Should live compile stylesheet?: False
2026-04-28 16:51:46,949 - root - INFO - Should paint Qt Designer UI?: False
2026-04-28 16:51:46,951 - root - INFO - Should live compile stylesheet?: False
2026-04-28 16:51:46,951 - root - INFO - Should paint Qt Designer UI?: True
2026-04-28 16:51:46,951 - root - INFO - No change for QMainWindow.customSideDrawers. Value is already src\ui_LeftSideDrawer.py,src\ui_TopSideDrawer.py,src\ui_BottomSideDrawer.py,src\ui_RightSideDrawer.py.
2026-04-28 16:51:46,955 - root - ERROR - Error updating designer label: libshiboken: Internal C++ object (PySide6.QtWidgets.QLabel) already deleted.
2026-04-28 16:51:47,001 - root - ERROR - Error updating designer label: libshiboken: Internal C++ object (PySide6.QtWidgets.QLabel) already deleted.
2026-04-28 16:51:47,016 - root - ERROR - Error updating designer label: libshiboken: Internal C++ object (PySide6.QtWidgets.QLabel) already deleted.
2026-04-28 16:51:47,070 - root - INFO - Theme changed detected in QCustomQRGenerator
2026-04-28 16:51:47,071 - root - INFO - Updated fill color from palette: #ffffff
2026-04-28 16:51:47,072 - root - INFO - Updated background color from palette: #1e1e1e
2026-04-28 16:51:47,072 - root - INFO - Updated gradient start color from palette: #0078d4
2026-04-28 16:51:47,073 - root - INFO - Updated gradient end color from palette: #d45c00
2026-04-28 16:51:47,073 - root - INFO - Generating new QR code with fill: #ffffff, background: #1e1e1e
2026-04-28 16:51:47,077 - root - INFO - Using basic styling with fill: #ffffff, background: #1e1e1e
2026-04-28 16:51:47,079 - root - INFO - QR code generated successfully
2026-04-28 16:51:47,080 - root - INFO - Using cached QR code
2026-04-28 16:51:47,186 - root - ERROR - Error updating designer label: libshiboken: Internal C++ object (PySide6.QtWidgets.QLabel) already deleted.
2026-04-28 16:51:47,424 - root - ERROR - Error updating designer label: libshiboken: Internal C++ object (PySide6.QtWidgets.QLabel) already deleted.
2026-04-28 16:52:17,039 - root - INFO - SUCCESS: ✅ Live monitoring QSS/SCSS files
2026-04-28 16:52:17,039 - root - INFO -    • defaultStyle.scss
2026-04-28 16:52:17,040 - root - INFO - QSS file monitor started
2026-04-28 16:52:17,201 - root - INFO - Theme changed detected in QCustomQRGenerator
2026-04-28 16:52:17,201 - root - INFO - Updated fill color from palette: #ffffff
2026-04-28 16:52:17,202 - root - INFO - Updated background color from palette: #1e1e1e
2026-04-28 16:52:17,202 - root - INFO - Updated gradient start color from palette: #0078d4
2026-04-28 16:52:17,203 - root - INFO - Updated gradient end color from palette: #d45c00
2026-04-28 16:52:17,203 - root - INFO - Generating new QR code with fill: #ffffff, background: #1e1e1e
2026-04-28 16:52:17,206 - root - INFO - Using basic styling with fill: #ffffff, background: #1e1e1e
2026-04-28 16:52:17,209 - root - INFO - QR code generated successfully
2026-04-28 16:52:17,209 - root - INFO - Using cached QR code
2026-04-28 16:52:17,374 - root - INFO - File listener disabled
2026-04-28 16:52:30,859 - root - ERROR - Error updating designer label: libshiboken: Internal C++ object (PySide6.QtWidgets.QLabel) already deleted.
2026-04-28 16:52:30,953 - root - INFO - Theme changed detected in QCustomQRGenerator
2026-04-28 16:52:30,954 - root - INFO - Updated fill color from palette: #ffffff
2026-04-28 16:52:30,954 - root - INFO - Updated background color from palette: #1e1e1e
2026-04-28 16:52:30,955 - root - INFO - Updated gradient start color from palette: #0078d4
2026-04-28 16:52:30,955 - root - INFO - Updated gradient end color from palette: #d45c00
2026-04-28 16:52:30,956 - root - INFO - Generating new QR code with fill: #ffffff, background: #1e1e1e
2026-04-28 16:52:30,959 - root - INFO - Using basic styling with fill: #ffffff, background: #1e1e1e
2026-04-28 16:52:30,962 - root - INFO - QR code generated successfully
2026-04-28 16:52:30,963 - root - INFO - Using cached QR code
2026-04-28 16:55:11,383 - root - INFO - File listener disabled
2026-04-28 17:01:19,234 - root - INFO - File listener disabled
2026-04-28 18:01:01,132 - root - INFO - SUCCESS: ✅ Live monitoring QSS/SCSS files
2026-04-28 18:01:01,134 - root - INFO -    • defaultStyle.scss
2026-04-28 18:01:01,135 - root - INFO - QSS file monitor started
2026-04-28 18:01:01,136 - root - INFO - File listener disabled
2026-04-28 18:01:01,138 - root - INFO - File listener disabled
2026-05-01 15:47:05,437 - root - INFO - Registering Custom Widgets
2026-05-01 15:47:05,441 - root - INFO - Registering QCustomQMainWindow
2026-05-01 15:47:05,444 - root - INFO - Registering QAvatarWidget
2026-05-01 15:47:05,447 - root - INFO - Registering QBadgeWidget
2026-05-01 15:47:05,451 - root - INFO - Registering AnalogGaugeWidget
2026-05-01 15:47:05,455 - root - INFO - Registering QCustomThemeList
2026-05-01 15:47:05,460 - root - INFO - Registering QCustomThemeDarkLightToggle
2026-05-01 15:47:05,462 - root - INFO - Registering QCustomCheckBox
2026-05-01 15:47:05,464 - root - INFO - Registering QCustomSidebar
2026-05-01 15:47:05,466 - root - INFO - Registering QCustomHamburgerMenu
2026-05-01 15:47:05,469 - root - INFO - Registering QCustomHorizontalSeparator
2026-05-01 15:47:05,472 - root - INFO - Registering QCustomVerticalSeparator
2026-05-01 15:47:05,476 - root - INFO - Registering QCustomSidebarLabel
2026-05-01 15:47:05,478 - root - INFO - Registering QCustomSidebarButton
2026-05-01 15:47:05,482 - root - INFO - Registering QCustomRoundProgressBar
2026-05-01 15:47:05,486 - root - INFO - Registering QCustomComponent
2026-05-01 15:47:05,491 - root - INFO - Registering QCustomComponentContainer
2026-05-01 15:47:05,493 - root - INFO - Registering QCustomQStackedWidget
2026-05-01 15:47:05,505 - root - INFO - Registering QCustomQProgressBar
2026-05-01 15:47:05,527 - root - INFO - Registering QCustomQRGenerator
2026-05-01 15:47:05,603 - root - INFO - Registering QCustomLineChart
2026-05-01 15:47:05,611 - root - INFO - QCustomLineChart registered successfully
2026-05-01 15:47:05,612 - root - INFO - Registering QCustomBarChart
2026-05-01 15:47:05,613 - root - INFO - QCustomBarChart registered successfully
2026-05-01 15:47:05,613 - root - INFO - Registering QCustomAreaChart
2026-05-01 15:47:05,614 - root - INFO - QCustomAreaChart registered successfully
2026-05-01 15:47:05,614 - root - INFO - Registering QCustomPieChart
2026-05-01 15:47:05,615 - root - INFO - QCustomPieChart registered successfully
2026-05-01 15:47:05,615 - root - INFO - ✓ All chart widgets registered successfully!
2026-05-01 15:47:05,702 - root - DEBUG - Failed to load Product Sans font
2026-05-01 15:47:05,703 - root - DEBUG - Added SASS file to watcher: D:\Vishwa\Qt\25ThemeEngine\Qss\scss\defaultStyle.scss
2026-05-01 15:47:05,704 - root - INFO - SUCCESS: ✅ Live monitoring QSS/SCSS files
2026-05-01 15:47:05,705 - root - INFO -    • defaultStyle.scss
2026-05-01 15:47:05,705 - root - INFO - File listener disabled
2026-05-01 15:47:05,706 - root - INFO - Copied variable 'HOVER_GLOW' from theme 'QT-Light-theme' to theme 'Light'
2026-05-01 15:47:05,706 - root - INFO - Copied variable 'CARD_RADIUS' from theme 'QT-Light-theme' to theme 'Light'
2026-05-01 15:47:05,707 - root - INFO - Copied variable 'SPACING_LG' from theme 'QT-Light-theme' to theme 'Light'
2026-05-01 15:47:05,707 - root - INFO - Copied variable 'CARD_BG' from theme 'QT-Light-theme' to theme 'Light'
2026-05-01 15:47:05,708 - root - INFO - Copied variable 'FOOTER_BG' from theme 'QT-Light-theme' to theme 'Light'
2026-05-01 15:47:05,708 - root - INFO - Copied variable 'SPACING_MD' from theme 'QT-Light-theme' to theme 'Light'
2026-05-01 15:47:05,708 - root - INFO - Copied variable 'BORDER_COLOR' from theme 'QT-Light-theme' to theme 'Light'
2026-05-01 15:47:05,709 - root - INFO - Copied variable 'NAV_BG' from theme 'QT-Light-theme' to theme 'Light'
2026-05-01 15:47:05,709 - root - INFO - Copied variable 'GRADIENT' from theme 'QT-Light-theme' to theme 'Light'
2026-05-01 15:47:05,710 - root - INFO - Copied variable 'Pressed-color' from theme 'QT-Light-theme' to theme 'Light'
2026-05-01 15:47:05,710 - root - INFO - Copied variable 'SPACING_SM' from theme 'QT-Light-theme' to theme 'Light'
2026-05-01 15:47:05,710 - root - INFO - Copied variable 'Disabled-color' from theme 'QT-Light-theme' to theme 'Light'
2026-05-01 15:47:05,711 - root - INFO - Copied variable 'Hover-color' from theme 'QT-Light-theme' to theme 'Light'
2026-05-01 15:47:05,711 - root - INFO - Copied variable 'HOVER_GLOW' from theme 'Light' to theme 'Dark'
2026-05-01 15:47:05,712 - root - INFO - Copied variable 'CARD_RADIUS' from theme 'Light' to theme 'Dark'
2026-05-01 15:47:05,712 - root - INFO - Copied variable 'SPACING_LG' from theme 'Light' to theme 'Dark'
2026-05-01 15:47:05,712 - root - INFO - Copied variable 'CARD_BG' from theme 'Light' to theme 'Dark'
2026-05-01 15:47:05,713 - root - INFO - Copied variable 'FOOTER_BG' from theme 'Light' to theme 'Dark'
2026-05-01 15:47:05,714 - root - INFO - Copied variable 'SPACING_MD' from theme 'Light' to theme 'Dark'
2026-05-01 15:47:05,714 - root - INFO - Copied variable 'BORDER_COLOR' from theme 'Light' to theme 'Dark'
2026-05-01 15:47:05,715 - root - INFO - Copied variable 'NAV_BG' from theme 'Light' to theme 'Dark'
2026-05-01 15:47:05,715 - root - INFO - Copied variable 'GRADIENT' from theme 'Light' to theme 'Dark'
2026-05-01 15:47:05,716 - root - INFO - Copied variable 'Pressed-color' from theme 'Light' to theme 'Dark'
2026-05-01 15:47:05,717 - root - INFO - Copied variable 'SPACING_SM' from theme 'Light' to theme 'Dark'
2026-05-01 15:47:05,717 - root - INFO - Copied variable 'Disabled-color' from theme 'Light' to theme 'Dark'
2026-05-01 15:47:05,718 - root - INFO - Copied variable 'Hover-color' from theme 'Light' to theme 'Dark'
2026-05-01 15:47:05,718 - root - INFO - Copied variable 'Pressed-color' from theme 'Light' to theme 'QT-Dark-theme'
2026-05-01 15:47:05,719 - root - INFO - Copied variable 'Disabled-color' from theme 'Light' to theme 'QT-Dark-theme'
2026-05-01 15:47:05,720 - root - INFO - Copied variable 'Hover-color' from theme 'Light' to theme 'QT-Dark-theme'
2026-05-01 15:47:05,720 - root - INFO - Should live compile stylesheet?: False
2026-05-01 15:47:05,721 - root - INFO - Should paint Qt Designer UI?: False
2026-05-01 15:47:05,736 - root - INFO - SUCCESS: ✅ Live monitoring QSS/SCSS files
2026-05-01 15:47:05,736 - root - INFO -    • defaultStyle.scss
2026-05-01 15:47:05,736 - root - INFO - QSS file monitor started
2026-05-01 15:47:05,739 - root - INFO - Theme changed detected in QCustomQRGenerator
2026-05-01 15:47:05,739 - root - INFO - Updated fill color from palette: #ffffff
2026-05-01 15:47:05,740 - root - INFO - Updated background color from palette: #1e1e1e
2026-05-01 15:47:05,740 - root - INFO - Updated gradient start color from palette: #0078d4
2026-05-01 15:47:05,741 - root - INFO - Updated gradient end color from palette: #d45c00
2026-05-01 15:47:05,741 - root - INFO - Generating new QR code with fill: #ffffff, background: #1e1e1e
2026-05-01 15:47:05,744 - root - INFO - Using basic styling with fill: #ffffff, background: #1e1e1e
2026-05-01 15:47:05,751 - root - INFO - QR code generated successfully
2026-05-01 15:47:05,754 - root - INFO - Using cached QR code
2026-05-01 15:47:05,770 - root - INFO - Applied App Theme (Dark: True) to chart
2026-05-01 15:47:05,774 - root - INFO - Applied App Theme (Dark: True) to chart
2026-05-01 15:47:05,782 - root - INFO - Applied App Theme (Dark: True) to chart
2026-05-01 15:47:05,783 - root - INFO - Applied App Theme (Dark: True) to chart
2026-05-01 15:47:05,790 - root - INFO - Applied App Theme (Dark: True) to chart
2026-05-01 15:47:05,792 - root - INFO - Applied App Theme (Dark: True) to chart
2026-05-01 15:47:05,797 - root - INFO - Applied App Theme (Dark: True) to chart
2026-05-01 15:47:05,798 - root - INFO - Applied App Theme (Dark: True) to chart
2026-05-01 15:47:06,069 - root - INFO - SUCCESS: ✅ Live monitoring QSS/SCSS files
2026-05-01 15:47:06,070 - root - INFO -    • defaultStyle.scss
2026-05-01 15:47:06,070 - root - INFO - QSS file monitor started
2026-05-01 15:47:06,073 - root - INFO - File listener disabled
2026-05-01 15:47:06,079 - root - INFO - File listener disabled
2026-05-01 15:47:27,437 - root - INFO - SUCCESS: ✅ Live monitoring QSS/SCSS files
2026-05-01 15:47:27,438 - root - INFO -    • defaultStyle.scss
2026-05-01 15:47:27,438 - root - INFO - QSS file monitor started
2026-05-01 15:47:27,456 - root - INFO - Theme changed detected in QCustomQRGenerator
2026-05-01 15:47:27,456 - root - INFO - Updated fill color from palette: #ffffff
2026-05-01 15:47:27,457 - root - INFO - Updated background color from palette: #1e1e1e
2026-05-01 15:47:27,457 - root - INFO - Updated gradient start color from palette: #0078d4
2026-05-01 15:47:27,458 - root - INFO - Updated gradient end color from palette: #d45c00
2026-05-01 15:47:27,458 - root - INFO - Generating new QR code with fill: #ffffff, background: #1e1e1e
2026-05-01 15:47:27,461 - root - INFO - Using basic styling with fill: #ffffff, background: #1e1e1e
2026-05-01 15:47:27,463 - root - INFO - QR code generated successfully
2026-05-01 15:47:27,464 - root - INFO - Using cached QR code
2026-05-01 15:47:30,926 - root - INFO - File listener disabled
2026-05-01 15:47:30,931 - root - INFO - SUCCESS: ✅ Live monitoring QSS/SCSS files
2026-05-01 15:47:30,931 - root - INFO -    • defaultStyle.scss
2026-05-01 15:47:30,932 - root - INFO - File listener disabled
2026-05-01 15:47:30,933 - root - INFO - Should live compile stylesheet?: False
2026-05-01 15:47:30,933 - root - INFO - Should paint Qt Designer UI?: False
2026-05-01 15:47:30,934 - root - INFO - Should live compile stylesheet?: False
2026-05-01 15:47:30,935 - root - INFO - Should paint Qt Designer UI?: True
2026-05-01 15:47:30,935 - root - INFO - No change for QMainWindow.customSideDrawers. Value is already src\ui_LeftSideDrawer.py,src\ui_TopSideDrawer.py,src\ui_BottomSideDrawer.py,src\ui_RightSideDrawer.py.
2026-05-01 15:47:30,938 - root - ERROR - Error updating designer label: libshiboken: Internal C++ object (PySide6.QtWidgets.QLabel) already deleted.
2026-05-01 15:47:30,978 - root - ERROR - Error updating designer label: libshiboken: Internal C++ object (PySide6.QtWidgets.QLabel) already deleted.
2026-05-01 15:47:30,993 - root - ERROR - Error updating designer label: libshiboken: Internal C++ object (PySide6.QtWidgets.QLabel) already deleted.
2026-05-01 15:47:31,044 - root - INFO - Theme changed detected in QCustomQRGenerator
2026-05-01 15:47:31,044 - root - INFO - Updated fill color from palette: #ffffff
2026-05-01 15:47:31,045 - root - INFO - Updated background color from palette: #1e1e1e
2026-05-01 15:47:31,045 - root - INFO - Updated gradient start color from palette: #0078d4
2026-05-01 15:47:31,046 - root - INFO - Updated gradient end color from palette: #d45c00
2026-05-01 15:47:31,046 - root - INFO - Generating new QR code with fill: #ffffff, background: #1e1e1e
2026-05-01 15:47:31,050 - root - INFO - Using basic styling with fill: #ffffff, background: #1e1e1e
2026-05-01 15:47:31,052 - root - INFO - QR code generated successfully
2026-05-01 15:47:31,053 - root - INFO - Using cached QR code
2026-05-01 15:47:31,165 - root - ERROR - Error updating designer label: libshiboken: Internal C++ object (PySide6.QtWidgets.QLabel) already deleted.
2026-05-01 15:47:31,513 - root - ERROR - Error updating designer label: libshiboken: Internal C++ object (PySide6.QtWidgets.QLabel) already deleted.
2026-05-01 16:30:55,245 - root - INFO - SUCCESS: ✅ Live monitoring QSS/SCSS files
2026-05-01 16:30:55,247 - root - INFO -    • defaultStyle.scss
2026-05-01 16:30:55,247 - root - INFO - QSS file monitor started
2026-05-01 16:30:55,255 - root - WARNING - Toggle button 'BtnTopSideDrawer' not found in parent hierarchy.
2026-05-01 16:30:55,352 - root - INFO - File listener disabled
2026-05-01 16:58:04,130 - root - INFO - SUCCESS: ✅ Live monitoring QSS/SCSS files
2026-05-01 16:58:04,131 - root - INFO -    • defaultStyle.scss
2026-05-01 16:58:04,132 - root - INFO - QSS file monitor started
2026-05-01 16:58:04,285 - root - INFO - File listener disabled
2026-05-12 16:17:34,850 - root - INFO - Registering Custom Widgets
2026-05-12 16:17:34,858 - root - INFO - Registering QCustomQMainWindow
2026-05-12 16:17:34,864 - root - INFO - Registering QAvatarWidget
2026-05-12 16:17:34,868 - root - INFO - Registering QBadgeWidget
2026-05-12 16:17:34,874 - root - INFO - Registering AnalogGaugeWidget
2026-05-12 16:17:34,880 - root - INFO - Registering QCustomThemeList
2026-05-12 16:17:34,885 - root - INFO - Registering QCustomThemeDarkLightToggle
2026-05-12 16:17:34,888 - root - INFO - Registering QCustomCheckBox
2026-05-12 16:17:34,891 - root - INFO - Registering QCustomSidebar
2026-05-12 16:17:34,895 - root - INFO - Registering QCustomHamburgerMenu
2026-05-12 16:17:34,901 - root - INFO - Registering QCustomHorizontalSeparator
2026-05-12 16:17:34,907 - root - INFO - Registering QCustomVerticalSeparator
2026-05-12 16:17:34,911 - root - INFO - Registering QCustomSidebarLabel
2026-05-12 16:17:34,913 - root - INFO - Registering QCustomSidebarButton
2026-05-12 16:17:34,921 - root - INFO - Registering QCustomRoundProgressBar
2026-05-12 16:17:34,929 - root - INFO - Registering QCustomComponent
2026-05-12 16:17:34,936 - root - INFO - Registering QCustomComponentContainer
2026-05-12 16:17:34,943 - root - INFO - Registering QCustomQStackedWidget
2026-05-12 16:17:34,966 - root - INFO - Registering QCustomQProgressBar
2026-05-12 16:17:35,038 - root - INFO - Registering QCustomQRGenerator
2026-05-12 16:17:35,201 - root - INFO - Registering QCustomLineChart
2026-05-12 16:17:35,242 - root - INFO - QCustomLineChart registered successfully
2026-05-12 16:17:35,245 - root - INFO - Registering QCustomBarChart
2026-05-12 16:17:35,249 - root - INFO - QCustomBarChart registered successfully
2026-05-12 16:17:35,252 - root - INFO - Registering QCustomAreaChart
2026-05-12 16:17:35,255 - root - INFO - QCustomAreaChart registered successfully
2026-05-12 16:17:35,257 - root - INFO - Registering QCustomPieChart
2026-05-12 16:17:35,260 - root - INFO - QCustomPieChart registered successfully
2026-05-12 16:17:35,262 - root - INFO - ✓ All chart widgets registered successfully!
2026-05-12 16:17:35,468 - root - DEBUG - Failed to load Product Sans font
2026-05-12 16:17:35,473 - root - DEBUG - Added SASS file to watcher: D:\Vishwa\Qt\25ThemeEngine\Qss\scss\defaultStyle.scss
2026-05-12 16:17:35,474 - root - INFO - SUCCESS: ✅ Live monitoring QSS/SCSS files
2026-05-12 16:17:35,475 - root - INFO -    • defaultStyle.scss
2026-05-12 16:17:35,478 - root - INFO - File listener disabled
2026-05-12 16:17:35,479 - root - INFO - Copied variable 'Hover-color' from theme 'QT-Light-theme' to theme 'Light'
2026-05-12 16:17:35,481 - root - INFO - Copied variable 'BORDER_4' from theme 'QT-Light-theme' to theme 'Light'
2026-05-12 16:17:35,482 - root - INFO - Copied variable 'HOVER_GLOW' from theme 'QT-Light-theme' to theme 'Light'
2026-05-12 16:17:35,484 - root - INFO - Copied variable 'BORDER_COLOR' from theme 'QT-Light-theme' to theme 'Light'
2026-05-12 16:17:35,486 - root - INFO - Copied variable 'Disabled-color' from theme 'QT-Light-theme' to theme 'Light'
2026-05-12 16:17:35,487 - root - INFO - Copied variable 'NAV_BG' from theme 'QT-Light-theme' to theme 'Light'
2026-05-12 16:17:35,489 - root - INFO - Copied variable 'CARD_BG' from theme 'QT-Light-theme' to theme 'Light'
2026-05-12 16:17:35,491 - root - INFO - Copied variable 'SPACING_SM' from theme 'QT-Light-theme' to theme 'Light'
2026-05-12 16:17:35,492 - root - INFO - Copied variable 'SPACING_MD' from theme 'QT-Light-theme' to theme 'Light'
2026-05-12 16:17:35,494 - root - INFO - Copied variable 'BORDER_SELECTION_4' from theme 'QT-Light-theme' to theme 'Light'
2026-05-12 16:17:35,495 - root - INFO - Copied variable 'CARD_RADIUS' from theme 'QT-Light-theme' to theme 'Light'
2026-05-12 16:17:35,496 - root - INFO - Copied variable 'FOOTER_BG' from theme 'QT-Light-theme' to theme 'Light'
2026-05-12 16:17:35,500 - root - INFO - Copied variable 'GRADIENT' from theme 'QT-Light-theme' to theme 'Light'
2026-05-12 16:17:35,501 - root - INFO - Copied variable 'SPACING_LG' from theme 'QT-Light-theme' to theme 'Light'
2026-05-12 16:17:35,502 - root - INFO - Copied variable 'Pressed-color' from theme 'QT-Light-theme' to theme 'Light'
2026-05-12 16:17:35,503 - root - INFO - Copied variable 'BORDER_SELECTION_5' from theme 'QT-Light-theme' to theme 'Light'
2026-05-12 16:17:35,504 - root - INFO - Copied variable 'Hover-color' from theme 'Light' to theme 'Dark'
2026-05-12 16:17:35,505 - root - INFO - Copied variable 'BORDER_4' from theme 'Light' to theme 'Dark'
2026-05-12 16:17:35,506 - root - INFO - Copied variable 'HOVER_GLOW' from theme 'Light' to theme 'Dark'
2026-05-12 16:17:35,507 - root - INFO - Copied variable 'BORDER_COLOR' from theme 'Light' to theme 'Dark'
2026-05-12 16:17:35,508 - root - INFO - Copied variable 'Disabled-color' from theme 'Light' to theme 'Dark'
2026-05-12 16:17:35,510 - root - INFO - Copied variable 'NAV_BG' from theme 'Light' to theme 'Dark'
2026-05-12 16:17:35,511 - root - INFO - Copied variable 'CARD_BG' from theme 'Light' to theme 'Dark'
2026-05-12 16:17:35,513 - root - INFO - Copied variable 'SPACING_SM' from theme 'Light' to theme 'Dark'
2026-05-12 16:17:35,515 - root - INFO - Copied variable 'SPACING_MD' from theme 'Light' to theme 'Dark'
2026-05-12 16:17:35,516 - root - INFO - Copied variable 'BORDER_SELECTION_4' from theme 'Light' to theme 'Dark'
2026-05-12 16:17:35,518 - root - INFO - Copied variable 'CARD_RADIUS' from theme 'Light' to theme 'Dark'
2026-05-12 16:17:35,519 - root - INFO - Copied variable 'FOOTER_BG' from theme 'Light' to theme 'Dark'
2026-05-12 16:17:35,520 - root - INFO - Copied variable 'GRADIENT' from theme 'Light' to theme 'Dark'
2026-05-12 16:17:35,522 - root - INFO - Copied variable 'SPACING_LG' from theme 'Light' to theme 'Dark'
2026-05-12 16:17:35,524 - root - INFO - Copied variable 'Pressed-color' from theme 'Light' to theme 'Dark'
2026-05-12 16:17:35,525 - root - INFO - Copied variable 'BORDER_SELECTION_5' from theme 'Light' to theme 'Dark'
2026-05-12 16:17:35,527 - root - INFO - Copied variable 'Hover-color' from theme 'Light' to theme 'QT-Dark-theme'
2026-05-12 16:17:35,528 - root - INFO - Copied variable 'BORDER_SELECTION_4' from theme 'Light' to theme 'QT-Dark-theme'
2026-05-12 16:17:35,529 - root - INFO - Copied variable 'BORDER_4' from theme 'Light' to theme 'QT-Dark-theme'
2026-05-12 16:17:35,530 - root - INFO - Copied variable 'Pressed-color' from theme 'Light' to theme 'QT-Dark-theme'
2026-05-12 16:17:35,531 - root - INFO - Copied variable 'Disabled-color' from theme 'Light' to theme 'QT-Dark-theme'
2026-05-12 16:17:35,532 - root - INFO - Copied variable 'BORDER_SELECTION_5' from theme 'Light' to theme 'QT-Dark-theme'
2026-05-12 16:17:35,535 - root - INFO - Should live compile stylesheet?: False
2026-05-12 16:17:35,536 - root - INFO - Should paint Qt Designer UI?: False
2026-05-12 16:17:35,594 - root - INFO - SUCCESS: ✅ Live monitoring QSS/SCSS files
2026-05-12 16:17:35,596 - root - INFO -    • defaultStyle.scss
2026-05-12 16:17:35,598 - root - INFO - QSS file monitor started
2026-05-12 16:17:35,608 - root - INFO - Theme changed detected in QCustomQRGenerator
2026-05-12 16:17:35,609 - root - INFO - Updated fill color from palette: #ffffff
2026-05-12 16:17:35,610 - root - INFO - Updated background color from palette: #1e1e1e
2026-05-12 16:17:35,612 - root - INFO - Updated gradient start color from palette: #0078d4
2026-05-12 16:17:35,613 - root - INFO - Updated gradient end color from palette: #d45c00
2026-05-12 16:17:35,616 - root - INFO - Generating new QR code with fill: #ffffff, background: #1e1e1e
2026-05-12 16:17:35,625 - root - INFO - Using basic styling with fill: #ffffff, background: #1e1e1e
2026-05-12 16:17:35,665 - root - INFO - QR code generated successfully
2026-05-12 16:17:35,674 - root - INFO - Using cached QR code
2026-05-12 16:17:35,702 - root - INFO - Applied App Theme (Dark: True) to chart
2026-05-12 16:17:35,708 - root - INFO - Applied App Theme (Dark: True) to chart
2026-05-12 16:17:35,732 - root - INFO - Applied App Theme (Dark: True) to chart
2026-05-12 16:17:35,736 - root - INFO - Applied App Theme (Dark: True) to chart
2026-05-12 16:17:35,756 - root - INFO - Applied App Theme (Dark: True) to chart
2026-05-12 16:17:35,760 - root - INFO - Applied App Theme (Dark: True) to chart
2026-05-12 16:17:35,777 - root - INFO - Applied App Theme (Dark: True) to chart
2026-05-12 16:17:35,780 - root - INFO - Applied App Theme (Dark: True) to chart
2026-05-12 16:17:40,959 - root - INFO - SUCCESS: ✅ Live monitoring QSS/SCSS files
2026-05-12 16:17:40,960 - root - INFO -    • defaultStyle.scss
2026-05-12 16:17:40,961 - root - INFO - QSS file monitor started
2026-05-12 16:17:40,989 - root - INFO - Theme changed detected in QCustomQRGenerator
2026-05-12 16:17:40,990 - root - INFO - Updated fill color from palette: #ffffff
2026-05-12 16:17:40,990 - root - INFO - Updated background color from palette: #1e1e1e
2026-05-12 16:17:40,991 - root - INFO - Updated gradient start color from palette: #0078d4
2026-05-12 16:17:40,991 - root - INFO - Updated gradient end color from palette: #d45c00
2026-05-12 16:17:40,991 - root - INFO - Generating new QR code with fill: #ffffff, background: #1e1e1e
2026-05-12 16:17:40,996 - root - INFO - Using basic styling with fill: #ffffff, background: #1e1e1e
2026-05-12 16:17:41,000 - root - INFO - QR code generated successfully
2026-05-12 16:17:41,001 - root - INFO - Using cached QR code
2026-05-12 16:17:45,334 - root - INFO - File listener disabled
2026-05-12 16:17:45,343 - root - INFO - SUCCESS: ✅ Live monitoring QSS/SCSS files
2026-05-12 16:17:45,345 - root - INFO -    • defaultStyle.scss
2026-05-12 16:17:45,346 - root - INFO - File listener disabled
2026-05-12 16:17:45,347 - root - INFO - Should live compile stylesheet?: False
2026-05-12 16:17:45,348 - root - INFO - Should paint Qt Designer UI?: False
2026-05-12 16:17:45,349 - root - INFO - Should live compile stylesheet?: False
2026-05-12 16:17:45,350 - root - INFO - Should paint Qt Designer UI?: True
2026-05-12 16:17:45,351 - root - INFO - No change for QMainWindow.customSideDrawers. Value is already src\ui_LeftSideDrawer.py,src\ui_TopSideDrawer.py,src\ui_BottomSideDrawer.py,src\ui_RightSideDrawer.py.
2026-05-12 16:17:45,355 - root - ERROR - Error updating designer label: libshiboken: Internal C++ object (PySide6.QtWidgets.QLabel) already deleted.
2026-05-12 16:17:45,426 - root - ERROR - Error updating designer label: libshiboken: Internal C++ object (PySide6.QtWidgets.QLabel) already deleted.
2026-05-12 16:17:45,449 - root - ERROR - Error updating designer label: libshiboken: Internal C++ object (PySide6.QtWidgets.QLabel) already deleted.
2026-05-12 16:17:45,520 - root - INFO - Theme changed detected in QCustomQRGenerator
2026-05-12 16:17:45,521 - root - INFO - Updated fill color from palette: #ffffff
2026-05-12 16:17:45,522 - root - INFO - Updated background color from palette: #1e1e1e
2026-05-12 16:17:45,522 - root - INFO - Updated gradient start color from palette: #0078d4
2026-05-12 16:17:45,523 - root - INFO - Updated gradient end color from palette: #d45c00
2026-05-12 16:17:45,523 - root - INFO - Generating new QR code with fill: #ffffff, background: #1e1e1e
2026-05-12 16:17:45,530 - root - INFO - Using basic styling with fill: #ffffff, background: #1e1e1e
2026-05-12 16:17:45,533 - root - INFO - QR code generated successfully
2026-05-12 16:17:45,534 - root - INFO - Using cached QR code
2026-05-12 16:17:45,670 - root - ERROR - Error updating designer label: libshiboken: Internal C++ object (PySide6.QtWidgets.QLabel) already deleted.
2026-05-12 16:17:46,686 - root - ERROR - Error updating designer label: libshiboken: Internal C++ object (PySide6.QtWidgets.QLabel) already deleted.
2026-05-12 16:17:48,083 - root - INFO - SUCCESS: ✅ Live monitoring QSS/SCSS files
2026-05-12 16:17:48,086 - root - INFO -    • defaultStyle.scss
2026-05-12 16:17:48,088 - root - INFO - QSS file monitor started
2026-05-12 16:17:48,766 - root - INFO - File listener disabled
2026-05-12 16:17:49,022 - root - INFO - SUCCESS: ✅ Live monitoring QSS/SCSS files
2026-05-12 16:17:49,024 - root - INFO -    • defaultStyle.scss
2026-05-12 16:17:49,026 - root - INFO - QSS file monitor started
2026-05-12 16:17:49,066 - root - WARNING - Toggle button 'BtnTopSideDrawer' not found in parent hierarchy.
2026-05-12 16:17:49,409 - root - INFO - File listener disabled
